Sender,Ticket Link,Ticket Info,Desired Outcome,Action Required,TCK 전달예정,Confirmer,Confirmer Reply
김지우 Kevin 글로벌CX전략팀,https://spigenhelp.zendesk.com/agent/tickets/1000148886,"링크: https://spigenhelp.zendesk.com/agent/tickets/1000148886
국가 / 제품: UK / iPhone 16 Pro Ultra Hybrid T MagFit
ASIN=B0D79ZYR7G / SKU=ACS08513
구매일자: 2024-10-08","1차: 버튼 파손(정상 사용 주장, 사진 제출) → 사용 중 발생 손상으로 도움불가 안내
2차: 정상 사용 중 고장 강조 및 내구성 문제 제기 → 동일 기준으로 도움불가 재안내
3차(현재): goodwill 차원 교환 요청 및 매니저 검토 요청","구매 약 1년 7개월 경과
(최근 2년) 총 주문 3개 / FBA 환불 0건 / 셀러 환불 0건 / 셀러 코드 발급 0건
사진 첨부 있으나 버튼 파손 원인 단정 어려움 (외부 영향 가능성 존재)
GCX 기준상 장기간 사용 후 발생한 기능 파손은 워런티 대상 아님
유사 전례: 장기간 사용 후 기능부 파손 → 도움불가 케이스 다수 존재
충성 고객 여부: 총 주문 3건 / 환불 0건 → 충성고객 해당
※ 위 근거로 “제조상 결함 확인 불가, 사용 중 영향으로 판단되어 도움 불가 유지” 예정","고객 상황에 대한 유감 표현
사용환경 및 외부 영향에 의한 파손으로 사료되며 제조상 결함은 확인되지 않은 점 재안내
구매 후 1년 7개월이 경과된 것으로 확인
도움 불가 3차(재인입시 NRN)",나아름 Jane 글로벌CX전략팀,"Mon 9:44 AM
@
김지우 Kevin 글로벌CX전략팀
 프로님,
충성 고객 + iPh. 16 기종 과재고 고려하여 다음과 같이 작성하였습니다.
1. 고객 사용기간 확인하였음
2. 사용기간동안 발생된 일반적인 마모는 제조상의 결함이 아님
3. 워런티 제공대상 아니나 이번에만 예외적 도움드리는 점 참고
4. 대체품 제공 안내 + 동의 시, 개인정보 회신 바람
Mon 9:44 AM"
김지우 Kevin 글로벌CX전략팀,https://spigenhelp.zendesk.com/agent/tickets/1000148570,"링크: https://spigenhelp.zendesk.com/agent/tickets/1000148570
국가 / 제품: DE / Galaxy S26 Ultra Nano Pop MagFit
ASIN=B0FVBFF7BJ / SKU=ACS11039
구매일자: 2026-03-10","1차: 버튼 탈락(영상 제출, 정상 사용 주장) → 교품 제공(MCF)
2차: 교품 수령 후 타 제품(Blueberry Navy) 품질 불만(핏 불량, 버튼 눌림감 불량, 사용감 의심) → 사진 및 바코드 요청
3차(현재): 사진/영상으로 입증 어렵다며 반품 후 환불 요구 → 지속적으로 제품 품질 문제 주장","구매 약 2개월 경과
(최근 2년) 총 주문 9개 / FBA 환불 4건 / 셀러 환불 0건 / 셀러 코드 발급 0건
구매한 두 제품 중 하나는 이미 버튼탈락이 영상으로 확인되어 MCF 1회 진행됨
2차 클레임은 다른 색상 제품(Navy) 품질 문제로 주장되나, 명확한 하자 입증 부족
Nano Pop 버튼 구조상 탈착 가능한 설계 → 제조상 결함 단정 어려움
신제품 초기 클레임 및 고객 구매 이력 고려 추가 1회 지원 타당
충성 고객 여부: 총 주문 9건 / 환불 4건 → 충성고객 아님
※ 위 근거로 “제조상 결함 확인 불가하나, 신제품 이슈 및 고객 불편 고려 추가 MCF 1회 제공” 예정","고객 불편에 대해 유감
해당 제품의 버튼부는 장/탈착 가능한 제품이며 제조상 결함이 아닌 것으로 확인됨
고객 불편을 고려 대체품 제공(MCF진행)",임영신 June 글로벌CX전략팀,"May 27, 4:43 PM
네, 확인 감사합니다.
May 27, 4:43 PM"
김지우 Kevin 글로벌CX전략팀,https://spigenhelp.zendesk.com/agent/tickets/1000148795,"링크: https://spigenhelp.zendesk.com/agent/tickets/1000148795
국가 / 제품: DE / iPhone 17 Pro Max Nano Pop MagFit
ASIN=B0FD1J8X1R / SKU=ACS09915
구매일자: 2026-04-20","1차: 짧은 사용 기간 내 마모 및 가장자리 소재 약화 주장 → 사진 요청 및 사용환경 확인 요청
2차(현재): 사진 첨부 후 환불 재요청 → 제조상 결함 여부 불명확, 고객 불편 고려 대응 검토","구매 약 1개월 경과
(최근 2년) 총 주문 7개 / FBA 환불 4건 / 셀러 환불 1건 / 셀러 코드 발급 0건
사진상 코팅 벗겨짐 및 마모 확인되나, 사용환경/외부요인 영향 가능성 존재 (명확한 제조 결함 단정 어려움)
GCX 기준상 단기간 외관 손상은 사용환경 영향 가능성 우선 검토 → 원칙상 제한적 대응 대상
과거 폐기사진 AI 편집 의심 이력 존재 → 관리 필요 고객
※ 위 근거로 “제조상 결함 확인 불가, 고객 불편 고려 1회 예외적 환불 또는 MCF 제공” 예정","고객 상황에 대한 유감 표현
사진 확인 결과, 사용환경 및 외부 영향에 의한 파손으로 사료되며 제조상 결함은 확인되지 않음
고객 불편 고려 예외적 대체품 제공 예정 (MCF 진행)",임영신 June 글로벌CX전략팀,"May 26, 2:47 PM
확인 감사해요~!
May 26, 2:47 PM"
임영신 June 글로벌CX전략팀,https://spigenhelp.zendesk.com/agent/tickets/1000148842,"https://spigenhelp.zendesk.com/agent/tickets/1000148842
국가 / 제품: IN / Galaxy S24 FE용 Parallax
ASIN: B0D7NMKV4N
구매일자: 2025-10-18","1차: 10월에 구매한 케이스가 느슨해져 휴대폰에 밀착되지 않음. 품질에 실망하여 도움 요청 (구매 7개월 경과) 
동일 티켓: #1000126697 (2025.11.08일 문의 / 405-8340376-0196352)
Galaxy S24 FE용 케이스를 10/18일에 아마존에서 구매했는데 느슨해져 제대로 맞지 않음. 반품 기한이 종료되어 소비자 법원에 이에 대한 소송을 제기하겠음 (상단 늘어난 영상 첨부)
-> 아마존 CS 교환/환불 2차례 안내 + 도움 불가 + 재인입 후 NRN 처리한 건","(최근 2년) 총 주문 제품 3개 / FBA 환불 제품 2개 / 셀러 환불 0건 (아마존 환불 이력 높은 고객)
상이한 고객 이름/이메일 문의)
이전 티켓: Sree Devi / sreedevishibinjohn@gmail.com
본 티켓: Shibin John / shibinsreejohn@gmail.com","고객 불편 유감
사용 과정에서의 제품 손상은 워런티 대상 아님+도움 불가 1차 안내",,
임영신 June 글로벌CX전략팀,https://spigenhelp.zendesk.com/agent/tickets/1000148221,"https://spigenhelp.zendesk.com/agent/tickets/1000148221
국가 / 제품: IN /  iPhone 16 Pro Max용 Optik Armor MagFit 케이스
ASIN: B0D21MYF4D
구매일자: 2025-05-05","1차: 25년 05월 05일에 구매한 제품의 품질 실망. 카메라 커버 잠금 부분이 매우 헐거워 가장자리에서 제대로 고정되지 않음. 사용이 불편하며 전체적인 사용 경험에 영향을 주고 있음. 지원 정책을 확인한 결과 해당 제품은 보증 대상임을 확인하였으며, 이에 따라 불량 제품에 대한 교환 보증 클레임을 요청함.
->  사용 중 생긴 결함 1차 안내 (환불 X)
2차: 케이스의 카메라 커버 문제는 사고로 인한 손상 또는 부주의한 취급에 의해 발생한 것이 아님. 일상에서 사용하던 중 커버가 느슨해졌고 더 이상 고정되지 않아 사용하기 불편함. 카메라 커버 매커니즘의 기능 및 내구성 문제로 제조상 결함 주장.
-> 사용 중 생긴 결함 2차 안내 (환불 X)
3차:  낙하 충격 없이 정상적으로 사용했음에도 헐거워져 고정되지 않음. Optik Amor의 핵심 기능인 만큼 정상 사용 중 발생한 기능 저하에 실망함. 제조 결함으로 인정되지 않더라도 고객 만족 또는 선의 차원의 예외적 교체를 위해 관련 부서 재검토를 요청함
이전 환불 티켓) 
#1000109694 iPhone 16 Pro Max용 Optik Pro 카메라 글라스 부착 후 이미지 품질이 하락하고 뚜렷하지 않음. EZ Fit Privacy 글라스 부착 후 색상 정확도가 떨어지며, 특히 화면에 노란빛이 돌며 왜곡이 생김.
-> 예외적으로 두 제품 100% 환불","(최근 2년) 총 주문 제품 6개 / FBA 환불 제품 0개 / 셀러 환불 2건 / MCF 발송 0건
구매 후 1년 20일 경과
동일 주문 건 이전 #1000110439 에서 기기손상으로 문의 인입되었으나 도움 불가 처리됨","고객 불편 유감
사용 과정에서의 제품 손상은 워런티 대상 아님+도움 불가 3차 안내
Mon 10:25 AM",,
임영신 June 글로벌CX전략팀,https://spigenhelp.zendesk.com/agent/tickets/1000148951,"https://spigenhelp.zendesk.com/agent/tickets/1000148951
국가 / 제품: IN /  Galaxy S24 Ultra용 UH OneTap Metal Ring MagFit
ASIN: B0CM5F2J95
구매일자: 2025-07-10","1차: 측면이 벌어지고 접착 부위가 떨어짐. 고가 제품이나 1년도 사용하지 못함 (사진) 
2차: (독촉) 
이전 환불 티켓:
#1000117094 iPhone 16 Pro용 Ultra Hybrid T MagFit 측면 분리 -> 폐기 사진 확인 후 환불 100% 
#1000074054 Nothing Phone (2)용 UH 케이스의 측면 분리 및 코팅 벗겨짐 -> 100% 환불 (2년 경과)","(최근 2년) 총 주문 제품 17개 / FBA 환불 제품 7개 / 셀러 환불 1건
상이한 이름 및 이메일 2개 사용
emailvineet9090@gmail.com / Vineet Bhardwaj Narachi
vivekbhatt458@gmail.com / Vivek Bhatt","고객 불편 유감
사용 과정에서의 제품 손상은 워런티 대상 아님+ 도움 불가  1차 안내",김지우 Kevin 글로벌CX전략팀,"May 26, 5:06 PM
확인 감사합니다 리더님. 해당 티켓 환불 100%로 전달하겠습니다!
May 26, 5:06 PM"
임영신 June 글로벌CX전략팀,https://spigenhelp.zendesk.com/agent/tickets/1000148940,"https://spigenhelp.zendesk.com/agent/tickets/1000148940
국가 / 제품: SE / Apple Watch Ultra 2 49mm용 Rugged Band 스트랩
ASIN:B092Z6M3KD
구매일자: 2024-12-21","1차: 아마존을 통해 교체 받은 제품이 1년 만에 또 파손됨. 아마존에서는 물과 접촉되면 안 된다고 나와있어서 샤워할 때 스트랩을 항상 탈착했음. 그러나 매일 장/탈착하는 것을 견디지 못하는 것 같음. 더 이상 이 스트랩을 신뢰하지 않아 메탈 스트랩을 사용할 것이니 환불 요청. (사진 첨부)
-> 사용 중 생긴 결함 1차 안내 (환불 X)
2차: 매우 실망스러우며, 이러한 답변은 납득하기 어려움. 손목 Band는 수년 동안 매일 착용하고 벗는 사용 환경을 충분히 견딜 수 있어야 한다고 생각함. 예를 들어 Casio 시계 밴드만 봐도 수년간 문제 없이 사용할 수 있음. 첫 번째 Band가 파손된 이후에 두 번째는 더욱 조심해서 사용했음. Amazon 측에서도 해당 제품은 당연히 더 오래 사용 가능해야 한다고 안내했음. 또한 슈피겐의 고무 재질 손목 Band에서 동일한 문제가 발생했다는 사례를 많이 확인했음. 이 문제는 분명 품질상의 문제이며, 슈피겐도 이를 알고 있다고 생각함.
만약 환불이 불가능하다면 앞으로는 슈피겐 제품을 다시는 구매하지 않을 것임. 또한 친구와 가족들에게도 이번 고객 서비스 경험을 알릴 예정임. 최소한 새 손목 Band라도 제공해 주기를 바라며, 가능하다면 쉽게 파손되지 않는 금속 Band로 보내주기를 희망함.
-> 사용 중 생긴 결함 2차 안내 (환불 X)
3차: 그렇다면 슈피겐은 매일 착용하고 벗는 사용 환경에서 1년 이상 견디지 못하는 손목 Band를 판매하고 있다는 의미인지 궁금함. 슈피겐의 고무 손목 Band가 약 1년 정도 지나면 파손된다는 것은 사실이라고 생각함.
이전 메일에서도 언급했듯이, 현재 사용 중인 제품은 동일 모델의 두 번째로 사용한 제품이며 이번에는 더욱 조심해서 사용했음. 그럼에도 불구하고 약 1년 만에 다시 파손되었음.
슈피겐이 고객 불만을 진지하게 받아들이지 않는 것처럼 느껴짐. 이러한 이유로 환불이 이루어지지 않는다면 앞으로 슈피겐 제품 구매를 중단할 예정임. 또한 본인이 거주하는 스웨덴에서는 법적으로 2년의 보증 및 하자 청구 권리가 보장되어 있다고 함.
참고로 아래 Reddit 게시글도 확인해 주시기 바람. (파손 관련 Negative Review)
https://www.reddit.com/r/GalaxyWatch/s/bDrzE3WCaP","(최근 2년) 총 주문 제품 1개 / FBA 환불 제품 0개 / 셀러 환불 0건 / MCF 발송 0건
-구매 1년 5개월 경과","고객 불편 유감
고객 의견 유관 부서 전달+사용 과정에서의 제품 손상은 워런티 대상 아님+  이전에 안내한 바와 같이 제품 상태는 다양한 요인으로 인해 상이할 수 있음 +도움 불가 3차 안내
Mon 10:49 AM",,
임영신 June 글로벌CX전략팀,https://spigenhelp.zendesk.com/agent/tickets/1000148904,"https://spigenhelp.zendesk.com/agent/tickets/1000148904
국가 / 제품: JP/ UH MagFit 케이스
https://item.rakuten.co.jp/spigen-officialstore/acs0018/?s-id=review_pc_il_item_03_text
구매일자: 2026/03/04","상품 설명에 황변이 잘 되지 않는다고 되어 있어 구매했는데, 황변이 발생함. 약 3개월만에 황변이 발생하는 것이 일반적인 현상인지 문의 (사진 첨부)","확인 불가
[전달 예정]
투명 케이스의 오염 빛 변색 정도는 사용 환경 조건, 방식에 따라 달라질 수 있음 + 도움 불가
Mon 11:06 AM",,,
김지우 Kevin 글로벌CX전략팀,https://spigenhelp.zendesk.com/agent/tickets/1000148773,"링크: https://spigenhelp.zendesk.com/agent/tickets/1000148773
국가 / 제품: DE / iPhone 17 Pro Max Ultra Hybrid T MagFit
ASIN=B0FD22YW2J / SKU=ACS10046
구매일자: 2025-12-17","1차: 황변 발생 주장 (사진 제출) → 폐기사진 요청 후 환불 안내
2차(현재): 제품 폐기하여 폐기사진 제출 불가, 장기 고객임을 강조하며 환불 또는 교체 요청","구매 약 5개월 경과
(최근 2년) 총 주문 1개 / FBA 환불 0건 / 셀러 환불 0건 / 셀러 코드 발급 0건
첨부 사진상 황변 상태는 명확하게 확인됨
폐기사진 미제공으로 환불 조건은 충족되지 않으나, 실사용 기반 황변 클레임 신뢰도 높음
동일 SKU MCF 재고 245개 보유 → 재고 소진 목적 MCF 대응 적합
충성 고객은 아니나 기업용 구매 언급 및 장기 사용자 어필 고려 시 경험 케어 필요
※ 위 근거로 “MCF 대체품 발송” 예정","고객 상황에 대한 유감 표현
황변의 경우, 형광등, 자외선 노출, 충전기 발열, 화장품 등 다양한 유저의 사용환경 및 외부요인에 의해 발생될 수 있음
고객 불편을 고려하여 대체품 발송 예정 (MCF진행)",임영신 June 글로벌CX전략팀,"May 27, 10:25 AM
@
양숙랑 Grace 글로벌CX전략팀
 리더님, 이 티켓 재인입되었습니다. MCF 로 제공받은 제품도 동일한 하자가 있다는 것에 강하게 불만 표시하며, 아래와 같은 요청을 보냈습니다. 
1회성 무상 교체 문구는 본인이 요구한 부분이 아님. 해당 제품이 문제가 있으므로 보증 정책에 따라 교체되어야 함. 다른 사람들에게 알리겠으며 접수한 불만 사항에 대한 참조 번호를 확인해서 제공해주길 바람. 또한 공식적으로 정보 열람 청구 (Subject Access Request)) 를 요청함. 해당 절차가 완료된 이후에는 잊힐 권리 (Right to be Forgotten) 요청도 진행하고자 함. 컴플라이언스 팀에 전달하여 절차 시작해 주길 바람.
이에 따라, 아래와 같이 예상 답변 작성하였습니다. 의견 부탁드립니다.  
고객 불편 유감
대체품 제공은 예외적인 1회성 도움이나 고객 불편 고려하여 환불 도움 드림 
아마존 셀러로써 당사는 아마존 구매에 따른 오더 내역을 열람함 + 일반 데이터 보호 규정(GDPR)과 같은 관련 데이터 보호법에 따라 문의에 답변하기 위한 목적으로만 개인정보 수집 및 이용 안내
May 27, 10:25 AM"
김지우 Kevin 글로벌CX전략팀,https://spigenhelp.zendesk.com/agent/tickets/1000148756,"링크: https://spigenhelp.zendesk.com/agent/tickets/1000148756
국가 / 제품: UK / Galaxy S26 Tough Armor MagFit
ASIN=B0FWGJBGQS / SKU=ACS11168
구매일자: 2026-05-23","1차: MagSafe 차량용 마운트 사용 직후 케이스 후면 손상 발생 → 주문내역/사진/사용환경 요청
2차(현재): MagSafe 차량용 마운트(타사 제품) 사용 시 도색 내구성 문제 또는 마운트 영향 여부 문의 → 원인 검토 및 보상 요청","구매 약 10일 경과
(최근 2년) 총 주문 3개 / FBA 환불 0건 / 셀러 환불 0건 / 셀러 코드 발급 0건
MagSafe 마운트 사용 시 자력 및 접촉 마찰로 인한 링 자국 발생 케이스로 판단 (사진 확인됨)
내부 기준상 외부 액세서리 사용 및 마찰에 따른 자국은 워런티 대상 아님 (제조상 결함 단정 불가)
타고객 유사 전례 다수 존재 (#1000140387, #1000075721, #1000028814 등) – 환불/MCF 혼재
충성 고객 조건 충족 (총 주문 3건, 환불 이력 없음)
※ 위 근거로 “제조상 결함 확인 불가, 고객 불편 고려 MCF 대체품 제공” 예정","제품 사용 중 불편을 겪으신 점 유감
사진 확인 결과 제조상 결함은 확인되지 않았음
고객 불편을 고려하여 대체품 제공 예정(MCF)",임영신 June 글로벌CX전략팀,"May 26, 5:16 PM
확인 감사합니다.
May 26, 5:16 PM"
김지우 Kevin 글로벌CX전략팀,https://spigenhelp.zendesk.com/agent/tickets/1000149136,"링크: https://spigenhelp.zendesk.com/agent/tickets/1000149136
국가 / 제품: UK / Google Pixel 10a SP_Glas.tR
 EZ Fit Pro
ASIN=B0GBZFFVRG / SKU=AGL11364
구매일자: 2026-05-31","1차: 부착 중 Pull Tab 파손으로 필름 손상 주장(사진 첨부) → 바코드 사진 요청
2차(현재): 바코드 포함 사진 제출 완료 → 제품 자체 문제 및 설치 과정 이슈 주장 지속","구매 2일 경과
(최근 2년) 총 주문 3개 / FBA 환불 0건 / 셀러 환불 0건 / 셀러 코드 발급 0건
초기 부착 과정에서 Pull tab 파손 → 설치 방식/속도 관련 이슈 가능성 존재
Pixel 10a EZ Fit Pro 제품 상세페이지에 가이드 필름 관련 주의사항 미기재 확인
동일 제품 유사 인입 2건 존재 (초기 불량 단정 어려우나 반복 발생 확인 필요)
충성 고객 여부: 충족 (총 주문 3건 & 환불 이력 없음)
설치 관련(가이드필름 벗겨짐은 아님) 배드리뷰 2건 + 가이드필름뜯김 클레임 2건 존재
※ 위 근거로 “제조상 결함 확인 불가, 고객 불편 고려 MCF대응” 예정","제품 사용 중 불편을 겪으신 점 유감
사진 확인 결과 제조상 결함은 확인되지 않았음
고객 불편을 고려하여 대체품 제공 예정(MCF)",양숙랑 Grace 글로벌CX전략팀,"May 27, 2:37 PM
프로님. 제안대로 도움불가 안내 부탁 드려요.
(사용 환경과 기후등의 외부영향이 큰 나라 같아요.)
May 27, 2:37 PM"
김지우 Kevin 글로벌CX전략팀,https://spigenhelp.zendesk.com/agent/tickets/1000149087,"링크: https://spigenhelp.zendesk.com/agent/tickets/1000149087  
국가 / 제품: UK / Galaxy Z Fold 7 Slim Armor Pro MagFit  
ASIN=B0F1BGJNHX / SKU=ACS09551  
구매일자: 2025-11-12","1차: 힌지 상단 파손 주장(사진 제출) → 사진 요청 및 검토  
2차: 제조 결함 주장 및 재검토 요청 → 50% 환불 제안  
3차: 50% 환불 거절 및 교체/전액 환불 요구 → 예외적 MCF 교환 제공  
4차(현재): 교환품 수령 후 약 2주 내 동일 부위(하단 힌지) 재파손 주장 + 강한 불만 및 리뷰 언급 → 추가 보상 요구","+ 구매 약 6~7개월 경과 (MCF 전 구매 제품)
+ (최근 2년) 총 주문 2개 / FBA 환불 0건 / 셀러 환불 0건 / 셀러 코드 발급 0건 / MCF 1건  
1. 동일 부위 반복 파손 주장이나, 사용 중 외부 영향 가능성 존재 (사진 有)  
2. 기존 티켓에서 예외적 MCF 1회 제공된 이력 있음 → 추가 보상은 원칙상 제한 필요하나, 고객 불만 강도 및 리뷰 리스크 고려 
3. 교환품 수령 후 단기간 내 재발생으로 고객 체감 불편 높음  
※ 위 근거로 “제조상 결함 확인 불가, 고객 불편 고려 1회 추가 MCF 제공” 예정","1. 고객 상황에 대해 유감스럽게 생각
2. 사진 확인 결과 제조상 결함은 확인되지 않았음
3. 고객 불편을 고려하여 대체품을 다시 한 번 제공드리자함(사진 확인 후 MCF 진행)",임영신 June 글로벌CX전략팀,"May 27, 4:42 PM
확인 감사합니다.
May 27, 4:42 PM"
김지우 Kevin 글로벌CX전략팀,https://spigenhelp.zendesk.com/agent/tickets/1000148621,"링크: https://spigenhelp.zendesk.com/agent/tickets/1000148621
국가 / 제품: ES / Other (ODM) Selfie Stick
ASIN=B0C8VNS486 / SKU=AMP06402
구매일자: 2026-04-27","1차: 자석이 너무 강해 탈착 시 모듈이 분리될 것 같다는 우려 → 제품 상태 및 바코드 사진 요청
2차(현재): 링이 거치대에서 약간 헐거워진 상태 (사진 첨부) → 장기 사용 시 분리 우려로 조치 요청","구매 약 1개월 경과
(최근 2년) 총 주문 2개 / FBA 환불 0건 / 셀러 환불 0건 / 셀러 코드 발급 0건
사진상 링이 다소 유격 있는 상태이나 완전 분리/파손은 아님 → 명확한 하자 단정 어려움
GCX 기준상 기능 사용 가능 + 외부 영향 가능성 존재 시 보상 필수 아님 → 단, 초기 사용 기간 및 구조 불안 요소 고려 시 CS 대응 필요
타고객 유사 전례: 구조부 유격/결합부 이슈 건에서 고객 불편 고려 환불/교체 대응 사례 다수
충성 고객 아님 (주문 2건)
※ 위 근거로 “제조상 결함 확인 불가, 고객 불편 고려 MCF 진행” 예정","제품 사용 중 불편을 겪으신 점 유감
사진 확인 결과 제조상 결함은 확인되지 않았음
고객 불편을 고려하여 대체품 제공 도움 예정(MCF)
Tue 3:42 PM",,
김지우 Kevin 글로벌CX전략팀,https://spigenhelp.zendesk.com/agent/tickets/1000149117,"링크: https://spigenhelp.zendesk.com/agent/tickets/1000149117
국가 / 제품: DE / Galaxy Tab S10 FE Rugged Armor Pro
ASIN=B0DYQCQVXB / SKU=ACS09380
구매일자: 2026-05-14","1차: 케이스 + 글라스 동시 사용 시 모서리에서 글라스 들뜸 발생 → 사진 및 정보 요청
2차(현재): 케이스 장착 시 전면 카메라 기준 좌우 모서리 글라스 들뜸 (사진/기기정보/바코드 제출) → 호환 문제 해결 또는 조치 요청","구매 약 2~3주 경과
(최근 2년) 총 주문 2개 / FBA 환불 0건 / 셀러 환불 0건 / 셀러 코드 발급 0건
사진상 케이스 장착 시 글라스 들뜸 현상 확인 가능 → (자사)제품 간 간섭으로 판단
타고객 유사 전례 다수 존재 (#1000098777, #1000082112, #1000128303) → 동일 케이스/글라스 간섭 이슈 시 글라스 환불 처리
충성 고객 아님 (주문 2건)
※ 위 근거로 “제조상 결함 확인 불가, 고객 불편 고려 글라스 환불” 예정","제품 사용 중 불편을 겪으신 점 유감
고객 의견은 유관 부서에 전달 완료
고객 불편을 고려하여 환불 도움 예정(글라스만 환불)",임영신 June 글로벌CX전략팀,"May 27, 4:59 PM
확인 감사합니다~!
May 27, 4:59 PM"
김지우 Kevin 글로벌CX전략팀,https://spigenhelp.zendesk.com/agent/tickets/1000149322,"링크: https://spigenhelp.zendesk.com/agent/tickets/1000149322
국가 / 제품: FR / Galaxy S24 Ultra Ultra Hybrid
ASIN=B0CM4RFNV9 / SKU=ACS07294
구매일자: 2024-09-19","1차: 범퍼 분리(사진 제출) → 사용 중 마모 가능성 안내 및 도움불가
2차(현재): EU 소비자법 근거로 제조결함 주장 및 환불/교환 요구 + 법적 조치 언급 → 재검토 요청","구매 1년 8개월 경과
(최근 2년) 총 주문 2개 / FBA 환불 1건 / 셀러 환불 0건 / 셀러 코드 발급 0건
사진상 범퍼-백플레이트 분리 확인되나, 장기간 사용에 따른 접착부 이탈 가능성 존재 (명확한 초기불량 단정 어려움)
내부 기준상 1년 이상 경과 + 사용 중 발생 손상으로 판단 시 보상 제외 케이스 해당
타고객 유사 전례: TPU/접착 분리 건 장기 사용 후 도움불가 처리 사례 존재 (#1000110842)
충성 고객 아님 (총 주문 2건)
법적 조치 및 ODR/기관 신고 언급(2년 워런티 주장) → 강성 클레임
※ 위 근거로 “제조상 결함 확인 불가, 사용 중 외부 영향 가능성 → 도움불가 2차 유지” 예정","고객 상황에 대한 유감 표현
사진 확인 결과 해당 현상은 외부 환경 및 사용 패턴에 따라 발생할 수 있음
제조상 결함은 확인되지 않았음
도움 불가한 점 양해 부탁(도움불가 2차)",김지우 Kevin 글로벌CX전략팀,"May 27, 6:02 PM
네 알겠습니다 리더님. 내일 도움불가 2차로 메모 남기도록 하겠습니다. 확인 감사합니다!
May 27, 6:02 PM"
김지우 Kevin 글로벌CX전략팀,https://spigenhelp.zendesk.com/agent/tickets/1000149301,"링크: https://spigenhelp.zendesk.com/agent/tickets/1000149301
국가 / 제품: UK / iPhone 17 Pro Max SP Glas.tR
 EZ Fit Privacy
ASIN=B0D84JFDCS / SKU=AGL07908
구매일자: 2026-05-22",1차(현재): 글라스 2주 내 파손 주장(사진 제출) → 환불 또는 조치 요청,"구매 약 2주 미만 경과
(최근 2년) 총 주문 15개 / FBA 환불 0건 / 셀러 환불 3건 / 셀러 코드 발급 0건
사진상 크랙 형태가 외부 충격(압력/낙하 등)에 의한 파손 패턴으로 판단됨 (자연 균열 형태 아님)
고객 주장(무충격 파손)과 상충 → 제품 기인 결함으로 보기 어려움
동일 사유(글라스 깨짐)로 다수 환불 이력 존재 (#1000135546, #1000088235 등)
상이 이메일 3개 사용 + 과거 관리 대상 이력 확인 → 어뷰징 패턴 의심
내부 기준상 반복 클레임 및 외부 요인 파손 → 보상 제외
※ 위 근거로 “제조상 결함 확인 불가, 외부 충격에 의한 파손 + 반복 환불 이력 → 도움불가” 예정","제품 사용 중 불편을 겪으신 점 유감
확인 결과 사용 중 마찰 등에 의한 외부 요인으로 판단되어 워런티 대상이 아님
도움 불가한 점 양해 부탁",양숙랑 Grace 글로벌CX전략팀,"May 28, 10:49 AM
프로님. 제안대로 안내 부탁 드립니다.
May 28, 10:49 AM"
임영신 June 글로벌CX전략팀,https://spigenhelp.zendesk.com/agent/tickets/1000149112,"https://spigenhelp.zendesk.com/agent/tickets/1000149112
국가 / 제품: IN / iPhone 14 Plus용 Silicone Fit MagFit 
ASIN: B0B1P373BY
구매일자: 2025-02-03","1차 :iPhone 14 Plus용 Silicone Fit MagFit를 새로 구매했는데 이전 제품과 동일한 문제가 다시 발생했음. 케이스가 다시 변형되었으며, 특히 볼륨 버튼과 전원 버튼 주변이 부풀어 오르는 증상이 나타남. 정상적으로 사용하던 중 동일한 문제가 두 번째로 발생
-> 제품 사진 + 파손 경위 문의
2차: (사진 첨부) 앞서 말씀드린 것처럼 볼륨 버튼 부분이 파손됨","(최근 2년) 총 주문 제품 2개 / FBA 환불 제품 0개 / 셀러 환불 1건 / MCF 발송 0건
이전 환불 티켓 #1000134474 iPhone 14 Plus용 Silicone Fit MagFit 케이스 볼륨 버튼과 잠금 버튼 주변이 변형되어 돌출되었음. -> 폐기 사진 후 100% 환불","고객 불편 유감
첨부 사진에서 제조상의 결함 확인되지 않음+그러나 고객 불편 고려하여 예외적으로 환불 도움 드림
Yesterday 9:59 AM",,
김지우 Kevin 글로벌CX전략팀,https://spigenhelp.zendesk.com/agent/tickets/1000149250,"링크: https://spigenhelp.zendesk.com/agent/tickets/1000149250
국가 / 제품: UK / iPhone 16 Pro Max Ultra Hybrid
ASIN=B0D21Q551B / SKU=ACS07992
구매일자: 2024-11-17","1차: 황변 발생 주장 → 폐기사진 요청 후 환불 진행
2차: 추가 사용 후 황변 심화 주장 → 사용환경 영향 안내 및 도움불가
3차(현재): 평생 보증 주장하며 재클레임 → 환불/보상 재요청","구매 약 18개월 경과
(최근 2년) 총 주문 1개 / FBA 환불 0건 / 셀러 환불 0건 / 셀러 코드 발급 0건
최초 인입 이후 추가 약 1년 이상 지속 사용 후 재클레임 → 장기사용에 따른 자연 변색 가능성 높음
황변은 사용 환경(자외선, 열, 오염 등)에 따른 외부 요인 영향이 큰 이슈로 제조상 결함 단정 불가
내부 기준상 장기간 사용 후 발생한 외관 변화 → 워런티 대상 제외
고객 “평생 보증” 주장 및 1점 리뷰 언급 → 불만 강도 존재
※ 위 근거로 “제조상 결함 확인 불가, 장기사용 및 외부 요인에 따른 변색 → NRN 처리” 예정",*NRN,임영신 June 글로벌CX전략팀,"May 28, 3:31 PM
확인 감사합니다!
May 28, 3:31 PM"
김지우 Kevin 글로벌CX전략팀,https://spigenhelp.zendesk.com/agent/tickets/1000149111,"링크: https://spigenhelp.zendesk.com/agent/tickets/1000149111
국가 / 제품: DE / Google Pixel 10 Pro XL PowerArc (EF323MQ)
ASIN=B0FRD6N8JV / SKU=ACH10398
구매일자: 2026-02-05","1차: 충전 불량 주장 → 영상 및 정보 요청
2차: 추가 영상 제출 → 문제 재현 설명
3차(현재): 동일 조건에서 타 충전기는 정상 작동, 해당 제품만 무선충전 불가 → 환불/조치 요청","구매 약 4개월 경과
(최근 2년) 총 주문 1개 / FBA 환불 0건 / 셀러 환불 0건 / 셀러 코드 발급 0건
동일 어댑터/케이블 환경에서 타 충전기는 정상 작동, 해당 제품만 무선충전 불가 → 제품 기능 이상 가능성 있음
영상상 LED 점등 후 꺼짐 현상 반복 → 정상 동작 아님
외부 요인(케이블/어댑터) 배제된 상태로 고객 주장 신뢰성 있음
단일 주문, 환불 이력 없음 → 어뷰징 정황 없음
※ 위 근거로 “제조상 결함 확인 불가하나, 고객 불편 고려 환불 100%” 예정","제품 사용 중 불편을 겪으신 점 유감
확인 결과 제조상 결함은 발견되지 않았으나, 고객 불편을 고려하여 환불로 도움",양숙랑 Grace 글로벌CX전략팀,"May 28, 3:56 PM
프로님. 아래내용으로 안내 부탁 드립니다. 날짜 기한 안내가 조금 위화감이 있어 생략했습니다. 고객이 리뷰에 내용을 공개할수 있기 때문입니다.
고객 상황에 대한 유감 표현
폐기사진은 고객이 제품 사용으로 인해 겪을 불편 예방 및 기존 반품을 해야하는 번거로움을 덜기 위함임
폐기사진 없이는 환불이 불가
동일 주장으로 재인입시 NRN
May 28, 3:56 PM"
김지우 Kevin 글로벌CX전략팀,https://spigenhelp.zendesk.com/agent/tickets/1000149254,"링크: https://spigenhelp.zendesk.com/agent/tickets/1000149254
국가 / 제품: IT / iPad Pro 11 (24) (New Biz)_LD207W2
ASIN=B0FFFM7RCD / SKU=AMP09838
구매일자: 2025-10-25","1차: 충전 스탠드 완전 작동 불가 및 충전 불가 주장 → 영상, 어댑터/케이블 정보, OS 확인 요청
2차(현재): 영상 및 액세서리 정보 제출, 정상 사용 중 최근 갑작스러운 작동 불가 → 환불/교체 요청","구매 약 7개월 경과
(최근 2년) 총 주문 8개 / FBA 환불 5건 / 셀러 환불 0건 / 셀러 코드 발급 0건
영상 확인 기반 충전 불가 재현(타사케이블 사용)되며, 다양한 어댑터/케이블 교차 테스트로 외부 요인 배제 주장
영상상 케이블을 디바이스에 꽂으면 충전되나, 슈피겐 스텐드에 꽂으면 (무선)충전이 안됨 확인 가능
GCX 기준상 명확한 제조상 결함 단정은 어려우나, 기능 미작동 이슈로 고객 불편 인정 가능
타고객 유사 전례 (#1000148721, #1000148151) 동일 제품 충전 불량 → 100% 환불 진행 사례 존재
총 주문 대비 FBA 환불 비율 높아 충성 고객 아님
※ 위 근거로 “제조상 결함 확인 불가, 고객 불편 고려 환불” 예정","제품 사용 중 불편을 겪으신 점 유감
확인 결과 제조상 결함은 발견되지 않았으나, 고객 불편을 고려하여 환불로 도움 예정",임영신 June 글로벌CX전략팀,"May 29, 9:31 AM
@
양숙랑 Grace 글로벌CX전략팀
 리더님, 라자다 MY에서 24년 11월에 워치 스트랩 구매 고객이 파손되었다면서 강하게 컴플레인하고 있습니다. TCT에서 도움 불가로 안내하였으나 고객이 SNS 및 SQ 측에도 알리겠다고 하여, SQ 통해 다시 저희 쪽으로 내용 넘어올 가능성이 있어 공유드립니다. 
이 고객은 제품 구매한지 1년 6개월 가량 되었고, 사진으로 보아 사용 과정에서의 마모 및 파손으로 이해됩니다. 도움 불가 안내가 맞다고 생각되나 TCT에서 에스컬한 만큼 예외적으로 10% 바우처를 제공할까 하는데 어떠신지요? 의견 부탁드립니다.     
https://docs.google.com/spreadsheets/d/1HZ14uqTVeP7bGYZDu9v9Ve2C1xNY_m6dcSv-KMCoAKc/edit?gid=43582188#gid=43582188&range=N149
https://docs.google.com/spreadsheets/d/1HZ14uqTVeP7bGYZDu9v9Ve2C1xNY_m6dcSv-KMCoAKc/edit?gid=43582188#gid=43582188&range=N14937
37
https://docs.google.com/spreadsheets/d/1HZ14uqTVeP7bGYZDu9v9Ve2C1xNY_m6dcSv-KMCoAKc/edit?gid=43582188#gid=43582188&range=N14937
구매처: Lazada MY
제품 수령일: 2024-11-29
제품: Rugged Armor Pro for Pixel Watch 3 (45mm)
SKU: ACS07599
클레임: 정상 사용 중에 제품이 파손되어 도움 요청 
-> 라자다 워런티 및 반품 규정 안내하며 도움 불가 1차 안내
2차: 강하게 불만 표현하며, SNS 및 구글에 게재 예고. 라자다 규정의 공식 문서 요청 및 Spigen USA 에 알릴 것이라고 함
May 29, 9:31 AM"
임영신 June 글로벌CX전략팀,https://spigenhelp.zendesk.com/agent/tickets/1000149359,"https://spigenhelp.zendesk.com/agent/tickets/1000149359
국가 / 제품: IN / iPhone 17 Pro용 LA 케이스 
ASIN: B0FD1PBKD8
구매일자: 2026-05-01","1차: 케이스 내부에 지속적으로 습기가 차오르면서 자신의 휴대폰이 손상될 위험이 있음. 해당 문제는 한두 번이 아닌 제품 사용을 시작한 이후 여러 차례 반복됨 (사진 첨부)
-> 사용 환경 문의
2차: 케이스를 비나 물에 노출하지 않고, 일상적인 정상 사용 환경에서만 사용했음. 습기 문제는 일반적인 사용 중 3~4회 반복적으로 발생함.
해당 상황은 통화 중, 주머니에 넣고 다닐 때, 실내외를 이동할 때 발생함. 오사용으로 인한 것이 아니라고 함. 휴대폰 뒷면과 케이스 안쪽 표면 사이에 습기가 차는 현상이 발생함.
통풍이 제대로 되지 않는 디자인 또는 소재 결함으로 보임. 반복적으로 발생하는 문제이며, 기기에 손상을 줄 위험이 있어 명확한 해결 방안을 요청함.","(최근 2년) 총 주문 제품 8개 / FBA 환불 제품 0개 / 셀러 환불 1건 / MCF 발송 0건 -> 충성 고객
구매 후 1개월 경과","고객 불편 유감
사진 확인 시, 제품의 제조상 결함 확인되지 않음 + 도움 불가 1차 안내",나아름 Jane 글로벌CX전략팀,"May 29, 9:49 AM
@
김지우 Kevin 글로벌CX전략팀
 프로님 말씀하신대로 2025.12.14에 구매했는데 왜 5개월이 지난 시점에서 배송중 파손으로 클레임하시는지 의문이네요,,! 작성하신대로 도움불가 안내 부탁드립니다. 
May 29, 9:49 AM"
임영신 June 글로벌CX전략팀,https://spigenhelp.zendesk.com/agent/tickets/1000147707,"https://spigenhelp.zendesk.com/agent/tickets/1000147707
국가 / 제품:  IN /     
Spigen Ultra Hybrid Back Cover Case Compatible with iPhone 12 Pro/12 (TPU + Poly Carbonate | Crystal Clear)
ASIN: B08BHCY8CN
구매일자: 2026-03-13",1차: 사용 1달만에 황변됨. 환불 요청 (사진 첨부),"(최근 2년) 총 주문 제품 10개 / FBA 환불 제품 6개 / 셀러 환불 1건
상이한 이메일 2개 사용
nikitag526@gmail.com (해당 건)
nisha.kamara@gmail.com (#1000122114)
이전 환불 티켓)
#1000122114 Galaxy A55용 UH 케이스 황변 -> 폐기 사진 확인 후 100% 환불","고객 제품 사용 불편 유감 
외부 환경 및 사용에 따라 오염 및 이염 정도 상이할 수 있으며, 이는 제조 결함이 아님 
그러나 고객 불편 고려하여 폐기 사진 요청 후 환불 도움
May 18, 4:59 PM",,
김지우 Kevin 글로벌CX전략팀,https://spigenhelp.zendesk.com/agent/tickets/1000146499,"링크: https://spigenhelp.zendesk.com/agent/tickets/1000146499
국가 / 제품: DE / iPhone 17 SP_Glas.tR
 EZ Fit Slim
ASIN=B0D84YX465 / SKU=AGL07928
구매일자: 2026-05-03","1차: 글라스 2회 구매 후 모두 단기간 내 크랙 발생 주장 → 제품 상태 및 바코드 사진 요청
2차: 1개 주문 건에 대한 크랙 사진만 제출 → MCF 진행 위한 고객 정보 요청
3차: 고객, 2팩(총 4장) 요청 → 1건만 확인되어 1EA 제공 가능 안내 및 추가 사진 요청
4차: 추가 사진 없음 → 1EA만 제공 가능 재안내
5차(현재): 기존 2EA 제공 안내 여부 혼선 제기 → 정책 불일치 인지로 컴플레인 발생
 반복 파손 주장 고객이며 충성고객이나, 증빙이 제한적이여(1개만 증빙) 1개만 MCF 제공 타당","구매 약 16일 경과
(최근 2년) 총 주문 5개 / FBA 환불 0건 / 셀러 환불 0건 / 셀러 코드 발급 0건
핵심 쟁점 요약
동일 제품 2회 구매 후 반복 파손 주장
사진은 1건만 확인 가능 (추가 증빙 없음)
“overnight에도 크랙 발생” 등 제품 이상 강하게 주장
이전 안내(2EA 제공)로 오인 → 신뢰 저하 및 혼선 발생
내부 기준(GCX_2024 CS PROCEDURE) 검토 결과 파손류(크랙)는 외부 요인 가능성 높아 제한적 보상 대상 다만, 반복 발생 + 초기 사용 기간 짧음 → 예외 검토 가능
증빙 부족으로 원칙상 1EA 제공 타당
타고객 유사 전례
반복 파손 + 증빙 일부만 존재 시 1EA 제공 원칙이나, 충성 고객에 한해 예외 2EA 제공 사례 존재 (유사 케이스 다수)
충성 고객 여부
총 주문 5건 / 환불 0건 → 충성 고객 해당
※ 위 근거로 “제조상 결함 확인 불가, 고객 불편 고려 1개만 MCF 제공” 예정","고객 불편에 대한 유감 표현
고객 불편을 고려하여 사진 제공된 1개 제품에 대해서만 대체품 제공 예정(MCF진행)
사진이 없으면 대체품 제공이 불가한점 양해 바람",나아름 Jane 글로벌CX전략팀,"May 19, 11:29 AM
@
김지우 Kevin 글로벌CX전략팀
 프로님, 말씀하신대로 1개의 제품에 대해서만 MCF 안내 부탁드립니다. 충성고객이긴하나 , 글라스가 모두 아무 외부요인없이 금이가고 깨졌다는게 이상하긴해서요! 감사합니다!
May 19, 11:29 AM"
김지우 Kevin 글로벌CX전략팀,https://spigenhelp.zendesk.com/agent/tickets/1000147778,"링크: https://spigenhelp.zendesk.com/agent/tickets/1000147778
국가 / 제품: UK / Galaxy S26 Ultra Ultra Hybrid MagFit
ASIN=B0FWGPKRH5 / SKU=ACS11160
구매일자: 2026-04-08","1차: 하단부 들뜸 및 장착력 저하(사진 제출) → 외부 요인 안내 및 도움불가
2차(현재): 외부 요인 부정 + 설계/내구성 문제 주장, 반품 요청 → 도움불가 재검토 요구","구매 약 1개월 경과
(최근 2년) 총 주문 7개 / FBA 환불 5건 / 셀러 환불 0건 / 셀러 코드 발급 0건
하단 TPU 늘어남으로 장착력 저하 주장 및 구조적 설계 문제 제기 (사진 有)
내부 기준상 사용 중 변형/늘어남은 외부 요인 및 사용 환경 영향으로 판단, 제조상 결함 단정 어려움
유사 TPU 늘어남 케이스 다수 존재하며, 대부분 사용 중 변형으로 도움불가 처리
상습환불 고객 (환불 비율 과다: 5/7)
※ 위 근거로 “제조상 결함 확인 불가, 사용 중 변형으로 판단되어 도움불가 2차 유지” 예정","제품 사용 중 불편을 겪으신 점 유감
사진 확인 결과, 사용환경 및 외부 영향에 의한 파손으로 사료되며 제조상 결함은 확인되지 않음
도움 불가한 점 양해 부탁 (도움불가 2차)",나아름 Jane 글로벌CX전략팀,"May 20, 2:03 PM
@
김지우 Kevin 글로벌CX전략팀
 프로님 사진 확인했습니다. 사용기간도 짧고, 대체품 제공도 원치 않아하는 고객이라 폐기사진 확인 후, 환불로 안내 부탁드립니다. 감사합니다!
May 20, 2:03 PM"
김지우 Kevin 글로벌CX전략팀,https://spigenhelp.zendesk.com/agent/tickets/1000147752,"링크: https://spigenhelp.zendesk.com/agent/tickets/1000147752
국가 / 제품: UK / Galaxy S26 Ultra Nano Pop MagFit
ASIN=B0FV9N1Y5H / SKU=ACS11037
구매일자: 2026-05-17","1차: 하단 베젤 좌측 들뜸(사진 첨부) → 로고 사진 요청
2차: 동일 이슈 지속 → 대체품(MCF) 제공
3차(현재): 교체품도 동일/더 심한 형합 문제 → 환불 가능 여부 문의
 교품 이후에도 동일 증상 지속되어 고객 불편 고려 환불 전환 필요 #형합이슈 #재발","구매 5일 경과
(최근 2년) 총 주문 1개 / FBA 환불 0건 / 셀러 환불 0건 / 셀러 코드 발급 0건
사진상 하단 베젤 들뜸 확인되며, 교체품에서도 동일 증상 재현
GCX 기준상 교품 1회 이후 동일 클레임 지속 시 추가 보상 검토 가능
타고객 유사 전례 다수 존재 (#1000141875, #1000140064, #1000140621)
비충성 고객 (주문 1건)
※ 위 근거로 “제조상 결함 확인 불가, 고객 불편 고려 환불” 예정","고객 상황에 대한 유감 표현
대체품 제공으로 고객 불편 해소 도움을 드린 바 있으나 재차 요청하셔서 예외적으로 환불 도움",임영신 June 글로벌CX전략팀,"May 22, 9:43 AM
@
김지우 Kevin 글로벌CX전략팀
 프로님, 이 제품은 이전에 SIREN 등록하여 개선 결정되었던 제품입니다. 고객이 수령한 제품이 V0, V1 여부를 보면 좋겠네요.
갤럭시 S26 Ultra용 Nano Pop Magfit(ACS11038, ACS11037)_형합 이슈_GCX
 내용 참고 부탁드려요 
갤럭시 S26 Ultra용 Nano Pop Magfit(ACS11038, ACS11037)_형합 이슈_GCX
Copy link
Open in chat
임영신 June 글로벌CX전략팀 is the owner
No changes since last viewed by you
Summarize this file
May 22, 9:43 AM"
임영신 June 글로벌CX전략팀,https://spigenhelp.zendesk.com/agent/tickets/1000148171,"https://spigenhelp.zendesk.com/agent/tickets/1000148171
국가 / 제품: UK / Spigen Slim Armor Pro [Hinge Protection] Case Compatible with Samsung Galaxy Z Fold 6 - Black
ASIN: B0CXVDKBZ7
구매일자: 2025-03-30","1차: 전면 케이스의 프레임이 파손됨. 사용한 지 1년도 되지 않았는데 디자인의 결함이 나타남. (사진 첨부)
-> 사용 중 생긴 결함 1차 안내 (환불 X)
2차: 디자인 결함에 의해 파손됨. 슈피겐에서 고객 탓을 하는 것은 터무니 없음.
해당 부위의 디자인에 대해 매우 우려스러웠지만 슈피겐이 믿을만한 회사라고 신뢰하였고 그에 따라 워런티도 마땅히 이행해 줄 것이라고 생각했음. 그러나 자신의 선택이 틀렸고 후회스러움.
최대한 많은 리뷰를 남겨서 슈피겐의 운영 방식, 고객 응대 방식, 그리고 케이스의 결함 가능성에 대해 사람들에게 알릴 것임. 다시는 슈피겐 제품을 구매하지 않겠음.
-> 사용 중 생긴 결함 2차 안내 (환불 X)
3차: 케이스의 수명이 길지 않은데 2년씩이나 워런티를 제공하는 이유가 무엇이냐며, 스스로조차 보호하지 못하는 보호 케이스가 어디 있냐고 함. 이 케이스는 1년도 되지 않아 그다지 많이 사용되지도 않았음에도 저절로 분리되었음.
또한, 슈피겐은 2년 워런티를 제공한다고 하였는데, 이 회사는 운영 방식이 거의 사기에 가까움.
최소한의 서비스만 제공하고 과도한 요금을 청구하여 고객에게 한 약속도 지키지 않음. 슈피겐을 소비자보호기관에 신고할 예정임.","다른 구매 내역 확인되지 않음
구매 후 1년 1개월 경과
(MCF: 45)","고객 불편 유감
사용 과정에서의 제품 손상은 제조상의 결함이 아니며, 워런티 커버 대상 아님+ 그러나 고객 불편 고려하여 예외적으로 대체품 제공 도움 드리고자 함+ 동의시 정보 요청
May 26, 10:48 AM",,
임영신 June 글로벌CX전략팀,https://spigenhelp.zendesk.com/agent/tickets/1000148151,"https://spigenhelp.zendesk.com/agent/tickets/1000148151
국가 / 제품: DE / Spigen Magnetische iPad Ladestation, 18W Kabelloses Induktives Ladegerät Ständer 360° Drehbar mit Hochfestes Aluminium & SilikonpolsIter Kompatibel mit iPad Pro 11"" M4 (2024) - Space Grau
ASIN: B0FFFM7RCD
구매일자: 2026-02-26","1차: 초기에는 정상적으로 작동했지만 현재는 iPad 충전을 시작하기 위해서 USB 커넥터를 뽑았다가 다시 연결해야만 작동하며, 일단 충전이 시작된 이후에는 전원을 껐다가 다시 켜도 충전이 재시작되지 않는 문제가 발생함.
이 문제를 어떻게 해결할 수 있는지 문의하며, 제품 자체는 매우 마음에 들어 다른 브랜드로 교체하고 싶지 않음.
-> 동영상 요청, iPad 모델명 및 어댑터 모델명 문의, 케이블 및 어댑터 이상 여부 문의, 충전 세팅 변경 여부 문의.
2차: iPad Pro (11인치, M4)를 사용 중이며, iPadOS 26.5가 설치되어 있음.
여러 개의 충전기와 케이블을 사용해 봤지만 모두 동일한 문제가 발생함.
iPad의 USB-C 포트에 직접 연결하면 충전이 완벽하게 되지만, LD207W2 스탠드를 사용하면 충전이 되지 않음. (동영상 첨부)","(최근 2년) 총 주문 제품 1개 / FBA 환불 제품 0개 / 셀러 환불 0건 / MCF 발송 0건
구매일: 2026.02.26
MCF 발송용 가용 재고: 0개","고객 불편 유감
고객 의견 유관 부서 전달 완료+ 불편 고려하여 예외적으로 환불 도움 드림
May 26, 11:19 AM",,
임영신 June 글로벌CX전략팀,https://spigenhelp.zendesk.com/agent/tickets/1000148094,"https://spigenhelp.zendesk.com/agent/tickets/1000148094
국가 / 제품: IT / Spigen Cover Optik Armor Compatibile con Samsung Galaxy S25 Ultra - Nero
ASIN: B0DJ9VXF5M
구매일자: 2026-05-21","1차: 카메라 커버가 있어서 구매했는데 카메라 커버가 누락된 제품을 수령함. 카메라 렌즈 손상의 위험이 있고 사용하기 어려워서 도움 요청함(사진 첨부)
-> 중고품 수령 + FBA CS 안내
2차: 아마존에 반품을 요청하려고 했으나 절차가 진행되지 않고 있음. 더 이상 반품 대상 제품이 아니라서 워런티 요청함
-> FBA CS 배송 이슈 2차 안내
3차: Amazon 채팅 고객센터에 문의했으나 상품이 반품 불가 항목으로 지원이 어렵다는 안내를 받았음 2년 보증 적용을 언급하여 지원 요청함
-> 고객센터에서 반품 불가항목으로 안내한 채팅 스크린 샷, 사진, 바코드
4차: 현재 고객센터와는 전화로만 연락이 가능하고 더 이상 채팅이 열리지 않아 스크린샷을 보낼 방법이 없다고 함. 대신 사진(최초 인입 사진과 동일) 및 바코드를 첨부했음. (바코드에 LPN 확인되지 않음)","(최근 2년) 총 주문 제품 1개 / FBA 환불 제품 0개 / 셀러 환불 0건 / MCF 발송 0건
-MCF 재고 575개","고객 불편 유감
당사는 아마존 FBA 서비스(재고 관리, 배송 등 모두 아마존에서 커버) 이용중으로, 고객이 수령한 중고품의 경우 아마존 CS를 통해 도움받으셔야 함
그러나 고객 불편 고려하여 예외적 대체품 발송 드리겠음 + 동의 시, 정보 요청 + MCF 처리
May 26, 11:24 AM",,
김지우 Kevin 글로벌CX전략팀,https://spigenhelp.zendesk.com/agent/tickets/1000147570,"링크: https://spigenhelp.zendesk.com/agent/tickets/1000147570
국가 / 제품: NL / Apple Watch Series 9 (45mm) Metal Armor Pro
ASIN=B0CTRXP3R4 / SKU=ACS07660
구매일자: 2026-03-02","1차: 워치 스트랩 착용 중 심한 피부 자극 및 발진 발생 주장 → 사진 요청
2차(현재): 피부 발진 당시 사진은 없으나, 제품 사용 중 자극 발생으로 사용 중단 및 전액 환불 요청","구매 약 2개월 경과
(최근 2년) 총 주문 1개 / FBA 환불 0건 / 셀러 환불 0건 / 셀러 코드 발급 0건
신체 자극(피부 발진) 주장이나, 발진 직접 증빙 사진은 부재 (제품 사진만 제출)
정상 사용 중 불편 주장이나, 제조상 결함 여부 객관적 확인 불가
신체 관련 클레임 특성상 CS 리스크 높음 (리뷰/확산 가능성)
단일 주문 고객으로 특이 이력 없음 (충성 고객 아님)
※ 위 근거로 “제조상 결함 확인 불가, 도움불가” 예정","고객 상황에 대해 유감스럽게 생각
확인 결과 제조상 결함은 발견되지 않아 도움 불가 (1차 안내)
May 26, 11:26 AM",,
임영신 June 글로벌CX전략팀,https://spigenhelp.zendesk.com/agent/tickets/1000148044,"https://spigenhelp.zendesk.com/agent/tickets/1000148044
국가 / 제품: UK / Spigen Ultra Hybrid MagFit Case for iPhone 17 Pro Max (2025), Compatible with MagSafe Accessories [Anti-Yellowing] [Dura Clear] [Military-Grade Drop Protection] - Clear White
ASIN: B0FD1TT96X
구매일자: 2026-01-18","이전 티켓 #1000146410)
iPhone 17 Pro Max용 UH MagFit 케이스가 짧은 기간 안에 황변되어 이 가격대를 고려했을 때 예상치 못함. 교체 또는 환불 요청 (사진 첨부)
-> 폐기사진 3차례 요청 (케이스에 소중한 추억이 담긴 스티커가 부착되어 있어 케이스를 폐기할 수 없음 언급)
1차: 이미 설명드린 바와 같이, 제품에 영구적으로 부착된 스티커 때문에 케이스를 자르거나 파손할 수 없으며, 이를 제거하려고 할 경우 제품이 손상될 수 있음. 이전에 안내받은 환불 조건을 적용하여 제품 파손 없이 환불을 진행해 주시기를 요청한다고 함.
만약 해당 수준에서 해결이 어렵다면 상급 부서로 에스컬레이션해 주시기를 요청함 (*고객이 언급한 폐기 없이 환불 제안 없었음)
-> 폐기사진 4차 요청 + 걱정되신다면 스티커를 부착하지 않은 부분에서 폐기 부탁
2차: 현재 사용 중인 유일한 휴대폰 케이스라 파손 후 사진 제출 요청에는 응할 수 없고, 이 부분은 이미 여러 번 설명했지만 계속 동일한 답변만 받고 있음. 폐기 없이 환불 처리를 요청드리며, 해결이 어렵다면 Amazon 측에 공식적으로 문제를 제기할 예정이며 반복된 자동 응답이 아닌 최종적인 해결 방안을 부탁드림.
-> 황변에 대해 폐기사진 없이 도움불가 재안내 (5차 요청)
3차: 현재 사용 중인 케이스라 파손하거나 사진 증빙을 제공할 수 없다는 점을 이미 여러 번 전달드렸고, 해당 요청에는 응할 수 없음. 문제가 계속 해결되지 않아 이제 Amazon A-to-Z 보증 절차를 통해 직접 문제를 제기할 예정이며, 추가 지연 없이 환불 처리 요청함.","구매 후 3개월 경과
(최근 2년) 총 주문 제품 3개 / FBA 환불 제품 2개 / 셀러 환불 0건 / MCF 발송 0건","고객 불편 유감
제품 사용 과정에서의 이염 등은 워런티 대상 아님+ 그러나 고객 불편 고려하여 예외적으로 도움 드리고자 하였음
제품 폐기 요청은 제품 재사용에 따른 불편 방지를 위함임+절단 뿐 아니라, 케이스에 유성 매직 등으로 X 자 표시하셔도 됨 안내
May 26, 11:33 AM",,
김지우 Kevin 글로벌CX전략팀,https://spigenhelp.zendesk.com/agent/tickets/1000148214,"링크: https://spigenhelp.zendesk.com/agent/tickets/1000148214
국가 / 제품: JP / PowerArc (PC2200 Car Charger)
ASIN=B0BD462WV7 / SKU=ACP04581
구매일자: 2024-12-01","1차: 시거잭 단자 함몰 및 전원 미작동, LED 미점등 → 사진 및 주문정보 요청
2차(현재): 단자부 플라스틱 용융(녹음) 상태 및 발열로 인한 위험 주장, 사용 중단 후 환불 또는 교체 요청 → 환불 검토","구매 약 5개월 경과
(최근 2년) 총 주문 1개 / FBA 환불 0건 / 셀러 환불 0건 / 셀러 코드 발급 0건
단자부 녹음 및 발열 주장으로 안전 이슈 성격 (사진 첨부 확인됨)
정상 사용 중 발생 여부는 명확히 확인 불가하나, 외관 변형(용융) 존재
PowerAcc 카테고리 특성상 안전 클레임 → 리뷰/확산 리스크 높음
단일 주문 고객, 특이 이력 없음 (충성 고객 아님)
※ 위 근거로 “제조상 결함 확인 불가, 고객 불편 고려 환불” 예정","제품 사용 중 불편을 겪으신 점 유감
확인 결과 제조상 결함은 발견되지 않았음
고객 불편을 고려하여 환불 도움 예정
Amazonのカスタマー 彼末　一郎 様から返品および返金ポリシーに関するお問い合わせ
#1000148214
使用したところ、シガーソケットの先端が、引っ込んだ状態で、通電せず。稼働ランプも点灯していません
先端の端子部のプラスチックが溶けた状態になっており、熱的影響があったのかもしれず、危険だと思い使用を辞めました。2年保証ありますので、返品（返金）または、同等以上の代替品の発送を希望します
Status         pending
Priority        normal
View
Update
Comment
By 
Zendesk
App
Remove preview
May 26, 11:35 AM",,
임영신 June 글로벌CX전략팀,https://spigenhelp.zendesk.com/agent/tickets/1000147870,"https://spigenhelp.zendesk.com/agent/tickets/1000147870
국가 / 제품: UK / Spigen Glas.tR
 EZ Fit Pro Tempered Glass Screen Protector for iPhone 17 Pro Max, iPhone 16 Pro Max - 2 Pack
ASIN: B0FCFG5PN6
구매일자: 2025-11-23","1차 :첫 번째 글라스는 발수 코팅이 3개월 만에 벗겨져서 교체했고, 두 번째 글라스는 침대 모서리에 살짝 부딪혔더니 깨짐.
글라스는 교체해서 없고, 패키지도 버려서 없음.
-> 사진 없이 도움 불가
2차: 올레포빅 코팅이 벗겨지는 것에 대한 증빙을 어떻게 제공해야 할지 모르겠음.
또한 슈피겐 글라스가 너무 쉽게 깨진다고 느꼈으며, 한 번 파손된 이후에는 더 나은 브랜드 제품으로 교체했음.
과거에는 슈피겐 제품을 자주 사용하고 지인들에게도 추천했지만, 이번 경험으로 인해 서비스에 매우 실망했다고 함. 환불받지 못할 경우 1점 리뷰를 남길 예정이며, 더 이상 슈피겐 제품을 사용하지 않을 것임.
-> 사진 없이 도움 불가한점 양해 바람(도움 불가 2차)
3차: 불량품에 대한 £13를 왜 환불해 줄 수 없다는 것인지 이유를 모르겠음","다른 구매 내역 확인되지 않음
(재고: 771)","고객 불편 유감
제품 이슈가 확인되지 않아 도움 드리기 어려움 안내
May 26, 11:41 AM",,
김지우 Kevin 글로벌CX전략팀,https://spigenhelp.zendesk.com/agent/tickets/1000148262,"링크: https://spigenhelp.zendesk.com/agent/tickets/1000148262
국가 / 제품: IN / Apple Watch Series 9 (45mm) Thin Fit
ASIN=B09L3TD1NF / SKU=ACS04179
구매일자: 2026-05-14","1차: 45mm 제품 수령 및 본인 기기(46mm)와 미호환 주장 → 상세 정보 요청
2차: 동일 주장 반복 및 환불 요청 → 인보이스 요청
3차: 인보이스 제출 후 환불 요청 → Amazon 내 반품 진행 안내
4차: Amazon이 Spigen으로 문의하라고 했다고 주장 → 해당 증빙 요청
5차(현재): 반복 문의에 피로감 호소 및 증빙 없이 환불 요청 → 추가 대응 필요","구매 약 10일 경과
(최근 2년) 총 주문 1개 / FBA 환불 0건 / 셀러 환불 0건 / 셀러 코드 발급 0건
주문 제품은 Apple Watch 45mm용으로 정상 출고된 것으로 확인되며, 고객의 기기(46mm)와 단순 호환 불일치로 판단됨
Amazon FBA 주문 건으로 초기 반품/환불은 Amazon 내 처리 대상이나, 고객이 이를 거부하고 셀러 환불 요청 지속
Amazon에서 셀러 문의 안내 받았다는 주장 있으나 관련 스크린샷 등 증빙 미제출 상태
사진/영상 등 제품 이상 관련 증빙 없음 → 제품 자체 이슈 확인 불가
IN 고객 특성상 반복 요청 및 피로감 호소 있으나 악의적 정황은 제한적
※ 위 근거로 “Amazon 구매건으로 셀러 직접 환불 불가 → 도움불가 안내” 예정","고객 상황에 대해 유감스럽게 생각
오주문 관련 CS는 아마존 소관으로 자사 도움 불가한 점 양해 부탁 (재인입시 NRN)
Fwd: [Spigen India Pvt. Ltd] Re: New Contact Us! submission received on 05/16/2026 at 14:06 PM
#1000148262
Sunil Agrawal sunilagrawal11@gmail.com
India CrBiz fwd'ed
Status         pending
Priority        normal
View
Update
Comment
By 
Zendesk
App
Remove preview
May 26, 11:50 AM",,
임영신 June 글로벌CX전략팀,https://spigenhelp.zendesk.com/agent/tickets/1000148254,"https://spigenhelp.zendesk.com/agent/tickets/1000148254
국가 / 제품: UK / Spigen Optik Armor Case Compatible with Samsung Galaxy S26 Ultra - Black
ASIN: B0FVBPV3QF
구매일자: 2026-05-14","1차 :케이스를 몇 주 동안 사용했는데 후면에 자국이 생겨 지워지지 않고 얼룩처럼 보임
-> 제품 상태 및 바코드 사진 요청
2차: 사진 첨부","다른 구매 내역 확인되지 않음
2년 경과 이전 티켓)
#1000015755 Galaxy S23 Ultra용 Optik Armor 케이스 장착 후 휴대폰에 스파이더웹 자국 발생 -> 100% 환불
#1000101334 Galaxy S23 Ultra용 TA 케이스 레이어가 본체에서 분리됨 -> TA 케이스는 TPU와 PC의 이중 레이어로 구성되어 재조립 가능 안내
스파이더 웹 자국 관련 참고 티켓)
#1000141183 #1000094524 #1000059270 #1000050317 #1000008462
케이스로 인해 발생한 문제가 아닌 특정 스마트폰 코팅의 특성으로 발생한 자국임 + 기기 보상 불가 + 알콜 & 천 활용하여 제거 안내","고객 불편 유감
케이스로 인해 발생한 문제가 아닌 특정 스마트폰 코팅의 특성으로 발생한 자국임 + 제조상 결함 없음 + 알콜 & 천 활용하여 제거 안내
May 26, 11:57 AM",,
김지우 Kevin 글로벌CX전략팀,https://spigenhelp.zendesk.com/agent/tickets/1000148076,"링크: https://spigenhelp.zendesk.com/agent/tickets/1000148076
국가 / 제품: IN / Galaxy S25 Ultra Ultra Hybrid MagFit
ASIN=B0DJ9VZBCZ / SKU=ACS08959
구매일자: 2025-12-21","1차: 황변 발생 주장 → 사진 요청
2차: 로고 포함 사진 제출 → 폐기 사진 요청 후 환불 안내
3차: 폐기 사진 제출 → 폐기 여부 불충분 사유로 영상 요청
4차(현재): 폐기 완료 후 추가 증빙 요구에 대해 강한 불만 제기, 환불 또는 교체 즉시 처리 요구 및 미조치 시 대응 예고 → 고객 불편 및 프로세스 혼선 고려 환불 처리 검토","구매 약 5개월 경과
(최근 2년) 총 주문 1개 / FBA 환불 0건 / 셀러 환불 0건 / 셀러 코드 발급 0건
폐기 요청 후 고객이 실제 제품 파손까지 완료한 상태 → 이후 추가 영상 요구로 절차 신뢰 훼손
사진상 폐기 여부 판단 애매(AI조작 가능성있음)하나, 고객은 이미 비가역적 조치 수행 (제품 사용 불가 상태)
강성 컴플레인 (소비자 보호 신고 및 법적 대응 언급)
단일 주문 고객으로 충성 고객 아님, 악성 반복 이력 없음
※ 위 근거로 “제조상 결함 확인 불가, 폐기자료 재요청” 예정","고객 상황에 대한 유감 표현
첨부주신 이미지로는 (폐기 동영상 2차 요청)
May 26, 2:23 PM",,
임영신 June 글로벌CX전략팀,https://spigenhelp.zendesk.com/agent/tickets/1000148203,"https://spigenhelp.zendesk.com/agent/tickets/1000148203
국가 / 제품: IT / Spigen Cover Ultra Hybrid OneTap Metal Ring MagFit Compatibile con Pixel 9 Pro - Bianco
ASIN: B0CVR53CVS
구매일자: 2024-08-14","1차 :Google Pixel 9 Pro용 UH OneTap Metal Ring MagFit 케이스 TPU 분리됨 (사진 첨부)
-> 사용 중 생긴 결함 1차 안내 (환불 X)
2차: 일반적인 마모가 아니라 접착제가 제대로 도포되지 않은 것 같음. 구입한지 2년이 되지 않음. 또한 황변 방지가 되어있다고 하였지만 황변됨
-> Yellowing 1년 경과 + 사용 중 생긴 결함 2차 안내 (환불 X)
3차: Amazon 상품 페이지에서도 자신과 같은 문제를 겪고 있다는 리뷰가 있는 만큼, 이런 문제가 본인만의 사례는 아님. 또한 Amazon 상품 페이지에 차라리 “황변이 발생하거나 파손될 수 있는 케이스이며, 경우에 따라 2년 보증이 제공될 수도 있음”이라고 적어두는 편이 더 솔직했을 것임. 마지막으로 “광대들(Pagliacci)”이라는 표현을 사용하며 강한 불쾌감을 표현함.","(최근 2년) 총 주문 제품 2개 / FBA 환불 제품 0개 / 셀러 환불 0건 / MCF 발송 0건
-구매 후 1년 9개월 경과","NRN
May 26, 4:43 PM",,
임영신 June 글로벌CX전략팀,https://spigenhelp.zendesk.com/agent/tickets/1000148427,"https://spigenhelp.zendesk.com/agent/tickets/1000148427
국가 / 제품: UK /Spigen Ultra Hybrid S MagFit Case for Samsung Galaxy S25 Ultra, Compatible with MagSafe Accessories - White
ASIN: B0DJ9TGGFR
구매일자: 2025-01-25","1차 : (#1000131024에서 MCF 발송 후, 교체품에 대하여 재인입)
Galaxy S25 Ultra용 UH S MagFit 케이스의 교체품 또한 사용한 지 얼마 되지 않아 동일한 킥스탠드 문제가 발생함. 환불 또는 새 케이스로 교환 요청.
-> 이미 대체품 제공하여 추가 도움 불가 안내
2차: 제품의 결함이 있는 경우, 이미 교체가 되었는지 여부는 중요하지 않음.
여전히 보증 기간 내에 있으며, 영국 소비자 권리법에 따라 제품이 제 기능을 하지 못할 경우 지원을 요청할 권리가 있음.
이 내용을 법무팀에 전달하여 검토해 주시를 바람. 또한, 이 건에 대해 공식적인 항의를 접수하고 참조번호를 전달 요청함.
이전 동일 문의 티켓)
#1000131024 Galaxy S25 Ultra용 UH S MagFit 케이스의 킥스탠드가 느슨하고 고정되지 않아 휴대폰 거치가 불가함
-> MCF 발송",(최근 2년) 총 주문 제품 3개 / FBA 환불 제품 0개 / 셀러 환불 0건 / MCF 발송 1건,"고객 불편 유감
대체품 제공은 1회성으로 추가 도움 드리기 어려움 안내",임영신 June 글로벌CX전략팀,"May 27, 10:25 AM
@
양숙랑 Grace 글로벌CX전략팀
 리더님, 이 티켓 재인입되었습니다. MCF 로 제공받은 제품도 동일한 하자가 있다는 것에 강하게 불만 표시하며, 아래와 같은 요청을 보냈습니다. 
1회성 무상 교체 문구는 본인이 요구한 부분이 아님. 해당 제품이 문제가 있으므로 보증 정책에 따라 교체되어야 함. 다른 사람들에게 알리겠으며 접수한 불만 사항에 대한 참조 번호를 확인해서 제공해주길 바람. 또한 공식적으로 정보 열람 청구 (Subject Access Request)) 를 요청함. 해당 절차가 완료된 이후에는 잊힐 권리 (Right to be Forgotten) 요청도 진행하고자 함. 컴플라이언스 팀에 전달하여 절차 시작해 주길 바람.
이에 따라, 아래와 같이 예상 답변 작성하였습니다. 의견 부탁드립니다.  
고객 불편 유감
대체품 제공은 예외적인 1회성 도움이나 고객 불편 고려하여 환불 도움 드림 
아마존 셀러로써 당사는 아마존 구매에 따른 오더 내역을 열람함 + 일반 데이터 보호 규정(GDPR)과 같은 관련 데이터 보호법에 따라 문의에 답변하기 위한 목적으로만 개인정보 수집 및 이용 안내
May 27, 10:25 AM"
김지우 Kevin 글로벌CX전략팀,https://spigenhelp.zendesk.com/agent/tickets/1000148554,"링크: https://spigenhelp.zendesk.com/agent/tickets/1000148554
국가 / 제품: IN / iPhone 15 Thin Fit
ASIN=B0C5S6FH36 / SKU=ACS06777
구매일자: 2026-02-10",1차(현재): 약 3개월 사용 후 케이스 전체 색상 변색(이염) 주장 및 환불 요청 → 환불 절차 안내 요청,"구매 약 3개월 경과
(최근 2년) 총 주문 9개 / FBA 환불 5건 / 셀러 환불 2건 / 셀러 코드 발급 0건
사진 첨부 기반 전반적인 색상 변색 주장이나, 사진상 멀쩡. 사용기간 및 사용환경 영향 가능성 높음
GCX 기준상 이염/변색은 외부 요인 영향으로 판단되어 워런티 대상 아님
유사 전례 다수 존재 (#1000122114, #1000147707 등) – 환불 이력 반복 패턴 확인(상이 이메일로 지속 인입)
비충성 고객 (환불 비율 과다: 7/9) + 이메일 다중 사용 이력 존재 → 블랙컨슈머 가능성 고려(IN)
※ 위 근거로 “사용환경에 따른 이염/변색 → 도움불가 1차 안내” 예정","제품 사용 중 불편을 겪으신 점 유감
사용 환경 및 외부 요인에 따른 이염·오염으로 확인되며 제조상 결함으로 보기 어려움
워런티 도움 불가(도움 불가 1차)",양숙랑 Grace 글로벌CX전략팀,"May 27, 2:37 PM
프로님. 제안대로 도움불가 안내 부탁 드려요.
(사용 환경과 기후등의 외부영향이 큰 나라 같아요.)
May 27, 2:37 PM"
임영신 June 글로벌CX전략팀,https://spigenhelp.zendesk.com/agent/tickets/1000148388,"https://spigenhelp.zendesk.com/agent/tickets/1000148388
국가 / 제품:  ES /Spigen Funda Ultra Hybrid Magfit Compatible con iPhone 16e 2025 - Zero One Blanco
ASIN: B0DKG9XSH4
구매일자: 2025-04-11","1차: 황변 클레임
-> 1년 경과된 제품으로 도움 불가
2차: 투명 케이스가 1년 만에 황변되는 것은 정상이 아니라고 생각되며 답변도 불만족스러움
작년에 슈피겐에서 여러 제품을 구매했는데 앞으로 슈피겐 제품을 구매하지 않겠으며 아마존에 배드 리뷰를 남기겠음
사무실에서 사용했고 햇빛이나 오염 물질에 거의 노출되지 않았으며 다른 케이스와 함께 사용하여 사용 기간도 절반 정도임
서포트에 대해 컴플레인 및 Rhinoshield 제품과 같이 황변되지 않는 케이스도 있음","(최근 2년) 총 주문 제품 5개 / FBA 환불 제품 1개 / 셀러 환불 0건 / MCF 발송 0건
( MCF: 238)","고객 제품 사용 불편 유감
외부 환경 및 사용에 따라 오염 및 이염 정도 상이할 수 있으며, 이는 제조 결함이 아님
그러나 고객 불편 고려하여 폐기 사진(X자 마크) 요청 후 대체품 제공 (충성 고객 고려) + 동의시 정보 요청
May 27, 4:36 PM",,
임영신 June 글로벌CX전략팀,https://spigenhelp.zendesk.com/agent/tickets/1000148434,"https://spigenhelp.zendesk.com/agent/tickets/1000148434
국가 / 제품:  DE / Spigen Rugged Armor MagFit Hülle für Samsung Galaxy S25 Ultra, Kompatibel mit MagSafe -Schwarz
ASIN: B0DJ9V6CP6
구매일자: 2026-03-04","1차: 케이스에 하얀 점들이 묻어 있음. 접착제 같기도 하고 코팅이 벗겨지는 것 같기도 함.
케이스를 따뜻한 물에 적신천으로 닦았는데 문지를 수록 하얀 점들이 많이 생김. (사진 첨부)
-> Order ID & 케이스 전반적인 상태 확인 가능한 사진 요청
2차: 케이스 사진 및 인보이스 첨부.","(최근 2년) 총 주문 제품 1개 / FBA 환불 제품 0개 / 셀러 환불 0건 / MCF 발송 0건
( MCF:150)","고객 제품 사용 불편 유감
사용 환경 및 외부 영향에 의한 이염·오염으로 확인되며 제조상 결함으로 보기 어려움
그러나 고객 불편 고려하여 폐기 사진(X자 마크) 요청 후 대체품 제공  + 동의시 정보 요청
May 27, 4:40 PM",,
임영신 June 글로벌CX전략팀,https://spigenhelp.zendesk.com/agent/tickets/1000148571,"https://spigenhelp.zendesk.com/agent/tickets/1000148571
국가 / 제품:  DE /  iPhone 17 Pro용 Thin Fit MagFit 케이스 
ASIN: B0FD29X7T8
구매일자: 2026-05-14","1차: 케이스 장착한 상태로 약 1미터 높이에서 타일 바닥에 떨어졌음. 
다행히 휴대폰은 잘 보호되었지만, 케이스에 흠집이 생는데 케이스를 산 지 겨우 일주일밖에 안 되어서 교환이나 환불을 받을 수 있는지 문의. (사진 첨부)","(최근 2년) 총 주문 제품 14개 / FBA 환불 제품 6개 / 셀러 환불 0건 / MCF 발송 0건 - 충성 고객
( MCF:295)","고객 제품 사용 불편 유감
사용중 낙하로 인해 발생한 파손 및 스크래치는 제조상의 결함이 아님
그러나 고객 불편 고려하여 예외적으로 대체품 제공 도움 드리고자 함 + 동의시 정보 요청
May 27, 4:47 PM",,
김지우 Kevin 글로벌CX전략팀,https://spigenhelp.zendesk.com/agent/tickets/1000148554,"링크: https://spigenhelp.zendesk.com/agent/tickets/1000148554
국가 / 제품: IN / iPhone 15 Thin Fit
ASIN=B0C5S6FH36 / SKU=ACS06777
구매일자: 2026-02-10","1차: 약 3개월 사용 후 케이스 전체 색상 변색(이염) 주장 및 환불 요청 → 도움불가 1차 안내
2차(현재): 색상이 바래고 전체적으로 제품이 흐릿하고 변색된 상태라 문의드리는 것이며 재확인을 요청","구매 약 3개월 경과
(최근 2년) 총 주문 9개 / FBA 환불 5건 / 셀러 환불 2건 / 셀러 코드 발급 0건
사진 첨부 기반 전반적인 색상 변색 주장이나, 사진상 멀쩡. 사용기간 및 사용환경 영향 가능성 높음
GCX 기준상 이염/변색은 외부 요인 영향으로 판단되어 워런티 대상 아님
유사 전례 다수 존재 (#1000122114, #1000147707 등) – 환불 이력 반복 패턴 확인(상이 이메일로 지속 인입)
비충성 고객 (환불 비율 과다: 7/9) + 이메일 다중 사용 이력 존재 → 블랙컨슈머 가능성 고려(IN)
INQ CC로 이메일 클레임 지속 인입
※ 위 근거로 “사용환경에 따른 이염/변색 → 도움불가 2차 안내” 예정","제품 사용 중 불편을 겪으신 점 유감
사용 환경 및 외부 요인에 따른 이염·오염으로 확인되며 제조상 결함으로 보기 어려워 도움불가한 점 다시 한번 양해 바람(도움 불가 2차)
May 27, 5:38 PM",,
임영신 June 글로벌CX전략팀,https://spigenhelp.zendesk.com/agent/tickets/1000148672,"https://spigenhelp.zendesk.com/agent/tickets/1000148672
국가 / 제품:  DE /  Apple Watch Ultra용 EZ Fit 글라스
ASIN: B0BCXFZVH8 
구매일자: 2026-04-07","1차: EZ Fit 글라스(B0BCXFZVH8) 두 번째 장을 개봉했는데, 가장자리가 파손되어 있어 해결책 요청 (사진 첨부)","(최근 2년) 총 주문 제품 11개 / FBA 환불 제품 0개 / 셀러 환불 0건 / MCF 발송 1건 - 충성 고객
( MCF: 2,330)","고객 제품 사용 불편 유감
고객 첨부 사진에서 제조상의 결함 파악 어려움+그러나 고객 불편 고려하여 예외적으로 대체품 제공 도움 드리고자 함 + 동의시 정보 요청",양숙랑 Grace 글로벌CX전략팀,"May 28, 10:49 AM
프로님. 제안대로 안내 부탁 드립니다.
May 28, 10:49 AM"
임영신 June 글로벌CX전략팀,https://spigenhelp.zendesk.com/agent/tickets/1000147781,"https://spigenhelp.zendesk.com/agent/tickets/1000147781
국가 / 제품:  IT / EF223MS 무선 충전 스탠드
ASIN: B0FCDK3QM1
구매일자: 2026-04-20","1차: EF223MS 무선 충전 스탠드의 휴대폰을 충전하는 부분이 작동하지 않음. iPhone 15 Pro와 사용했음->이슈 영상 + 케이블 및 어댑터 모델명 + 케이블과 어댑터 정상 작동 여부 + 호환 어려운 케이스 안내
2차: 영상 2개 첨부","(최근 2년) 총 주문 제품 4개 / FBA 환불 제품 0개 / 셀러 환불 0건 / MCF 발송 0건 - 충성 고객 
( MCF: 357)","고객 제품 사용 불편 유감
고객 의견 유관 부서 전달 완료+제조상 결함 파악 어려우나 고객 불편 고려하여 예외적으로 대체품 제공 도움 드리고자 함 + 동의시 정보 요청
May 28, 3:15 PM",,
김지우 Kevin 글로벌CX전략팀,https://spigenhelp.zendesk.com/agent/tickets/1000148554,"링크: https://spigenhelp.zendesk.com/agent/tickets/1000148554
국가 / 제품: IN / iPhone 15 Thin Fit
ASIN=B0C5S6FH36 / SKU=ACS06777
구매일자: 2026-02-10","1차: 약 3개월 사용 후 케이스 전체 색상 변색(이염) 주장 및 환불 요청 → 도움불가 1차 안내
2차: 색상이 바래고 전체적으로 제품이 흐릿하고 변색된 상태라 문의드리는 것이며 재확인을 요청
3차(현재): 슈피겐 같은 고급 케이스가 3개월만에 색이 변한 것은 이해하기 어려움. 정중히 환불을 재요청함","구매 약 3개월 경과
(최근 2년) 총 주문 9개 / FBA 환불 5건 / 셀러 환불 2건 / 셀러 코드 발급 0건
사진 첨부 기반 전반적인 색상 변색 주장이나, 사진상 멀쩡. 사용기간 및 사용환경 영향 가능성 높음
GCX 기준상 이염/변색은 외부 요인 영향으로 판단되어 워런티 대상 아님
유사 전례 다수 존재 (#1000122114, #1000147707 등) – 환불 이력 반복 패턴 확인(상이 이메일로 지속 인입)
비충성 고객 (환불 비율 과다: 7/9) + 이메일 다중 사용 이력 존재 → 블랙컨슈머 가능성 고려(IN)
INQ CC로 이메일 클레임 지속 인입
※ 위 근거로 “사용환경에 따른 이염/변색 → 도움불가 3차 안내” 예정","제품 사용 중 불편을 겪으신 점 유감
사용 환경 및 외부 요인에 따른 이염·오염으로 확인되며 제조상 결함으로 보기 어려워 도움불가한 점 다시 한번 양해 바람(도움 불가 3차)
재인입시 NRN
Colour faded in blue cover - iPhone 15
#1000148554
Dear Team,
Please find attach images and invoice of product which is being used just for around 3 months and colours from corner and overall front and back it has started loosing it’s originality w...
Status         pending
Priority        high
View
Update
Comment
By 
Zendesk
App
Remove preview
May 28, 3:38 PM",,
김지우 Kevin 글로벌CX전략팀,https://spigenhelp.zendesk.com/agent/tickets/1000148027,"링크: https://spigenhelp.zendesk.com/agent/tickets/1000148027
국가 / 제품: IN / iPhone 16 Pro Glas.tR
 EZ Fit Slim
ASIN=B0D84YX465 / SKU=AGL07928
구매일자: 2025-08-12","1차: 글라스 1장 정렬 불량 + 2장 사용 중 균열 발생 주장 → 바코드 및 사용 환경 요청
2차: 약 10cm 낙하로 균열 발생 인정 → 사용 중 낙하로 인한 손상으로 도움 불가 안내
3차: 품질 불만 + 과거 케이스 황변 이슈 동시 제기 → 예외적 50% 환불 제안
4차: 75% 이상 환불 요구 및 케이스 추가 보상 요청 → 50% 환불 유지 안내
5차(현재): 글라스 50% 환불 수용 / 케이스 추가 지원 재요청 → 글라스 환불 완료, 케이스는 폐기사진 조건 유지","구매 약 9개월 경과
(최근 2년) 총 주문 3개 / FBA 환불 0건 / 셀러 환불 0건 / 셀러 코드 발급 0건
글라스: 고객이 직접 낙하 사실 인정(약 10cm) → 외부 충격에 의한 손상으로 판단 가능
1장 정렬 불량 주장 있으나 객관적 결함 입증 자료 부족 (패키지 미보유)
케이스: 이전 티켓 #1000145030에서도 폐기사진 3차 요청 후 미제출 이력 있음 + 이번에도 폐기사진 4차례 불응
인도 고객 + 장기 브랜드 이용 강조 및 반복 보상 요구 → 일부 클레임 확장 성향 존재
※ 위 근거로 “글라스는 예외적 50% 환불 유지, 케이스는 폐기사진 수령 시 환불” 예정","고객 상황에 대한 유감 표현
폐기사진은 고객이 제품 사용으로 인해 겪을 불편 예방 및 기존 반품을 해야하는 번거로움을 덜기 위함임
폐기사진 없이는 환불이 불가하며, 구매일(2025.08.12) 기준으로 1년 이내인 8월까지 폐기 사진을 보내주시면 환불 가능 재안내
동일 주장으로 재인입시 NRN",양숙랑 Grace 글로벌CX전략팀,"May 28, 3:56 PM
프로님. 아래내용으로 안내 부탁 드립니다. 날짜 기한 안내가 조금 위화감이 있어 생략했습니다. 고객이 리뷰에 내용을 공개할수 있기 때문입니다.
고객 상황에 대한 유감 표현
폐기사진은 고객이 제품 사용으로 인해 겪을 불편 예방 및 기존 반품을 해야하는 번거로움을 덜기 위함임
폐기사진 없이는 환불이 불가
동일 주장으로 재인입시 NRN
May 28, 3:56 PM"
김지우 Kevin 글로벌CX전략팀,https://spigenhelp.zendesk.com/agent/tickets/1000148688,"링크: https://spigenhelp.zendesk.com/agent/tickets/1000148688
국가 / 제품: IN / Galaxy Z Fold 6 Ultra Hybrid Pro
ASIN=B0CXTX9KJ2 / SKU=ACS07813
구매일자: 2025-12-14","1차: 배송 중 파손 제품 수령 주장 및 교환/환불 요청 → 주문내역 요청
2차: 주문내역 제출 → FBA 배송 책임 및 Amazon CS 안내
3차(현재): Amazon 측 보상 불가 안내 받았다고 주장하며 재요청 → 셀러 환불/교환 요구","구매 약 5개월 경과
(최근 2년) 총 주문 1개 / FBA 환불 0건 / 셀러 환불 0건 / 셀러 코드 발급 0건
배송 중 파손 주장(사진 있음)이나, FBA 물류 건으로 당사 직접 개입 불가
Amazon 측에서도 “반품기간 경과 → 제조사 문의”로 안내된 상태
내부 기준(GCX_2024 CS PROCEDURE) 상 FBA 배송 이슈는 Amazon 책임 범위
단일 주문 고객으로 충성 고객 아님
※ 위 근거로 “배송 중 손상은 도움불가” 예정","고객 상황에 대한 유감 표현
배송 중 파손은 배송을 담당하는 아마존의 관리 책임임
또한 제품 구매 5개월이 경과한 것으로 확인
도움 불가한 점 양해 부탁",나아름 Jane 글로벌CX전략팀,"May 29, 9:49 AM
@
김지우 Kevin 글로벌CX전략팀
 프로님 말씀하신대로 2025.12.14에 구매했는데 왜 5개월이 지난 시점에서 배송중 파손으로 클레임하시는지 의문이네요,,! 작성하신대로 도움불가 안내 부탁드립니다. 
May 29, 9:49 AM"
임영신 June 글로벌CX전략팀,https://spigenhelp.zendesk.com/agent/tickets/1000148525,"https://spigenhelp.zendesk.com/agent/tickets/1000148525
국가 / 제품: DE / TO261YJ Spigen CryoShade Roof Sunshade
ASIN: B0FB25RT93
구매일자: 2026-05-02","사이즈는 잘 맞는데 주름이 너무 신경 쓰여 주름을 없앨 수 있는 방법이 있는지 문의. 3주가 지났는대도 주름이 그대로 남아 있음
-> 제품 상태 및 바코드 사진 요청","(최근 2년) 총 주문 제품 2개 / FBA 환불 제품 0개 / 셀러 환불 0건 / MCF 발송 0건
(MCF: 55)","고객 제품 사용 불편 유감
고객 의견 유관 부서 전달 완료+제조상 결함 파악 어려우나 고객 불편 고려하여 예외적으로 대체품 제공 도움 드리고자 함 + 동의시 정보 요청
May 29, 2:36 PM",,
임영신 June 글로벌CX전략팀,https://spigenhelp.zendesk.com/agent/tickets/1000148721,"https://spigenhelp.zendesk.com/agent/tickets/1000148721
국가 / 제품: UK / LD207W2 무선 충전 스탠드
ASIN: B0FFFM7RCD
구매일자: 2025-11-20","1차: LD207W2 무선 충전 스탠드가 작동하지 않아서 반품/환불 요청 및 신용 카드사에 연락해야 하는지 문의함
-> Order ID + 이슈 영상 + 충전 이슈일 경우, 사용한 케이블과 어댑터 모델명 및 정상 작동 여부
2차: (영상 첨부) iPad Pro 11"" M4를 충전하고 Apple 정품 20W 충전기, UGREEN PD 충전기, Anker 벽면 충전기등 여러 충전기로 시도해 봤으나 충전되지 않음 충전 핀의 전압도 측정해 봤는데 정상으로 나옴. iPad를 재시작하여도 충전되지 않음.",(최근 2년) 총 주문 제품 1개 / FBA 환불 제품 0개 / 셀러 환불 0건 / MCF 발송 0건,"고객 제품 사용 불편 유감
고객 의견 유관 부서 전달 완료 + 고객 불편 고려하여 예외적으로 환불 도움 드리고자 함",양숙랑 Grace 글로벌CX전략팀,"May 29, 2:58 PM
프로님. 꽤 심각한 이슈네요. 제안대로 환불 도움 안내 부탁 드립니다.
May 29, 2:58 PM"
임영신 June 글로벌CX전략팀,https://spigenhelp.zendesk.com/agent/tickets/1000148233,"https://spigenhelp.zendesk.com/agent/tickets/1000148233
국가 / 제품: ES / iPhone 17 Pro Max용 EZ Fit Pro 글라스
ASIN: B0FCFG5PN6
구매일자: 2026-05-03","배송된 대체품 글라스가 매우 좋지 않은 상태로 도착하여 사용할 수 없음(사진 첨부->LPN 바코드 확인됨)
사진에서 손상 상태를 명확히 확인할 수 있고 글라스에 결함이 있어 정상적으로 부착하거나 사용할 수 없음
대체품 재배송 또는 다른 솔루션을 요청함",(최근 2년) 총 주문 제품 11개 / FBA 환불 제품 0개 / 셀러 환불 0건 / MCF 발송 1건,"고객 제품 사용 불편 유감
FBA 배송으로 제품 혼동이 있었던 것 같음+ 예외적으로 대체품 제공 도움 드리고자 함
May 29, 4:42 PM",,
임영신 June 글로벌CX전략팀,https://spigenhelp.zendesk.com/agent/tickets/1000147168,"https://spigenhelp.zendesk.com/agent/tickets/1000147168
국가 / 제품: DE / Spigen Tough Armor (AI) MagFit Hülle für Google Pixel 10 und Pixel 10 Pro
ASIN:  B0F49G6MNX
구매일자: 2026-04-07","1차:  1개월 사용하였는데, 케이스 후면 플레이트, 특히 MagSafe 링 주변에 균열이 생기기 시작함. 
제품은 조심스럽게 사용했으며 떨어뜨린 적도 없음.
소재 또는 제조상 결함일 가능성이 있다고 하며, 워런티 교체 진행 방법 문의. (사진 첨부)
-> 사진 확인 시, 언급된 문제를 명확하게 확인하기 어려움 + 가능하다면 부드러운 천으로 가볍게 닦아 자국이 제거되는지 확인 요청 + 미해결 시, 케이스 전체 상태 사진 + 사용 환경 및 파손 경위 문의
2차: TA MagFit 케이스는 Anker Qi2 인증 정품 충전기로만 충전 및 사용했으며, 손상은 자석의 인력으로 인해 발생함. 아울러 케이스를 닦는 과정에서 후면 플레이트가 분리되었는데, 플라스틱 후면 플레이트가 케이스 본체에서 분리되는 것이 정상인지 문의. (추가 사진 첨부) 교환 또는 환불 요청","(최근 2년) 총 주문 제품 3개 / FBA 환불 제품 0개 / 셀러 환불 0건 / MCF 발송 0건 - 충성 고객
재고: 381개","고객 불편 유감
TA MagFit 케이스는 재결합 가능한 이중 레이어 구조의 제품이며, 해당 현상은 제조상 결함이 아님
케이스 후면의 자국은 사용하는 MagSafe 악세사리(충전기)에 따라 발생할 수 있으며, 타사 제품과의 호환 여부 보증 불가
고객 불편을 고려하여 예외적으로 대체품 제공하고자 함 (충성 고객 고려)+고객 정보 요청
May 14, 11:21 AM",,
임영신 June 글로벌CX전략팀,https://spigenhelp.zendesk.com/agent/tickets/1000147160,"https://spigenhelp.zendesk.com/agent/tickets/1000147160
국가 / 제품: IT / Spigen Cover Thin Fit Compatibile con Apple Watch Series 11/10 46mm (2025/2024) - Nero
ASIN: B0DCCJN38Q
구매일자: 2025-11-26","1차: 
제품 1) Apple Watch 46mm용 EZ Fit 글라스(B0D9MNL7CX) 2장 모두 부착 후 얼마 안 되어 부착 벗겨짐.
제품 2) Apple Watch 46mm용 TF 케이스(B0DCCJN38Q)를 기기 보호를 위해 구매하였는데, 케이스가 기기에 스크래치를 남김.
-> 2개 제품에 대한 이슈를 확인할 수 있는 사진 + 바코드 사진 요청.
2차: 요청한 대로 Apple Watch의 손상 부위와 벗겨진 EZ Fit 글라스를 확인할 수 있는 사진 및 제품 박스 뒷면 사진을 첨부","(최근 2년) 총 주문 제품 8개 / FBA 환불 제품 4개 / 셀러 환불 0건 / MCF 발송 0건
구매일: 2025.11.26 (5개월 18일 경과)","고객 불편 유감
제품과 기기 손상 사이의 인과 관계 확인 어려움+기기보상 불가+2개 제품에 대해 환불 도움
May 14, 12:26 PM",,
임영신 June 글로벌CX전략팀,https://spigenhelp.zendesk.com/agent/tickets/1000146299,"https://spigenhelp.zendesk.com/agent/tickets/1000146299
국가 / 제품:  DE / Rugged Armor MagFit Hülle für mein iPhone 16
ASIN: B0D21RMGQG
구매일자: 2025-01-14","1차: iPhone 16용 Rugged Armor MagFit 케이스의 자석이 알 수 없는 이유로 케이스에서 떨어져 나가서 교환 요청함. (사진 첨부)
-> 사용 중 생긴 결함 1차 안내 (환불 X)
2차: 제품은 정상적으로 사용되었으며, 특별한 충격이나 외부 요인에 노출된 적이 없었기에 해당 제품에 결함이 있는 것 같음. 따라서 이러한 손상은 일반적인 사용 과정에서 발생하는 마모로 볼 수 없기에 케이스를 교체해 주기 바람.
-> 사용 중 생긴 결함 2차 안내 (환불 X)
3차: Rugged Armor MagFit 케이스의 내장 자석이 제자리에서 떨어져 나갔기에, 이 문제가 사용이나 환경적 인으로 인한 상태 변경이라는 의견에는 동의할 수 없음.
명백히 일반적인 마모가 아니라, 계약상 약속된 기능(MagSafe 부착 또는 자석 내장)을 더 이상 수행할 수 없게 된 ""독일 민법 제434조""에 명시된 중대한 재료 결함에 해당함.
이 손상은 정상적인 사용 기간 내에 발생했으며, 어떠한 부적절한 취급도 없었음.
따라서 법적 워런티 권리를 고려하여 재검토하고, 결함 없는 제품으로 교환해 주거나 환불해 주기를 요청함.
만약 정해진 기간 내에 만족스러운 해결책을 받지 못할 경우, 관련 소비자 보호 기관에 보고하거나 소송을 제기할 것임.","(최근 2년) 총 주문 제품 13개 / FBA 환불 제품 7개 / 셀러 환불 0건 / MCF 발송 0건
재고: 157개","고객 불편 유감
사용 과정에서의 제품 손상은 워런티 대상 불포함+도움불가 3차 안내
May 14, 4:00 PM",,
임영신 June 글로벌CX전략팀,https://spigenhelp.zendesk.com/agent/tickets/1000147174,"https://spigenhelp.zendesk.com/agent/tickets/1000147174
국가 / 제품:  DE / Life LF300 RFID Wallet
ASIN: B0G2VDKPH2
구매일자: 2026-05-10","1차: Life LF300 RFID Wallet에서 정말 끔찍한 냄새가 나는데, 이런 냄새는 처음 맡아봄.
-> 제품 상태 및 바코드 사진 요청
 2차: 제품 상태 및 바코드 사진 첨부함.
-> Tier 2 ESC
 3차: 회신 지연 안내 후, Tier 2 ESC (not 1st)
-> 감사 인사","(최근 2년) (최근 2년) 총 주문 제품 7개 / FBA 환불 제품 2개 / 셀러 환불 1건 / MCF 발송 0건
(재고: 49개)","고객 불편 유감
초기에 코팅 공정으로 인해 일시적으로 해당 현상 일어날 수 있음 안내
그러나 고객 불편 고려하여 예외적으로 환불 도움 드리고자 함
May 15, 9:34 AM",,
임영신 June 글로벌CX전략팀,https://spigenhelp.zendesk.com/agent/tickets/1000146830,"https://spigenhelp.zendesk.com/agent/tickets/1000146830
국가 / 제품:  IN / UTS12W 차량용 충전 거치대
ASIN: B0BL8D82ZR
구매일자: 2025-12-12","1차: UTS12W 차량용 충전 거치대가 최근에 작동을 멈췄다며 교체 요청. 휴대폰 모델은 Moto edge 40이며, 모바일 충전기 및 무선 충전 기능이 있는 모바일 배터리 파워 뱅크를 사용했음.
-> 전원 연결된 상태로 기기를 제품에 거치 후, 충전이 되지 않는 것을 보여주는 영상으로 재요청
2차: 휴대폰이 충전 장치에 가까워지면 자동으로 거치가 되도록 설계되어 있지만(Auto-Clamp), 현재의 경우에는 해당 거치 기능이 자동으로 작동하지 않는 문제가 발생하고 있음. 이로 인해 정상적인 작동 방식과 달리 휴대폰을 올바르게 장착하기 위해 지지대를 수동으로 당겨야 하는 상황이며, 빠른 해결을 부탁드림.","(최근 2년) 총 주문 제품 1개 / FBA 환불 제품 0개 / 셀러 환불 0건 / MCF 발송 0건
동일 제품 Arm Auto-Clamp 이슈 관련 참고 티켓 
#1000041708 UTS12W OneTap 차량용 충전기와 함께 iPhone 13 Pro를 사용함. Bracket arms가 계속 열렸다 닫혔다 반복한다며 환불 요청.
-> 환불 100%
#1000043212 UTS12W 차량용 거치대를 12월 10일 구매했는데 작동 멈춤. 다른 케이블로 시도해 봤지만 충전되지 않음.  또한 거치 자동 잠금부(Auto-Clamp)가 필요 이상으로 열림
-> 환불 100%","고객 불편 유감
고객 의견 유관 부서 전달+첨부 영상에서 제조상 결함 파악 어려우나 고객 불편 고려하여 예외적으로 환불 도움 드리고자 함
May 18, 9:44 AM",,
"3 unread,",https://spigenhelp.zendesk.com/agent/tickets/1000147262,"https://spigenhelp.zendesk.com/agent/tickets/1000147262
국가 / 제품:  NL / iPad Pro 11 (22)용 EZ Fit Slim 글라스
ASIN: B08HV54BF5
구매일자: 2026-04-08","1차: 떨어뜨린 적도 없는데 깨져서 교환 또는 환불 요청-> 제품 상태 및 바코드 사진 요청
2차: 제품 상태 사진 첨부함. 패키지는 이미 폐기함","(최근 2년) 총 주문 제품 22개 / FBA 환불 제품 0개 / 셀러 환불 2건 / MCF 발송 0건 - 충성 고객
2년 경과된 환불 티켓)
#112419 iPad Pro 11"" (2022)용 EZ FIT Slim 글라스 버블-> 100% 환불
#1000039133 iPhone 14 Pro용 EZ Fit Privacy 글라스 깨짐-> 100% 환불
2년 이내 환불 티켓)
#1000059069 iPhone 14 Pro용 EZ Fit Privacy 글라스 깨짐-> 100% 환불
#1000070291 iPhone 14 Pro용 EZ Fit Slim 글라스 깨짐-> 100% 환불
#1000079664, #1000081569 (iPhone 16 Pro용 EZ Fit 글라스 주문 수량 2개 깨짐 -> 수량 1개에 대해 불편을 고려하여 예외적 환불","고객 불편 유감
이전에도 동일 이슈로 환불 도움드린 이력 확인됨 + 예외적 도움 지속 어려움+도움불가 1차 안내",임영신 June 글로벌CX전략팀,"May 18, 4:55 PM
@
양숙랑 Grace 글로벌CX전략팀
 리더님, 이 고객 학습화된 어뷰징 사례로 의심되어 도움 불가1차 안내 나갔는데요. 답변 받자마자 재인입되었습니다. 
이전 환불 건은 다른 글라스에서 발생한 이슈였음. 환불 또는 교체품 요청.
(추가 메시지) iPad를 떨어뜨린 적도 없는데 글라스가 너무 빨리 깨짐.
도움 불가 2차 안내 확인 부탁드립니다.
May 18, 4:55 PM"
"2 unread,",https://spigenhelp.zendesk.com/agent/tickets/1000147619,"https://spigenhelp.zendesk.com/agent/tickets/1000147619
국가 / 제품:  IN / iPhone 16 Pro용 UH MagFit 케이스
ASIN: B0D8MSMMW9
구매일자: 2025-09-25","몇 개월 사용하지 않았는데 황변됨. 보증 또는 교환 요청 (사진 첨부)
동일 내용 이전 티켓) #1000125026 1달도 안 되어 iPhone 16 Pro용 UH MagFit 케이스가 황변되기 시작하여 교체 요청
-> 폐기 사진에서 디지털 편집이 감지됨
-> NRN - 내부 메모: INQ에서 고객과 직접 소통 예정 (디지털 편집 확인에 따라 환불 도움 불가, 인도사업부 조가윤P 컨펌 완료) + 티켓 종료",다른 구매 내역 확인 안됨,NRN,양숙랑 Grace 글로벌CX전략팀,"May 18, 10:38 AM
프로님. 제안대로 NRN 부탁 드려요.
May 18, 10:38 AM"
김지우 Kevin 글로벌CX전략팀,https://spigenhelp.zendesk.com/agent/tickets/1000147614,"링크: https://spigenhelp.zendesk.com/agent/tickets/1000147614  
국가 / 제품: FR / iPhone 17 Pro Max Ultra Hybrid S MagFit  
ASIN=B0FD2D52VV / SKU=ACS09893  
구매일자: 2025-10-08","1차: 케이스 황변 발생 주장 (사진 첨부) → 교체 요청  
2차(현재): 충성 고객임을 강조하며 대체품 요청 → 도움 불가 안내 예정","+ 구매 약 7개월 경과  
+ (최근 2년) 총 주문 122개 / FBA 환불 0건 / 셀러 환불 0건 / 셀러 코드 발급 0건  
1. 사진 첨부되어 있으나 황변은 사용환경 영향 가능성이 높은 이슈  
2. 내부 이력상 관리대상 고객 (사진 도용, 지속적 환불 요청, 리셀러 의심 티켓 다수 확인)  
3. 타 티켓 #1000044110 동일 황변 건 → 관리 고객 지정 후 NRN 처리 이력 존재  
4. 충성 고객 조건은 충족하나(주문 수 기준), 관리 대상 고객으로 일반 케이스와 다르게 판단 필요  
※ 위 근거로 “사용환경 영향으로 제조상 결함 확인 불가 및 도움 불가” 예정","1. 고객 상황에 대해 유감스럽게 생각
2. 황변의 경우, 형광등, 자외선 노출, 충전기 발열, 화장품 등 다양한 유저의 사용환경 및 외부요인에 의해 발생될 수 있음  
3. 워런티 도움 불가 안내",나아름 Jane 글로벌CX전략팀,"May 18, 10:43 AM
@
김지우 Kevin 글로벌CX전략팀
 프로님, 이 고객 관리대상지정 고객인 점 확인했습니다.
이전에도 ""리셀러는 당사의 공식 비즈니스 파트너가 아니므로 리셀러와 고객 간 거래 및 사용중 발생한 이슈에 대해 제품 워런티 및 도움 드릴수 없음""으로 안내 후, NRN 처리된 이력이 있네요...!
말씀주신대로 도움불가 유지 부탁드리겠습니다~!
May 18, 10:43 AM"
김지우 Kevin 글로벌CX전략팀,https://spigenhelp.zendesk.com/agent/tickets/1000146642,"링크: https://spigenhelp.zendesk.com/agent/tickets/1000146642
국가 / 제품: IT / Google Pixel 10 Pro PowerArc (ArcStation Essential GaN 45W)
ASIN=B0GK66R3N4 / SKU=ACH09474
구매일자: 2026-03-30","1차: 충전기 작동 불가 주장(타 충전기 정상 작동) → 영상 및 주문정보 요청
2차(현재): 영상 및 Order ID 제출, 충전 불량 재확인 → 환불 또는 조치 요청","구매 약 1개월 8일 경과
(최근 2년) 총 주문 1개 / FBA 환불 0건 / 셀러 환불 0건 / 셀러 코드 발급 0건
영상 통해 충전 불가 현상 확인되며, 타 충전기 정상 작동으로 제품 단일 이슈 가능성 존재
GCX 기준상 제조상 결함 단정은 어려우나 기능 미작동 증빙 확보된 케이스
타고객 유사 전례상 충전기 기능 불량 건 교체(MCF) 대응 다수(해당 ASIN은 첫 인입)
단일 주문 고객으로 충성 고객 아님
※ 위 근거로 “제조상 결함 확인 불가, 고객 불편 고려 MCF 발송” 예정","제품 사용 중 불편을 겪으신 점 유감
확인 결과 제조상 결함은 발견되지 않았으나, 고객 불편을 고려하여 대체품 제공 예정(MCF 진행)",나아름 Jane 글로벌CX전략팀,"May 18, 11:25 AM
@
김지우 Kevin 글로벌CX전략팀
 프로님, 고객 영상 확인했습니다. 대체품 제공으로 안내 부탁드립니다. (재고: 196개)
May 18, 11:25 AM"
임영신 June 글로벌CX전략팀,https://spigenhelp.zendesk.com/agent/tickets/1000147634,"https://spigenhelp.zendesk.com/agent/tickets/1000147634
국가 / 제품:  IN / Galaxy Watch 6 Classic (47mm) Modern Fit 316L 
ASIN: B0C62XZCQF
구매일자: 2026-03-10","1차: 퀵 릴리즈 메커니즘에 문제가 있음. 퀵 릴리즈 핀의 스프링 장력이 너무 강해서 스트랩을 시계 본체에서 분리하기가 매우 어려움. 정상적인 사용 수준을 넘어서는 힘이 필요해 손톱이 계속 손상될 정도라고 하며, 이는 설계 의도라기보다는 제조 결함일 가능성이 있음. 해당 제품에 대해 교환 또는 해결 방안을 요청드림.
-> 제품 영상 + 파손 경위 문의
2차: 영상 첨부",(최근 2년) 총 주문 제품 6개 / FBA 환불 제품 1개 / 셀러 환불 0건 / MCF 발송 0건 -> 충성 고객,"고객 제품 사용 불편 유감 
고객 의견 유관부서에 전달 완료+ 고객 불편 고려하여 환불 도움
May 18, 3:35 PM",,
김지우 Kevin 글로벌CX전략팀,https://spigenhelp.zendesk.com/agent/tickets/1000146647,"링크: https://spigenhelp.zendesk.com/agent/tickets/1000146647
국가 / 제품: IN / iPhone 13 Ultra Hybrid
ASIN=B096HKQK9W / SKU=ACS03522INP
구매일자: 2025-12-10","1차: 황변 및 TPU 변형 주장 → 외부 요인 안내 및 도움불가
2차: 동일 사유 재클레임 → 도움불가 재안내
3차(현재): 심한 황변(사진 첨부) 및 품질 문제 주장, 환불/교체 요구 + 미해결 시 Amazon 및 소비자 플랫폼 에스컬레이션 언급 → 추가 보상 요구","구매 약 5개월 경과
(최근 2년) 총 주문 4개 / FBA 환불 1건 / 셀러 환불 2건 / 셀러 코드 발급 0건
황변 사진 첨부되었으나 투명 TPU 특성 및 사용환경 영향 가능성 높음
동일 사유로 과거 UH 케이스 황변 환불 이력 존재 (#1000130182)
GCX 기준상 반복 동일 사유 + 기사용 제품 황변 → 추가 보상 비대상
IN 고객 + 에스컬레이션(소비자 플랫폼 언급)으로 강성 클레임 성향 확인
충성 고객 조건 미충족 (환불 비율 과다)
※ 위 근거로 “반복 클레임 및 기보상 이력 고려, 추가 지원 불가 (NRN 전환)” 예정","고객 상황에 대해 유감
황변의 경우, 형광등, 자외선 노출, 충전기 발열, 화장품 등 다양한 유저의 사용환경 및 외부요인에 의해 발생될 수 있음
도움 불가 3차 안내(재인입시 NRN)
May 11, 12:24 PM",,
김지우 Kevin 글로벌CX전략팀,https://spigenhelp.zendesk.com/agent/tickets/1000146807,"링크: https://spigenhelp.zendesk.com/agent/tickets/1000146807
국가 / 제품: IN / iPhone 17 Thin Fit Clear T MagFit
ASIN=B0FS1RL5VQ / SKU=ACS10624INP
구매일자: 2026-02-28",1차(현재): 내부 균열 발생(영상 첨부) + 버튼부 황변 주장 → 환불 또는 교체 요청,"구매 약 2개월 경과
(최근 2년) 총 주문 3개 / FBA 환불 0건 / 셀러 환불 0건 / 셀러 코드 발급 0건
영상 기준 내부 균열 확인되나 외부 충격 여부 단정 어려움 (외관 정상)
황변 동반 주장 → 투명/클리어 소재 특성상 외부 요인 영향 가능성 존재, 영상상 황변 미미
GCX 기준상 사용 중 발생한 균열은 제조상 단정 어려움이나, 초기 발생 시 고객 불편 고려 가능
유사 전례(#1000133040) 동일 모델 균열 → 폐기 후 예외적 환불 진행 사례 있음
충성 고객 (주문 3건, 환불 0건)
※ 위 근거로 “제조상 결함 확인 불가, 고객 불편 고려 폐기 후 환불” 예정","제품 사용 중 불편을 겪으신 점 유감
사진 확인 결과 제조상 결함은 확인되지 않았음
고객 불편을 고려하여 환불 도움 예정(폐기 확인 후 환불)
May 11, 12:27 PM",,
김지우 Kevin 글로벌CX전략팀,https://spigenhelp.zendesk.com/agent/tickets/1000146930,"링크: https://spigenhelp.zendesk.com/agent/tickets/1000146930
국가 / 제품: DE / Galaxy Z Fold 7 Tough Armor Pro MagFit
ASIN=B0F1B7GKC9 / SKU=ACS09550
구매일자: 2025-08-22","1차: 힌지 파손(사진 첨부) → 사용 중 외부 요인 가능성 안내 및 도움 불가
2차(현재): 1년 미만 사용 제품임에도 힌지 파손 주장 + 강한 불만 및 브랜드 불매 의사 표출 → 워런티 인정 및 보상 요구","구매 8개월 18일 경과
(최근 2년) 총 주문 3개 / FBA 환불 2건 / 셀러 환불 0건 / 셀러 코드 발급 0건
힌지 돌기 파손 사진 제출되었으나 사용 중 충격/외부 요인 가능성 높음
GCX 기준상 사용 중 파손 → 워런티 대상 아님 판단 타당
유사 전례: 힌지/구조 파손 케이스 대부분 도움 불가 또는 제한적 보상 (#1000110977 참고)
충성 고객 아님 (주문 3 / 환불 2 → 비율 초과)
“브랜드 불매” 언급 등 강성 클레임
※ 위 근거로 “제조상 결함 확인 불가, 고객 불편 고려 대체품(MCF) 제공” 예정","고객 상황에 대한 유감 표현
사진 확인 결과, 사용환경 및 외부 영향에 의한 파손으로 사료되며 제조상 결함은 확인되지 않음
고객 불편을 고려하여 대체품 제공으로 도움 예정 (MCF진행)
May 11, 5:37 PM",,
김지우 Kevin 글로벌CX전략팀,https://spigenhelp.zendesk.com/agent/tickets/100014672,"링크: https://spigenhelp.zendesk.com/agent/tickets/100014672
https://spigenhelp.zendesk.com/agent/tickets/1000146724
국가 / 제품: NL / Galaxy S26 Ultra Glas.tR
 EZ Fit Pro
ASIN=B0G7S8J7SJ / SKU=AGL11068
구매일자: 2026-03-01","1차: 반려견 발에 의해 글라스 파손 → 외부 요인으로 도움 불가 안내
2차: 웹사이트 내 저가 교체 프로그램 근거로 50% 교체 요청 → 프로그램 종료 안내 및 도움 불가
3차(현재): 네덜란드 법 적용 주장하며 서비스 이행 요구 및 법적 대응 가능성 언급 → 보상 요구 지속","구매 2개월 경과
(최근 2년) 총 주문 3개 / FBA 환불 0건 / 셀러 환불 0건 / 셀러 코드 발급 0건
반려견 발 압력에 의한 글라스 파손 → 명확한 외부 충격 케이스
GCX 기준상 외부 요인에 의한 파손 → 워런티 대상 아님
웹사이트 내 종료된 “GLAS.tR
 Replacement Program” 근거로 요구 → 현재 미운영 확인
법적 의무 주장 및 강성 대응 (Legal action 언급)
충성 고객 (주문 3 / 환불 0)이나, 명확한 외부 요인 + 정책 오용 케이스
※ 위 근거로 “외부 요인 파손 + 종료된 프로그램 → 도움 불가 유지” 예정","고객 상황에 대한 유감 표현
사용환경 및 외부 영향에 따른 파손으로 확인되며 제조상 결함으로 보기 어려움
제품사진 및 바코드 요청
(사진상 결함 확인시)고객 불편 고려 이번만 예외적으로 환불 도움 예정
(사진상 결함 확인시)앞으로도 자사 제품에 많은 관심 바람
Screen protector cracked when dog put paw on it
#1000146724
My phone was om the couch and my 24 kgs lab put one of her paws on it, which made it crack. Pretty surprised to be honest as of course it's not her entire weight being placed on one paw (from my ex...
Status         pending
Priority        high
View
Update
Comment
By 
Zendesk
App
Remove preview
May 11, 5:43 PM",,
임영신 June 글로벌CX전략팀,https://spigenhelp.zendesk.com/agent/tickets/1000146911,"https://spigenhelp.zendesk.com/agent/tickets/1000146911
국가 / 제품: IT / Spigen Essential CryoMax MagFit Qi2.2 25W
ASIN: B0FPTKNYP3
구매일자: 2026-05-06","1차: 오늘 받았는데 아쉽게도 어떤 방식으로도 냉각 팬이 작동하지 않는 것을 확인했음. 여러 케이블과 충전기를 사용해봤고, 스마트폰도 잠시 충전 상태로 두었지만 냉각 팬이 전혀 돌아가지 않음.
차량에서 사용 시 온도가 많이 올라가는 점 때문에 냉각 팬 기능이 있는 제품을 구매했으나, 현재 팬이 전혀 작동하지 않아 해당 상황에 대해 매우 실망스러움. 도움을 부탁드림.
-> 초저소음 냉각 팬이 장착되어 작동 소리가 잘 들리지 않을 수 있음 안내 + 이슈를 보여주는 사진, 바코드 사진, 충전 기기와 어댑터 모델명 요청
2차: 현재 스마트폰이 한 대뿐이라 충전 중인 상태를 촬영할 방법이 없다고 함. 며칠 후 업무 출장 예정이라고 설명하며 빠른 도움이 필요함.
-> 핸드폰이 하나라며 사진 촬영 불가 주장 + 충전 기기와 어댑터 모델명 재요청
3차: (핸드폰이 하나라며 사진 촬영 불가 주장 + 충전 기기와 어댑터 모델명 재요청 후 재인입) 
휴대폰은 Pixel 10 Pro, 어댑터는 40W PD로 충전용으로만 사용함. 기기, 케이블, 어댑터가 모두 정상적으로 연결된 사진 첨부함.","다른 구매 내역 확인 안됨
현재 재고 있음 (216 fulfillable)","고객 불편 유감
유관 부서 확인 결과 유사 사례 보고된 바 없음 + 첨부 영상 등 증빙 자료가 없음 + 제조상 결함 파악되지 않음+ 그러나 고객 불편 고려하여 예외적으로 대체품 제공 도움 드리고자 함+ 동의시 정보 요청
May 12, 4:19 PM",,
"2 unread,",https://spigenhelp.zendesk.com/agent/tickets/1000146508,"https://spigenhelp.zendesk.com/agent/tickets/1000146508
국가 / 제품: UK / Spigen Ultra Hybrid MagFit Case for Samsung Galaxy S26 
ASIN: B0FV9YH7B3
구매일자: 2026-03-17","1차: 케이스가 너무 타이트해서 제거할 때 휴대폰이 휘어질 것 같고 상단부도 제대로 맞지 않음.
-> 제품 및 바코드 사진 + 이슈 발생 시기 문의
2차: 제품 및 바코드 사진 첨부.","(최근 2년) 총 주문 제품 5개 / FBA 환불 제품 2개 / 셀러 환불 0건 / MCF 발송 0건
(재고: 312개)","고객 불편 유감
고객 의견 유관 부서 전달+불편 고려하여 예외적으로 대체품 제공 도움 드리고자 함 + 동의시 정보 요청",양숙랑 Grace 글로벌CX전략팀,"May 13, 12:17 PM
프로님. 사진보니까 불량처럼 보이네요.
제안대로 안내 부탁드려요.
May 13, 12:17 PM"
임영신 June 글로벌CX전략팀,https://spigenhelp.zendesk.com/agent/tickets/1000147212,"https://spigenhelp.zendesk.com/agent/tickets/1000147212
국가 / 제품: ES / iPhone 16e용 TA MagFit 케이스
ASIN: B0DKGCS8DD
구매일자: 2025-07-14","1차: iPhone 16e용 TA MagFit 케이스 사용 중 외부 쉘이 내부 TPU 레이어와 분리되기 시작함. 정상적인 사용 중에도 두 부품이 계속 벌어짐.
-> TA MagFit 케이스는 두 개의 레이어로 구성된 제품으로 재결합 요청 + 문제 지속 시 사진/영상 요청
2차: 두 레이어를 조심스럽게 다시 조립했음에도 한쪽 특정 부분이 제대로 결합되지 않음. 해당 부위에 약간의 틈이 있으며, 일반적인 사용 중 손가락으로 스치기만 해도 외부 쉘이 분리됨. 교체 요청
*영상 확인 시, 손가락으로 힘을 주면 빠지는 것이 확인되지만 특이사항은 확인되지 않음
-> 영상 확인 시, 이슈 확인 불가하여 도움 불가
3차: 외부 쉘이 TPU 레이어와 밀착되지 않고 분리되는 현상은 설계 특징이 아닌 제조상 결함임.
케이스가 정상적인 사용 중이나 손가락으로 가장자리를 스치는 정도로 분리되어서는 안되며, 측면이 제대로 고정되지 않고 딸깍 맞물리는 느낌이 없는 점이 보호 성능의 완성도를 저하시킴. 오랫동안 충성 고객이었으며, 제품 품질 기준에 부합하지 않는 만큼 교체가 공정한 해결책이라고 생각함","(최근 2년) 총 주문 제품 1개 / FBA 환불 제품 0개 / 셀러 환불 0건 / MCF 발송 0건
구매 후 9개월 경과","고객 불편 유감
TA MagFit 케이스는 재결합 가능한 이중 레이어 구조의 제품이며, 해당 현상은 제조상의 결함 아님 + 도움 불가 2차 안내
May 13, 4:02 PM",,
임영신 June 글로벌CX전략팀,https://spigenhelp.zendesk.com/agent/tickets/1000147055,"https://spigenhelp.zendesk.com/agent/tickets/1000147055
국가 / 제품: IT / EV25MFAQ Essential Cryomax MagFit Qi 2.2 25W 무선 차량용 충전기
ASIN: B0FPTKNYP3
구매일자: 2026-02-17","1차: 더 이상 냉각되지 않음. 처음 몇 달 동안은 냉각이 잘 되었지만, 이제는 충전 중에 휴대전화가 즉시 과열됨.
냉각 팬이 작동할 때는 매우 차가웠던 충전기 표면을 이제 만져보면 매우 뜨거움.
-> 제품 상태에 대한 사진 요청 + 기기 및 어댑터 모델명 문의 + 무선 충전기의 표면 온도 문의 + 냉각팬이 완전히 작동을 멈추었는지 문의.
2차: 제품 사진 두 장을 첨부. iPhone 17 Pro를 사용 중이며, 130W USB-C 차량용 충전기(시가잭)를 사용했음.
온도가 얼마나 내려갔는지는 정확히 모르겠지만, 처음 충전할 때는 휴대폰을 꺼내 슈피겐 케이스 표면을 손으로 만져보니 훨씬 시원했음. 하지만 지금은 거의 따뜻한 정도이고, 충전 직후에는 휴대폰이 ""과열""로 인해 보호 모드로 전환되어 더 이상 충전이 되지 않음. 냉각 팬은 작동하는 것 같지만, 실제로는 뜨거운 바람만 내뿜음. 휴대폰을 식히는 대신 오히려 더 뜨겁게 만듦.
-> 지원되는 파일 타입 안내 (Amazon Buyer Message)
3차 요약: 제품 사진 첨부","(최근 2년) 총 주문 제품 14개 / FBA 환불 제품 3개 / 셀러 환불 1건 / MCF 발송 0건 - 충성 고객
B0FPTKNYP3 MCF 발송용 가용 재고: 188개","고객 불편 유감
첨부 자료에서 문제 파악 되지 않으나, 고객 불편 고려하여 예외적으로 대체품 제공 도움 드리고자 함+ 동의시 정보 요청
May 13, 5:16 PM",,
"3 unread,",https://spigenhelp.zendesk.com/agent/tickets/1000146298,"https://spigenhelp.zendesk.com/agent/tickets/1000146298
국가 / 제품: SE /iPhone 17 Pro Max용 UH MagFit 케이스
ASIN: B0FR85ZZVF
구매일자: 2026-04-03","1차: iPhone 17 Pro Max용 UH MagFit 케이스를 평범하게 사용한 지 일주일 만에 재질에 스크래치가 생기고 마모되었으며, 투명한 외관이 눈에 띄게 저하됨. 이처럼 짧은 사용 기간 안에 품질이 이 정도 수준으로 저하된 것은 용납할 수 없음. 교체는 원하지 않고 전액 환불 요청. (사진 첨부)
-> 슈피겐 로고가 보이는 사진 요청
2차: 사진 첨부
3차: 정상적인 사용 환경에서 조심스럽게 사용한지 일주일만에 발생한 것이라 해당 내용에 동의할 수 없음. 소비자 보호 기준에 따르면 합리적인 기간 동안 내구성이 있고 제 기능을 다해야 하는데 그렇지 못했으므로 이런 기준을 충족하지 못함. 교환이 아닌 환불 원함
-> 제품의 상태는 사용 패턴 및 환경 요인에 따라 변하므로 제조상 결함이 아니므로 도움 불가 2차 안내
4차: 정상적인 사용을 한 지 단 일주일 만에 케이스에 눈에 띄는 스크래치와 마모가 발생하여 받아들이기 어려움. 일상적인 사용을 전제로 설계된 케이스라면 일정 기간 동안 외관을 유지해야 하며 단 일주일 만에 이러한 상태가 되는 것은 소재 품질에 분명한 문제가 있다는 것임. Spigen 브랜드의 내구성과 신뢰성을 믿고 구매했지만 그러한 기대에 부합하지 않음. 교환이 아닌 전액 환불을 요청함. 
문제가 원만히 해결되지 않을 경우, Amazon의 A-to-Z 보증 및 관련 소비자 보호 절차를 통해 문제를 제기할 예정임.",(최근 2년) 총 주문 제품 1개 / FBA 환불 제품 0개 / 셀러 환불 0건 / MCF 발송 0건,"고객 불편 유감
이전에 안내한 바와 같이 사용 환경에 따른 제품 손상으로 판단됨+이 경우 워런티 대상 아님
그러나 고객 불편 고려하여 예외적 환불 도움 드리고자 함",양숙랑 Grace 글로벌CX전략팀,"May 6, 12:13 PM
프로님. 해당건 제안대로 환불안내 부탁 드립니다.
Amazon의 A-to-Z 보증은 고객이 쉽게 등록할수가 있어서 번거롭게 만들지 않고 환불로 잘 클로징 하도록 해요.
May 6, 12:13 PM"
김지우 Kevin 글로벌CX전략팀,https://spigenhelp.zendesk.com/agent/tickets/1000146460,"링크: https://spigenhelp.zendesk.com/agent/tickets/1000146460
국가 / 제품: UK / Galaxy S25 FE Rugged Armor
ASIN=B0FC8971XW / SKU=ACS10025
구매일자: 2026-04-29","1차: MIL-STD 낙하 테스트 보고서 요청 → 내부 기밀로 공유 불가 안내
2차(현재): 테스트 자체는 인정하나, 요약/검증서/시험기관 정보 등 최소한의 공개 요청 및 투명성 문제 제기 → 담당부서 확인 후 안내 요청 상태","구매 약 7일 경과
(최근 2년) 주문/환불 이력: N/A
핵심 쟁점: 제품 품질 클레임이 아닌 “MIL-STD 인증 신뢰성/투명성” 관련 정책 문의 (증빙 요구, 제3자 테스트 여부 등)
내부 기준 검토: 시험 리포트 및 인증 관련 자료는 내부 기밀로 외부 제공 불가, 일반 사양 수준 안내만 가능
타고객 유사 전례: MIL-STD 보고서 요청 건 다수 동일 응대 (보고서 미공개 + 일반 설명)
※ 위 근거로 “시험 통과 사실 안내 + 내부 문서 비공개 정책 유지 + 일반 설명 제공” 예정","고객 상황에 대한 유감 표현
해당 제품은 MIL규격 획득한 제품으로 보고서 상세 사항은 외부 배포 불가한 점 다시 한 번 양해 바람
Feedback on MIL‑STD‑810G Test Documentation
#1000146460
Dear Spigen Customer Service,
Thank you for your reply. I appreciate you confirming that the Rugged Armor case was tested according to your internal procedures. However, I want to express my disapp...
Status         hold
Priority        high
View
Update
Comment
By 
Zendesk
App
Remove preview",임영신 June 글로벌CX전략팀,"May 4, 2:01 PM
네, 위 제품 확인해보도록 하겠습니다.
May 4, 2:01 PM"
"2 unread,",https://spigenhelp.zendesk.com/agent/tickets/1000146263,"https://spigenhelp.zendesk.com/agent/tickets/1000146263
국가 / 제품: IN / iPhone 16용 UH 케이스
ASIN: B0D21WT5PS
구매일자: 2025-09-22","1차: 황변 
서로 다른 3개의 이메일 사용
1. anandhusubhash5059@gmail.com (본티켓) 
 2. visalps4149@gmail.com
#1000113782 iPhone 13 Pro용 CYRILL Leather Brick 케이스 TPU 분리 -> 100% 환불
#1000132742 iPhone 17용 UH 케이스 황변으로 폐기 사진 확인 후 100% 환불
 3. unnips1235@gmail.com  
#1000142253 iPhone 17용 UH가 정상적인 사용 기간 중에 황변됨. 투명 케이스의 황변 가능성은 이해하지만 황변 속도가 너무 빠름. 
-> 도움 불가",(최근 2년) 총 주문 제품 6개 / FBA 환불 제품 0개 / 셀러 환불 2건 / MCF 발송 0건,"고객 불편 유감
투명 케이스의 오염 및 변색 정도는 사용 기간, 환경 조건, 사용 패턴 등의 요인에 따라 상이함 + 이전에도 예외적으로 도움 드린 이력 확인됨 
도움 불가 1차 안내",임영신 June 글로벌CX전략팀,"May 4, 2:15 PM
네 맞습니다. 아래 reply에 인도 조가윤p에게 받은 내용 공유드렸습니다 
May 4, 2:15 PM"
김지우 Kevin 글로벌CX전략팀,https://spigenhelp.zendesk.com/agent/tickets/1000146296,"링크: https://spigenhelp.zendesk.com/agent/tickets/1000146296
국가 / 제품: ES / Galaxy S26 Ultra Tough Armor MagFit
ASIN=B0FVBHT64R / SKU=ACS11033
구매일자: 2026-03-01","1차: 케이스 우측 상단 분리 발생(사진 첨부) → 재조립 가이드 안내 및 정상 장착 요청
2차(현재): 측면 탭 완전 분리 및 결합부 파손 진행 주장 → 정상 사용 불가로 교체 요청","구매 약 2개월 경과
(최근 2년) 총 주문 5개 / FBA 환불 0건 / 셀러 환불 0건 / 셀러 코드 발급 0건
사진 및 고객 설명상 측면 결합부 이탈 및 파손 진행 상태 확인됨 (정상 사용 어려움 호소)
GCX 기준상 외부 요인 가능성 존재하나, 사용 기
간 및 상태 고려 시 고객 불편 해소 필요
유사 전례: TPU/PC 이중 구조 제품에서 결합부 이탈 이슈 존재 (TPU 분리 사례 참고)
최근 2년 주문 5건, 환불 이력 없음 → 충성 고객 해당
※ 위 근거로 “제조상 결함 확인 불가, 고객 불편 고려 대체품 제공” 예정","제품 사용 중 불편을 겪으신 점 유감
확인 결과 제조상 결함은 발견되지 않았으나, 고객 불편을 고려하여 대체품 제공 예정(MCF 진행)
앞으로도 슈피겐 제품에 많은 관심 부탁드립니다.",임영신 June 글로벌CX전략팀,"May 4, 2:02 PM
확인 감사합니다.
May 4, 2:02 PM"
김지우 Kevin 글로벌CX전략팀,https://spigenhelp.zendesk.com/agent/tickets/1000146379,"링크: https://spigenhelp.zendesk.com/agent/tickets/1000146379
국가 / 제품: ES / Tesla Model 3/Y (New Biz)_TO227H
ASIN=B0D7N5CB6X / SKU=ACP08373
구매일자: 2026-03-03","1차: 제품 한쪽은 정상 고정되나 반대쪽 미고정으로 주행 중 진동 발생 → 영상 및 차량 정보 요청
2차(현재): 영상 + 차량 VIN 제출, 한쪽 측면 미결합 상태 지속 → 정상 사용 불가, 해결 요청","구매 약 2개월 경과
(최근 2년) 총 주문 16개 / FBA 환불 1건 / 셀러 환불 0건 / 셀러 코드 발급 0건
영상 기준 한쪽 자석 고정 불량으로 진동 발생 확인 (기능적 사용성 저하)
공지된 호환성 이슈 케이스로 확인 → 제품 구조/차량 베리에이션 영향 가능성 존재
패키지 바코드 미보유이나, VIN 및 영상으로 실사용 확인 충분
최근 2년 16건 구매, 환불 이력 낮음 → 충성 고객 해당
※ 위 근거로 “제조상 결함 확인 불가, 고객 불편 고려 환불 100%” 예정","제품 사용 중 불편을 겪으신 점 유감
확인 결과 제조상 결함은 발견되지 않았으나, 고객 불편을 고려하여 환불로 도움 예정
앞으로도 자사 제품에 관심 바람",임영신 June 글로벌CX전략팀,"May 4, 2:03 PM
확인 감사합니다!
May 4, 2:03 PM"
"3 unread,",https://spigenhelp.zendesk.com/agent/tickets/1000146352,"https://spigenhelp.zendesk.com/agent/tickets/1000146352
국가 / 제품: IN / Spigen Optik Armor for Samsung Galaxy S24 Ultra Case, Galaxy S24 Ultra Back Cover (2024) - TPU+Poly Carbonate｜Black
ASIN: B0CM4N9TZB
구매일자: 2025-11-02","1차: 일상에서 일반적으로 사용 및 적절한 관리 하에 사용했음. 그러나 최근 외부 소재 손상과 구조적 마모가 발생해 핏과 보호 기능에 영향을 주는 상태가 확인됨. 큰 충격이나 오남용 없이 발생했음. 해당 제품은 TPU/폴리카보네이트 소재 및 밀리터리 등급 낙하 보호로 광고된 제품이라 예상보다 빠른 열화는 제조 결함 가능성이 있을 것 같음. 이에 대해 보증 교환 또는 적절한 해결을 부탁함. (사진 요청)
-> 다른 각도의 사진 + 슈피겐 로고 사진 + 파손 경위 문의
2차: (사진 첨부) 일상에서 평범하게 사용했고, 낙하나 충격 또는 오용은 없었음.
-> 사용 중 생긴 결함 1차 안내 (환불 X)
3차: 5개월 밖에 사용하지 못했는데 너무 짧은 기간 안에 일상적으로 사용했을 뿐인데 손상되었음. 케이스가 더 오래 유지되길 바랐음.
-> 예외적 50% 환불 제안
4차: 짧은 기간 안에 손상은 내구성 문제이므로 환불보다는 교환 요청.
-> FBA 배송으로 대체품 제공 불가 + 거부 시, 예외적 50% 환불 2차 제안","다른 구매 내역 확인 안됨
구매 후 6개월 경과","고객 불편 유감
사용 환경 및 사용 습관으로 인한 파손은 제조 결함이 아님 + 예외적 50% 환불 3차 제안",임영신 June 글로벌CX전략팀,"May 4, 2:03 PM
네, 감사합니다!
May 4, 2:03 PM"
"2 unread,",https://spigenhelp.zendesk.com/agent/tickets/1000145847,"https://spigenhelp.zendesk.com/agent/tickets/1000145847
국가 / 제품: JP / Google Pixel Watch 3용 Rugged Armor Pro 
ASIN: B0D4655KRR
구매일자: 2024-09-19","1차: 제품 파손되어 수리 가능 여부 문의 
->  사용 중 생긴 결함 안내 1차
2차: 제품을 장착하자마자 바로 파손됨. 제품 자체의 결함이라고 생각함.
-> 사용 중 생긴 결함 안내 2차 
3차: 2024년 9월 29일에 리뷰를 작성
4차: 고객의 메시지를 무시하고 있으며, 리뷰시스템이 제대로 작동하지 않는다면 없애라고 불만을 제기함. 축적된 충격이 아닌 구입한 직후에 문제가 발생함",(최근 2년) 총 주문 제품 1개 / FBA 환불 제품 0개 / 셀러 환불 0건 / MCF 발송 0건,"고객 불편 유감
사용 기간 1년7개월 이상 경과 확인
사용 중 생긴 결함 안내+워런티 대상 아님+도움불가 3차 안내 (이후 NRN)",임영신 June 글로벌CX전략팀,"May 4, 2:04 PM
확인 감사해요!
May 4, 2:04 PM"
"1 unread,",https://spigenhelp.zendesk.com/agent/tickets/1000146436,"링크: https://spigenhelp.zendesk.com/agent/tickets/1000146436
국가 / 제품: IT / iPhone 17 Pro Max Ultra Hybrid T MagFit
ASIN=B0FD22YW2J / SKU=ACS10046
구매일자: 2026-05-02","1차: 케이스 하단 자석 탈락 문의 → Amazon CS 통한 교환/환불 안내
2차: Amazon은 교환 불가, 반품만 가능 주장 → 동일하게 Amazon CS 재안내
3차(현재): 교환 불가에 대한 불만 지속 제기 → 셀러 통한 교환 가능 여부 재요청","구매 4일 경과
(최근 2년) 총 주문 8개 / FBA 환불 1건 / 셀러 환불 1건 / 셀러 코드 발급 0건 (2년전 환불 3개 더 존재)
사진/영상 미첨부 상태로 제품 이상 여부 확인 불가
FBA 주문 건으로 교환/환불은 Amazon 프로세스 통해서만 처리 가능
관리대상 고객 (지속적 환불 요청 이력 다수)
#1000093744, #1000041885 외 과거 환불 반복 이력 존재
충성 고객 기준 충족 (주문 8건 / 환불 2건 → 비율 조건 충족) → #충성고객 적용
※ 위 근거로 “FBA 정책에 따른 Amazon CS 재안내 및 추가 도움 불가” 예정","제품 사용 중 불편을 겪으신 점 유감
아마존 주문 건으로 교환 및 환불은 Amazon 고객센터를 통해 진행 필요 (FBA CS 3차 안내)
도움 불가한 점 양해 부탁(재인입시 NRN)
Richiesta informazioni prodotto da parte del cliente Amazon Simone (Ordine: 407-9733711-6218739)
#1000146436
Order ID: 407-9733711-6218739:
#: 1
ASIN: B0FD22YW2J
Product Name: Spigen Cover per iPhone 17 Pro Max, Ultra Hybrid T MagFit, Compatibile con MagSafe [Tecnologia DuraClear] - Glossy White
Message:
...
Status         pending
Priority        normal
View
Update
Comment
By 
Zendesk
App
Remove preview",임영신 June 글로벌CX전략팀,"May 4, 4:39 PM
확인 감사합니다.
May 4, 4:39 PM"
김지우 Kevin 글로벌CX전략팀,https://spigenhelp.zendesk.com/agent/tickets/1000146407,"링크: https://spigenhelp.zendesk.com/agent/tickets/1000146407
국가 / 제품: IT / iPhone 17 Pro Enzo Aramid T MagFit
ASIN=B0FD22YWNK / SKU=ACS09959
구매일자: 2026-05-01","1차: 중고품 수령 및 오염 문제 → 아마존 통해 환불 완료 안내
2차: 동일 제품 재구매 후 우측 들뜸/형합 불량 주장 → 사진 요청
3차(현재): 반복 장착 시도에도 우측 프레임 들뜸 지속, 재반품 원치 않음 → 해결 요청","구매 5일 경과
(최근 2년) 총 주문 5개 / FBA 환불 1건 / 셀러 환불 0건 / 셀러 코드 발급 0건
사진상 명확한 결함 식별은 어려우나, 고객은 우측 들뜸 현상 지속 주장 (장탈착 반복 시도 언급)
GCX 기준상 형합 이슈는 외부 요인/장착 방식 영향 가능성 존재하나 초기 구매 + 신제품 고려 시 고객 불편 반영 필요
타고객 유사 전례: 신제품 형합 이슈 다수 → 초기 대응 시 환불/MCF 병행 사례 존재 (참고 필요)
충성 고객 여부: 총 주문 5건 / 환불 1건 → 충성고객 해당
※ 위 근거로 “제조상 결함 확인 불가, 고객 불편 고려 MCF 제공” 예정","제품 사용 중 불편을 겪으신 점 유감
사진 확인 결과 제조상 결함은 확인되지 않았음
예외적인 대체품 제공 예정(MCF 진행)",임영신 June 글로벌CX전략팀,"May 4, 4:29 PM
@
양숙랑 Grace 글로벌CX전략팀
 리더님, 
TCT chat log 와 먼데이 연동 (Zapier 이용)은 잘 되는 것으로 보여, 검토 중 치명적인 점을 발견하였습니다. 
현재는 trial (14일)이어서 별 문제 없이 모든 기능을 이용할 수 있었으나.. 무료로 전환되면 중간에 필터링되는 기능을 사용할 수 없다고 합니다 
그래서, TCT chat log 시트 내에 별도의 tab을 만들어, Zapier가 가져갈 데이터만 따로 모아주는 방법을 시도해보고자 하는데요. 이를 위해 TCT chat log 내 tab 생성을 해도 될까요? 
Zapier의 트리거를 '원본 시트'가 아닌 '리스팅 에러 전용 시트'에 새 행이 생길 때로 설정하여 무료 플랜을 그대로 유지할 수 있다면 좋을 것 같습니다.
+ 만약 TCT chat log 시트 내에 생성하여 데이터가 넘 무거워지는 문제가 우려되시면 ,새로운 시트에 연동하겠습니다~!
May 4, 4:29 PM"
김지우 Kevin 글로벌CX전략팀,https://spigenhelp.zendesk.com/agent/tickets/1000146293,"링크: https://spigenhelp.zendesk.com/agent/tickets/1000146293
국가 / 제품: DE / Waterproof Backpack
ASIN=B0DPY3XST4 / SKU=AMP07875
구매일자: 2025-10-10","1차: 짧은 사용 후 봉제선 터짐 → 사진 및 사용환경 요청
2차: 일상적 출퇴근 사용, 외부환경 영향 없다고 주장 → 사진 재요청
3차: 사진 제출 → 외부 요인/마모로 판단, 도움 불가 안내
4차: 제조 문제 주장하며 워런티 요구 → 50% 환불 제안
5차(현재): 환불 대신 무상 교환 요청 → 부분 환불 유지 필요","구매 6개월 25일 경과
(최근 2년) 총 주문 2개 / FBA 환불 0건 / 셀러 환불 0건 / 셀러 코드 발급 0건
사진상 봉제선 이탈 및 버클 파손 확인되나, 사용 기간 및 형태상 외부 요인/마모 가능성 존재
GCX 기준상 사용 중 발생한 파손으로 분류되어 전액 보상/교환 어려움
타고객 유사 전례: 장기간 사용 후 봉제/파손 이슈 → 부분 환불 또는 도움불가 처리 사례 다수
충성 고객 아님 (주문 2건)
※ 위 근거로 “제조상 결함 확인 불가, 고객 불편 고려 MCF” 예정","고객 상황에 대한 유감 표현
사진 확인 결과, 사용환경 및 외부 영향에 의한 파손으로 사료되며 제조상 결함은 확인되지 않음
예외적인 대체품 제공 예정(MCF 진행)",양숙랑 Grace 글로벌CX전략팀,"May 4, 4:54 PM
프로님. 링크가 1000146166으로 연결되네요. 잠시만요.
티켓확인해 볼께요.
May 4, 4:54 PM"
김지우 Kevin 글로벌CX전략팀,https://spigenhelp.zendesk.com/agent/tickets/100014634,"링크: https://spigenhelp.zendesk.com/agent/tickets/100014634
https://spigenhelp.zendesk.com/agent/tickets/1000146344
국가 / 제품: ES / iPad Air 11 Rugged Armor Pro
ASIN=B08HGZW3PJ / SKU=ACS02054
구매일자: 2026-04-20","1차: 케이스 장착 시 Pencil Pro 인식 불안정 → 영상 및 정보 요청
2차: 케이스 장착/미장착 비교 영상 제출 (출장으로 박스 미보유) → 영상 재첨부 요청
3차: 영상 재첨부 완료 → 로고 식별 요청
4차(현재): 로고 포함 사진 제출 완료 → 최종 검토 단계","구매 약 17일 경과
(최근 2년) 총 주문 1개 / FBA 환불 0건 / 셀러 환불 0건 / 셀러 코드 발급 0건
영상상 케이스 장착 시 Pencil Pro 인식 불안정 현상 확인되나, 구조적 간섭/사용 환경 요인 가능성 존재 (제조상 결함 단정 불가)
GCX 기준상 기능 간섭 이슈는 명확한 결함 입증 어려울 경우 워런티 제한적 적용
유사 클레임: iPad Air 11 + Pencil 연결 불안정 사례 (#1000145180
https://spigenhelp.zendesk.com/agent/tickets/1000145180
) → 고객 불편 고려 환불 처리
유사 배드리뷰: 
APIFY_Axesso
 (애플팬슬 연결 관련 근 1년간 5개)
※ 위 근거로 “제조상 결함 확인 불가, 고객 불편 고려 환불” 예정","제품 사용 중 불편을 겪으신 점 유감
확인 결과 제조상 결함은 발견되지 않았으나, 고객 불편을 고려하여 환불로 도움 예정",TCT log Report,"May 4, 5:31 PM
TCT Chat Log_GCX 마감보고
날짜: 2026-05-04
• Lazada log: 1 건
• Shopee log: 0 건
시트 링크
Lazada log
Shopee log
May 4, 5:31 PM"
김지우 Kevin 글로벌CX전략팀,https://spigenhelp.zendesk.com/agent/tickets/1000146524,"링크: https://spigenhelp.zendesk.com/agent/tickets/1000146524
국가 / 제품: DE / Galaxy Z Flip 5 Thin Fit Pro
ASIN=B0C6FVLRHH / SKU=ACS06845
구매일자: 2025-01-30",1차(현재): 힌지 스프링 장력 저하 및 노출 → 케이스 정상 작동 불가 + 노출 금속으로 인한 기기 후면 스크래치 발생 주장 → 케이스 교환 및 기기 손상 보상 요청,"구매 약 1년 3개월 경과
(최근 2년) 총 주문 6개 / FBA 환불 0건 / 셀러 환불 0건 / 셀러 코드 발급 0건
사진상 힌지 스프링 노출 및 구조 변형 확인되나, 장기간 사용에 따른 마모/외부 요인 가능성 존재 (제조상 결함 단정 불가)
기기 스크래치 관련하여 제품과의 직접 인과관계 입증 어려움 → 기기 보상 범위 아님
유사 전례: 힌지/구조 파손 + 기기 손상 주장 케이스 → 제품 환불만 가능, 기기 보상 불가 처리 다수 
총 주문 6건 / 환불 0건 → 충성고객 해당
※ 위 근거로 “제조상 결함 확인 불가, 고객 불편 고려 케이스 환불 only / 기기보상 불가” 예정","고객 상황에 대한 유감 표현
기기 손상에 대한 책임 입증이 어려움
당사 보증은 자사 제품 한정이며, 기기에 대한 보상은 불가한 점 양해 바람.
고객 불편을 고려하여 환불 도움 예정",나아름 Jane 글로벌CX전략팀,"May 6, 11:40 AM
@
김지우 Kevin 글로벌CX전략팀
 고객 영상 확인했습니다. 케이스도 저희 자사케이스 사용중인 충성고객이네요. 프로님  작성하신대로 MCF로 대체품 제공 부탁드립니다.
May 6, 11:40 AM"
임영신 June 글로벌CX전략팀,https://spigenhelp.zendesk.com/agent/tickets/1000146565,"https://spigenhelp.zendesk.com/agent/tickets/1000146565
국가 / 제품: IN /Spigen Ultra Hybrid Pro MagFit for Samsung Galaxy Z Fold 7 Case, Galaxy Z Fold 7 Back Cover (2025) - TPU+PC｜Clear White
ASIN: B0F1BMY84H
구매일자: 2026-02-28","1차: 2개월 전에 4천 루피나 주고 구매했는데 벌써 모서리가 깨지고 옆면이 부서져 교환 요청 (영상 첨부)
-> 바코드 사진 요청 (구매 1개월 경과) + 사용 환경 및 파손 경위 문의
2차: 패키지는 없음. 휴대폰이 무릎에서 떨어져 바닥에 부딪혔는데, 모서리가 깨져 있었고 몇 시간 후에 완전히 파손됨
-> 낙하등에 의한 외부요인으로 인한 파손은 제조상 결함이 아니므로 도움 불가 1차 안내
3차: 이해는 하지만 케이스가 손상될 정도로 심하게 떨어뜨린 것도 아닌데 파손되어 실망함. 자신은 지난 몇 년간 슈피겐 제품을 사용해 왔으며, 고가의 제품이라면 기본적인 낙하 정도는 견딜 수 있을 것이라고 기대했음. 1천 루피짜리 케이스가 기본적인 낙하에도 견디지 못한다면, 투자할 가치가 없는 것 같으며 그냥 일반 케이스를 구매했어도 됐을 것 같음. 자신이 오랫동안 슈피겐 고객이었다는 증거로 주문 내역 스크린샷을 첨부","(최근 2년) 총 주문 제품 3개 / FBA 환불 제품 0개 / 셀러 환불 0건 / MCF 발송 0건 - 충성 고객
구매 후 2개월 경과","고객 불편 유감
낙하로 인한 파손은 워런티 대상 아님 + 충성 고객인 점 고려하여 예외적으로 환불 100% 
동영상링크: https://drive.google.com/file/d/17lMqSXO_dmvcqNWp6QhwIxIGl3OAl_cw/view
open_in_new
Open in new tab
Unmute (m)
May 7, 3:40 PM",,
"2 unread,",https://spigenhelp.zendesk.com/agent/tickets/1000146265,"https://spigenhelp.zendesk.com/agent/tickets/1000146265
국가 / 제품: IE / iPhone 17용 EZ Fit Pro 글라스
ASIN: B0FCFC9WL2
구매일자: 2025-10-18","1차: 최근 주변광 센서(ambient light sensor)가 작동을 멈춰 Apple 서비스 센터에 점검한 결과 글라스로 인해 발생한 문제로 확인함. 글라스를 제거하자 센서가 다시 정상적으로 작동하였음. 글라스에 눈에 보이는 손상이나 스크래치는 없는 완벽한 상태이지만 부착한 상태에서는 이 문제가 계속 발생하여 워런티 적용 요청.
-> Apple 서비스 센터 점검한 결과를 확인할 수 있는 증빙 + 부착되어 있는 글라스 상태 확인할 수 있는 사진 + 바코드 사진 + 문제 인식 발생 시기 요청
2차: Apple 서비스 센터의 검사 보고서는 없음. Apple의 서비스 정책에 따라 기기 검사를 위해 제출할 때는 액정 보호 필름이나 외부 액세서리가 부착되지 않은 기기 본체만 접수함. 아울러 보호 글라스를 이미 제거했기 때문에 제품 상태에 대한 사진을 제공할 수 없음. 제품 박스도 더 이상 가지고 있지 않음. 주변광 센서 문제는 약 4~5주 전에 처음 발견하였는데, 당시에는 부착된 보호 글라스가 원인이라고는 생각하지 못했음. 6년 넘게 슈피겐의 충성 고객이었는데, 연락한 것은 처음이기에 이 문제에 대해 도움 요청함.","(최근 2년) 총 주문 제품 2개 / FBA 환불 제품 0개 / 셀러 환불 0건 / MCF 발송 0건
구매일: 2025.10.18 (6개월 경과)","고객 불편 유감
유관 부서 확인 결과 유사 사례 보고된 바 없음 
EZ Fit Slim 글라스와 ambient light sensor 문제의 인과 관계가 확인되지 않아 도움 불가",나아름 Jane 글로벌CX전략팀,"May 6, 2:53 PM
@
김지우 Kevin 글로벌CX전략팀
 프로님,
사실 저희 내부자료를 고객에게 공개할 의무는 없을 것 같은데요,
이 고객은 갤럭시 유저지만, 동일 제품의 아이폰으로 테스트한 내부 결과는 있으니 하기 안내로 재안내해도 될 것 같습니다. 
1. 문의하신 제품은 1.2m 높이에서 26번 낙하 테스트 통과한 MIL규격 획득한 제품
2. 요청하신 테스트 보고서 전문은 회사 내부 기밀 문서이므로 회사 방침상 공개 배포가 불가함
3. 아울러 충격 각도, 표면 종류, 주변 환경 등 다양한 변수에 따라 보호 수준이 상이할 수 있는 점 유의 바람
4. 고객 요청한 내부자료 공유가 어려운 점 양해바람
May 6, 2:53 PM"
김지우 Kevin 글로벌CX전략팀,https://spigenhelp.zendesk.com/agent/tickets/1000145956,"링크: https://spigenhelp.zendesk.com/agent/tickets/1000145956
국가 / 제품: UK / iPhone 13 Pro Max Ultra Hybrid MagFit
ASIN=B096HJ74RK / SKU=ACS03210
구매일자: 2025-05-11","1차: 케이스 황변 주장 (사진 첨부) → 이전 티켓과 동일 사진 확인되어 도움 불가 안내
2차: 신규 사진 재첨부 → 화질 및 식별 불가 + 기존 예외 환불 이력 기반 도움 불가 재안내
3차(현재): 과거에는 환불 받았는데 왜 이번엔 불가한지 이의 제기 → 정책 변경 여부 문의","구매 약 11개월 경과
(최근 2년) 총 주문 2개 / FBA 환불 0건 / 셀러 환불 1건 / 셀러 코드 발급 0건
이전 티켓(#1000104576)에서 동일 제품 황변으로 폐기 사진 확인 후 100% 환불 이력 존재
동일 사진 재사용 → 사진 도용/재활용 명확, 관리대상 고객 등록 완료
신규 제출 사진 또한 식별 불가 수준으로 제품 확인 어려움
황변은 사용 환경 및 외부 요인에 의해 발생 가능 (제조상 결함 단정 불가)
동일 사유로 이미 예외적 보상 1회 제공된 고객 → 추가 예외 제공 불가
강한 불만은 아니나 “이전과 다른 처리”에 대한 지속 이의 제기
※ 위 근거로 “기존 예외 보상 이력 + 사진 도용 이력 기반 추가 지원 불가” 예정","고객 상황에 대한 유감 표현
황변의 경우, 형광등, 자외선 노출, 충전기 발열, 화장품 등 다양한 유저의 사용환경 및 외부요인에 의해 발생될 수 있음
워런티 도움 불가한점 양해 바람(도움불가 3차 안내)
(재인입 시 NRN 처리)",양숙랑 Grace 글로벌CX전략팀,"May 6, 4:03 PM
네. 프로님. 도움불가로 안내 부탁 드려요
May 6, 4:03 PM"
"4 unread,",https://spigenhelp.zendesk.com/agent/tickets/1000145497,"https://spigenhelp.zendesk.com/agent/tickets/1000145497
국가 / 제품: IT / Spigen Cinturino Dura Pro Flex in Tessuto Compatibile con Samsung Galaxy Watch Ultra 47mm (2025/2024) - Nero
ASIN: B0DD5BLXQF
구매일자: 2026-04-23","1차 요약: Galaxy Watch Ultra용 Dura Pro Flex을 구매했는데, 사용 2일 만에 약간의 힘이 가해지자 스트랩이 분리되면서 스트랩이 분리되면서 워치가 떨어졌고, 그 결과 워치가 파손됨.
해당 제품은 명백히 비정상적인 제품이라고 판단되며, 손해배상 청구를 포함한 법적 대응도 고려 중임. (사진 첨부)
-> Order ID & 사진 & 추가 설명 요청
2차 요약: 아내와 함께 춤을 추던 중 갑자기 워치가 분리되며 떨어져 바닥에 디스플레이 부분이 부딪혔음. 주워서 확인해 보니 화면이 깨져 있었고 케이스에 고정하는 버클도 거의 떨어져 나간 상태였음 (스트랩과 함께 구매한 슈피겐 EZ Fit Slim도 함께 부착함). 참고로 해당 워치는 사용한 지 채 2개월도 되지 않았음.
항상 슈피겐 제품이 품질이 좋다고 생각해 구매해 왔으나, 이번에는 큰 실망과 함께 큰 손해를 입게 되었다고 함.
*최초 인입 시 첨부한 것과 동일한 사진 재첨부함
-> 기기보상불가 + 환불 only 가능 제안 (2개 제품 모두)
3차: 제품에 대한 전액 환불에는 동의하지만 자신이 입은 손해(약 200~250유로)에 대해 최소한 일부라도 책임을 인정하지 않는 것은 부당함. 분명히 정품 스트랩을 사용했더라면 이번 사고는 발생하지 않았을 것이며 당시 상황도 매우 평온한 상태였음을 분명히 말씀드림. 더 정확히 말하면, 이 시계는 제조사에 의해 극한 환경에서도 사용할 수 있도록 판매 및 홍보된 제품임. 만약 귀사의 제품이 이러한 사용을 감당할 수 없다면 반드시 이를 매우 명확하게 눈에 띄게 표시해야 함. 슈피겐의 입장이 계속 이렇다면 오늘 오후에 변호사와 상담 일정을 잡겠음.
(추가 메시지) 아마존 제품 페이지에 다양한 활용성과 내구성/지속성을 홍보한 이미지 첨부드림(안전하고 강한 그립을 위한 아연 합금 내구성 버클 - 하이라이트 표시). 이러한 특징들이 정상적인 일상 사용에서는 전혀 충족되지 않았음. 만약 책임을 인정하지 않는다면 허위·과장 광고에 기만당했다고 느껴 (또한 충성 고객으로서 배신감도 느낌), 소비자 권리를 보호하기 위해 법적 대응을 진행할 것임을 분명히 밝힘.","(최근 2년) 총 주문 제품 2개 / FBA 환불 제품 0개 / 셀러 환불 0건 / MCF 발송 0건
구매일: 2026.04.23 (어제 문의 시점 기준 4일 경과)","고객 불편 유감
고객 의견 유관 부서 전달+기기보상 불가 안내+ 구매한 두개 제품(보호필름 포함) 모두 환불",임영신 June 글로벌CX전략팀,"Apr 28, 4:18 PM
@
양숙랑 Grace 글로벌CX전략팀
 리더님, 이 클레임 재인입되어 보고드립니다. 
해당 결정에 전혀 동의하지 않음. 만약 귀사의 입장이 바뀌지 않는다면 자신의 변호사와 상의할 예정임. 어제 약 160유로의 수리 견적을 받음. 이 정도 금액이면, 자신이 신뢰하고 있던 귀사에서 다른 방식으로 해결해 주실거라고 기대했음. 적어도 일부라도 비용을 분담해주는 방식이었어야 한다고 생각하는데, 고객에 대한 배려가 매우 부족한 것 같음. 환불 자체는 아마존을 통해서도 받을 수 있었고, 현재 갖고 있는 제품들은 시계가 없으면 사용할 수 없기 때문에 사실상 아무 쓸모가 없음.
워치 사용 기간이 2개월에 불과하고, 예상치 못한 기기 파손으로 마음이 많이 상한 고객입니다 
별도의 도움 줄 수 있는 방법이 없어 안타깝네요. 고객이 법적대응을 예고하였으므로 리더님께 보고드립니다.
Apr 28, 4:18 PM"
임영신 June 글로벌CX전략팀,https://spigenhelp.zendesk.com/agent/tickets/1000145379,"https://spigenhelp.zendesk.com/agent/tickets/1000145379
국가 / 제품: UK /Spigen Slim Armor Pro MagFit Case for Samsung Galaxy Z Fold 7, Compatible with MagSafe Accessories - Black
ASIN: B0F1BGJNHX
구매일자: 2025-09-15","1차 : Galaxy Z Fold 7용 SA Pro MagFit 케이스 힌지 부분에 금이 간 것을 발견 후 조금 있다가 그 부분의 일부가 아예 떨어져 나감. 큰 충격이 있었던 적은 없고 힌지 부분이 자체적으로 문제가 생긴 뒤 결국 부러진 것 같음. 이 정도 가격의 케이스라면 7개월보다 더 오래 사용 가능해야 한다고 생각함.
-> 사용 중 생긴 결함 1차 안내 (환불 X)
2차: 파손의 외부 요인은 없었음. 고가의 케이스로서 이처럼 파손되는 것은 납득하기 어렵고, 가격에 맞는 품질과 내구성이 보장되어야 함. 제품이 기대 수준만큼 유지되지 않았다고 판단하며, 이는 영국 소비자 보호 기준에도 부합하는 주장이라고 언급함. 환불이 아닌 교체 또는 수리요청
-> 사진 요청
3차: 힌지 부분이 거의 부러져 내부가 보임. 위쪽 힌지도 약해지며 갈라지는 중. 두 군데에서 문제가 생김.
-> 예외적 50% 환불 제안
4차: 50% 환불을 원하지 않음. 전액 환불을 해주던지 새 케이스로 교체 요청. 케이스의 저하된 품질로 인해 7개월 만에 파손됨. £15짜리 저렴한 케이스면 몰라도 £50나 되는 케이스로서 용납할 수 없음.
-> 거부 시, 예외적 50% 환불 2차 제안
5차: 영국의 소비자 법 사이트 링크 전달하며, 상황을 잘 이해를 못하고 있는 것 같음.
해당 케이스는 내구성이 떨어짐. 문제를 해결해 주거나, 그렇지 않을 경우 아마존에 불만 접수 절차를 진행하겠음.","(최근 2년) 총 주문 제품 2개 / FBA 환불 제품 0개 / 셀러 환불 0건 / MCF 발송 0건
구매 후 7개월 경과
현재 재고 있음 (126 fulfillable)","고객 불편 유감
고객 의견 유관 부서 전달+고객 사진으로부터 제조상의 결함 파악되지 않음+ 그러나 고객 불편 고려하여 대체품 제공으로 도움 드리고자 함+ 동의시 정보 요청
Apr 28, 11:19 AM",,
"3 unread,",https://spigenhelp.zendesk.com/agent/tickets/1000145552,"https://spigenhelp.zendesk.com/agent/tickets/1000145552
국가 / 제품: UK /Spigen Ultra Hybrid Case Compatible with Google Pixel 7 Pro - Crystal Clear
ASIN: B09YMV3TXX
구매일자: 2024-05-09","1차: (#1000143296 의 후속 티켓) 케이스를 일상에서 평범하게 사용했는데 TPU가 분리됨. 아직 워런티 기간 내이니 교체 요청. (사진 첨부)
-> 사용 중 생긴 결함 1차 안내 (환불 X)
2차: 단순 마모가 아닌, 백판과 범퍼 사이 접합 불량으로 인한 제조 결함임. 보증 정책상 정상 사용 중 발생한 소재 및 제조 결함은 보증 대상임. 구매일과 관계없이 보증 기간(2년) 내 문제임. 해당 건의 재검토 또는 필요 시 상위 부서로의 에스컬레이션을 요청함.
-> 사용 중 생긴 결함 2차 안내 (환불 X)
3차: 아직 2년 보증 기간 내에 있으며, 뒷판이 범퍼에서 분리되는 현상이 어떤 외부 충격 없이 정상적인 사용 중에 발생함. 귀사의 보증 정책에 따르면 정상적인 사용 환경에서 발생한 소재 및 제조상의 결함은 보증 기간 내에 보증 대상이라고 명시되어 있음. 제품이 의도된 방식으로 사용되는 중에 문제가 발생했으며, 아직 보증 기간 내에 있는 만큼 상위 관리자 또는 보증 검토 팀에 이관하여 재검토 요청.
-> 도움 불가 (최종 안내, 재인입시 NRN)
4차: 교환, 수리 등 최종 입장을 알려주길 요청.
-> NRN
5차: 아직까지 답변을 받지 못함. 소비자 법 언급하며 워런티 재요청. 7일 이내로 미답변 시 판매점 및 기타 적절 채널을 통해 문제를 제기할 것임.","(최근 2년) 총 주문 제품 2개 / FBA 환불 제품 0개 / 셀러 환불 0건 / MCF 발송 0건
구매 후 1년 10개월 경과",NRN,임영신 June 글로벌CX전략팀,"Apr 28, 4:23 PM
@
양숙랑 Grace 글로벌CX전략팀
 리더님, 이 티켓 확인 부탁드립니다.
Apr 28, 4:23 PM"
김지우 Kevin 글로벌CX전략팀,https://spigenhelp.zendesk.com/agent/tickets/1000143929,"링크: https://spigenhelp.zendesk.com/agent/tickets/1000143929
국가 / 제품: IN / Galaxy S26 Ultra Air Skin Aramid MagFit
ASIN=B0FVB22GHK / SKU=ACS11029
구매일자: 2026-03-12","1차: 코팅 벗겨짐 → 추가 사진 및 바코드 요청
2차: 코팅 자연 박리 주장 및 제조 결함 강력 주장 → 외부 요인 안내 + 도움 불가
3차: CEO CC 및 법적 대응 언급 → 제조 결함 재부인 + 도움 불가 유지
4차(현재): 법적 조치 재언급 및 리더십/법무팀 escalation 요구 → NRN 유지 (추가 대응 불가)
→ 강성 컴플레인 및 법적 위협 지속이나 제조상 결함 확인 불가로 NRN 유지 대응
#강성대응 #법적위협 #NRN유지","구매 약 1개월 경과
(최근 2년) 총 주문 2개 / FBA 환불 0건 / 셀러 환불 0건 / 셀러 코드 발급 0건
사진상 코팅 벗겨짐 확인되나, 외부 환경/사용 영향 가능성 배제 불가
GCX 기준상 명확한 제품 기인 결함 입증 불가 → 보상 제외 케이스
타고객 유사 전례 #1000110842, #1000110909 → IN 고객 강성 클레임 동일하게 도움 불가/NRN 유지 사례 존재
IN 고객 + 법적 대응 언급 + 반복 재인입 → 블랙컨슈머 가능성 존재
ADS IN 측 NRN 컨펌 완료
※ 위 근거로 “제조상 결함 확인 불가, 반복 클레임으로 NRN 유지(도움 불가)” 예정",NRN유지,나아름 Jane 글로벌CX전략팀,"Apr 29, 11:55 AM
@
김지우 Kevin 글로벌CX전략팀
 프로님, 이전에 인도사업부 확인하여 NRN 처리한 점 확인했습니다. NRN 유지부탁드리겠습니다. 다만, 재인입 시 대표님 CC 추가되면 다시 한번 인도사업부에 알릴 필요가 있을 것 같습니다.
Apr 29, 11:55 AM"
임영신 June 글로벌CX전략팀,https://spigenhelp.zendesk.com/agent/tickets/1000145509,"https://spigenhelp.zendesk.com/agent/tickets/1000145509
국가 / 제품: IT / EA2205MQ 보조 배터리
ASIN: B0FP4R53ZH
구매일자: 2025-12-12","1차: 보조 배터리가 부풀어 올라 변형되고 양쪽 측면이 분리됨 (사진 첨부)
-> 슈피겐 로고가 보이는 사진 요청
2차: 사진 첨부","(최근 2년) 총 주문 제품 2개 / FBA 환불 제품 0개 / 셀러 환불 0건 / MCF 발송 0건
현재 재고 있음 (301 fulfillable)","고객 불편 유감
고객 의견 유관 부서 전달+불편 고려하여 대체품 제공 도움 드리고자 함+ 동의시 정보 요청
Apr 29, 5:05 PM",,
임영신 June 글로벌CX전략팀,https://spigenhelp.zendesk.com/agent/tickets/1000145502,"https://spigenhelp.zendesk.com/agent/tickets/1000145502
국가 / 제품: DE / Spigen Glas.tR
 EZ Fit Pro Schutzfolie kompatibel mit Samsung Galaxy S26 Ultra, 2 Stück, inklusive Installationskit, Kratzfest, Kristallklar, 10H+ Härte Folie
ASIN: B0G7S8J7SJ
구매일자: 2026-04-22","1차: Galaxy S26 Ultra용 EZ Fit Pro 글라스 사용 중 지문 인식이 제대로 작동하지 않고 지문 재등록 및 터치 민감도 높였으나 개선되지 않았음. 여러 개의 지문 등록을 시도했으나 동일 이슈가 발생했고 부착 상태와 제품 자체는 만족스러움. 지문 인식 문제에 대한 추가 해결 방법 문의
->지문 등록 안내 + 이슈 지속될 경우 영상 + 바코드 사진 요청
2차: 안내한 모든 단계를 이미 시도했으나 지문 센서가 여전히 간헐적으로만 작동하거나 아예 작동하지 않음(바코드 사진 첨부). 글라스를 이미 부착해서 반품할 수 없고 이슈를 보여주는 영상을 촬영하기가 어려움
->영상 없이 도움 불가 + 영상 재요청 
3차: 영상은 도움되지 않아 보내지 않음. 많은 고객이 언급한 이슈임. 기본 이상의 솔루션 기대했음. 배드리뷰 예고. 문의 종료.",(최근 2년) 총 주문 제품 2개 / FBA 환불 제품 0개 / 셀러 환불 0건 / MCF 발송 0건,"고객 불편 유감
고객 의견 유관 부서 전달+불편 고려하여 환불 도움 드리고자 함
Apr 29, 5:10 PM",,
임영신 June 글로벌CX전략팀,https://spigenhelp.zendesk.com/agent/tickets/1000145656,"https://spigenhelp.zendesk.com/agent/tickets/1000145656
국가 / 제품: DE / Spigen Liquid Air MagFit für Samsung Galaxy S26 Ultra Hülle [rutschfest] Slim TPU mit Truss-Design, Militärgeprüfter Schutz Case Handyhülle, Kompatibel mit MagSafe -Marble Gray
ASIN: B0FVBF3CDJ
구매일자: 2026-04-25","1차: Galaxy S26 Ultra용 EZ Fit Pro 글라스(B0G7S8J7SJ) 첫 번째 장은 전혀 붙지 않았고, 포장을 뜯었을 때 ""Pull""라고 적힌 얇은 필름이 이미 떨어져 있는 상태였음.
두 번째 장은 문제없이 잘 붙었지만 아쉽게도 한 장만 사용할 수 있었음.
-> 제품 상태 및 바코드 사진 요청
2차: 설명서대로 30초 기다린 후 접착면을 떼어내고 플라스틱 보호필름을 들어 올렸는데 전혀 붙지 않았음. (사진 첨부) 아울러 Spigen Glas.tR
 EZ Fit Pro Anti-Reflective (B0G877D436)제품도 있는 걸 봤는데, 일반 EZ Fit Pro (B0G7S8J7SJ) 버전과 비교했을 때 단점이 있는지 문의.
삼성 디스플레이 자체의 반사 방지 코팅을 활용하는 건지, Galaxy S26 Ultra 디스플레이의 Privacy 보호 기능에 영향을 주는지 문의.",(최근 2년) 총 주문 제품 5개 / FBA 환불 제품 0개 / 셀러 환불 0건 / MCF 발송 0건,"고객 불편 유감+불편 고려하여 예외적으로 대체품 제공 드림+동의시 정보 요청 
S26 프라이버시 기능 관련, 고객 문의에 답변(담당자에 문의 예정)
Apr 30, 2:22 PM",,
임영신 June 글로벌CX전략팀,https://spigenhelp.zendesk.com/agent/tickets/1000145741,"https://spigenhelp.zendesk.com/agent/tickets/1000145741
국가 / 제품: UK /     
Spigen Waterproof Backpack IPX6 35L Roll Top Rucksack Fits up to 16 Inch Laptop, Multi-Compartment Ventilated Back, Chest Strap Snow Winter Hiking, Skiing, Camping, Snowboarding, Rain, Fishing - Black
ASIN: B0DPY3XST4
구매일자: 2026-01-14","약 3개월 동안 정상적으로 사용했고, 충격이나 오용, 과도한 힘을 가하지 않았는데 앞쪽 지퍼/ 잠금장치가 파손됨. 제조 또는 재료 결함으로 보임. 제품 교환 요청 (사진 첨부)","(최근 2년) 총 주문 제품 9개 / FBA 환불 제품 0개 / 셀러 환불 0건 / MCF 발송 0건-> 충성 고객
재고: 31 fulfillable
동일 제품에 대한 참고 티켓 [파손 및 마감불량]
https://spigenhelp.zendesk.com/agent/tickets/1000114717
https://spigenhelp.zendesk.com/agent/tickets/1000137194","고객 불편 유감
고객 사용 기간동안 발생된 일반적인 마모 및 외부 환경으로 인한 파손은 워런티 제공 대상이 아님 + 단, 고객 불편 고려하여 예외적 환불 도움 드리고자 함
Apr 30, 3:18 PM",,
임영신 June 글로벌CX전략팀,https://spigenhelp.zendesk.com/agent/tickets/1000145697,"https://spigenhelp.zendesk.com/agent/tickets/1000145697
국가 / 제품: DE / Spigen iPhone 17 Pro Hülle Ultra Hybrid MagFit [c11 Edition]
ASIN: B0FGN2NQQF
구매일자: 2026-04-23","1차: 휴대폰을 장,탈착하다가 케이스 측면이 파손되었음. 제조 결함인지 및 대체품 제공 여부 문의함 (사진 첨부)
->제품 전체 및 바코드 사진 + 이슈 발생 경위
2차:  패키지는 찾았으나 케이스는 폐기함","(최근 2년) 총 주문 제품 1개 / FBA 환불 제품 0개 / 셀러 환불 0건 / MCF 발송 0건
(재고: 9)","고객 불편 유감
고객 사용 과정의 파손은 워런티 제공 대상이 아님+ 도움 불가 1차 안내
Apr 30, 3:23 PM",,
임영신 June 글로벌CX전략팀,https://spigenhelp.zendesk.com/agent/tickets/1000146090,"https://spigenhelp.zendesk.com/agent/tickets/1000146090
국가 / 제품: IN / PA2400 보조 배터리
ASIN: B0DMDZLW97
구매일자: 2025-05-02","(이전티켓:#1000135616, 26년 1월 인입) 사용한지 얼마 되지 않아, 충전되지 않음
-> 인도 지사에서 대체품 제공 (마지막 커뮤니케이션 1/27 기록)
(이번 티켓) 대체품 받았으나 여전히 작동하지 않음. 동일 제품에서 문제가 반복되고 있고, 보증 기간 내인 점을 고려하여 전액 환불 또는 교체를 요청",(최근 2년) 총 주문 제품 1개 / FBA 환불 제품 0개 / 셀러 환불 0건 / MCF 발송 0건,"고객 불편 유감
대체품은 워런티 제공 대상 아니나, 고객 불편 고려하여 예외적 환불 도움 드림
May 4, 10:16 AM",,
임영신 June 글로벌CX전략팀,https://spigenhelp.zendesk.com/agent/tickets/1000145994,"https://spigenhelp.zendesk.com/agent/tickets/1000145994
국가 / 제품: IN / Spigen PE2302 GaN 65W USB-C, USB-A Type Three Port Super Fast Wall Charger with PPS, for iPhone 16/15/14/13/12, Samsung Galaxy S24, S23, S22, Flip and Fold Series, Oneplus, Vivo and More
ASIN: B0DL6DG9DQ
구매일자: 2024-11-24","1차: PE2302 어댑터가 현재 완전히 작동하지 않으며 3개 포트 모두 충전이 되지 않아 워런티 요청함 (구매 17개월 경과)
-> 아마존 인도의 Amazon Wholesale (India) Private Limited를 통해 구매한 것으로 확인되어, 아마존으로 직접 연락 요청 
2차: 아마존으로 연락하라는 답변에 대해 이해되지 않는다고 하며, 2년 보증 내용 스크린샷 첨부 
+인도지사 메세지 인입: HQ에서 딜링 요청
3차: 고객 재인입 (해결 요청)",확인 불가 (제품 구매후 1년 5개월 경과),"고객 불편 유감
고객 의견 유관 부서 전달+영상에서 제조상 결함 확인 어려우나 고객 불편 고려하여 환불 도움 드림
May 4, 10:27 AM",,
"6 unread,",https://spigenhelp.zendesk.com/agent/tickets/1000145925,"https://spigenhelp.zendesk.com/agent/tickets/1000145925
국가 / 제품: IN / 
(1) Spigen Ultra Hybrid MagFit Back Cover Case Compatible with iPhone 17 (TPU + Poly Carbonate | Zero One Black)
ASIN: B0FD2WVSPN
구매일자: 2026-02-10 (구매후 2개월)
(2)  Spigen Ultra Hybrid Magfit Back Cover Case Compatible with iPhone 16 Pro Max (TPU + Poly Carbonate | Neo One)
ASIN: B0D9MWR2D1
구매일자: 2025-04-02 (구매후 1년 1개월)","황변 클레임 
2개의 구매 제품 중 (1)에 대해, 
5/2에 인입된,  iPhone 16 Pro Max용 UH MagFit 케이스 측면 황변에 대해(이전 티켓 #1000103823): 완전한 폐기 사진 보내주시면 환불로 도움 안내 2차례 안내드렸으나, 미제공 및 미회신
이전 환불 티켓)
#1000103823 (Order ID: 407-2047822-3808366) iPhone 16 Plus용 UH MagFit 케이스 황변-> 예외적으로 X 표시한 사진 확인 후 환불
#1000080045 (Order ID: 407-0057479-1353908) iPhone 15 Plus용 UH MagFit 케이스 황변-> X 표시한 사진 확인 후 환불
상이한 2개의 메일 계정 사용)
#1000144708, #1000144705, #1000080045: pingsaad@gmail.com
본 티켓 #1000145925, #1000103823, #1000082203: heythisissaad@gmail.com",(최근 2년) 총 주문 제품 13개 / FBA 환불 4건 / 셀러 환불 2건,"고객 불편 유감 
이전에도 동일한 사유로 문의 주셔서 2회 워런티 제공함 + 예외적 도움 지속 불가 양해 부탁",임영신 June 글로벌CX전략팀,"May 6, 9:30 AM
@
양숙랑 Grace 글로벌CX전략팀
 리더님, 안녕하세요. 
위 고객 어뷰징 (황변으로 환불 2회 이력) 의심되어 도움 불가 대응 한 후, 클레임 재인입되었습니다. 
변색되지 않을 것이라고 생각하고 구입했는데 왜 환불이나 교환을 해주지 않는지 항의
동일하게 도움 불가 2차 안내 하도록 하겠습니다. 확인 부탁드립니다.
May 6, 9:30 AM"
임영신 June 글로벌CX전략팀,https://spigenhelp.zendesk.com/agent/tickets/1000145866,"https://spigenhelp.zendesk.com/agent/tickets/1000145866
국가 / 제품: IN / Spigen Dashboard Car Mobile Holder, Dual VacuumLock & 360° Flexible View, Super Strong N52 Magnet for iPhone 17/16/15/14/13/12 Series & PixelSnap Pixel 10 Series (MFT36) - Black
ASIN: B0FZF7B3M9
구매일자: 2026-03-10",MFT36 차량용 거치대를 고정하는 나사가 분리되었고 iPhone 14 Pro와 사용했음(영상 첨부),(최근 2년) 총 주문 제품 1개 / FBA 환불 제품 0개 / 셀러 환불 0건 / MCF 발송 0건,"고객 불편 유감 
첨부 영상에서 제조상의 결함 파악되지 않음+ 그러나 고객 불편 고려하여 예외적 환불 도움
May 4, 10:42 AM",,
임영신 June 글로벌CX전략팀,https://spigenhelp.zendesk.com/agent/tickets/1000145949,"https://spigenhelp.zendesk.com/agent/tickets/1000145949
국가 / 제품: IN / Spigen Ultra Hybrid S MagFit | Samsung Galaxy S26 Ultra Case [Reinforced Kickstand] [Transparent] Galaxy S26 Ultra Back Cover | TPU+PC - Clear White
ASIN: B0FVBPTQT2
구매일자: 2026-03-07","1차: 폐기 사진 첨부 및 환불 또는 대체품 요청함->폐기 영상 요청
*케이스 내부 슈피겐 및 제품명 각인 상이하며 킥스탠드가 절단된 모습이 사진 편집 의심되어 폐기 영상 요청함
2차: 반복된 요청에 컴플레인 및 한 달 만에 케이스가 황변되었는데 솔루션을 제공하지 않고 추가 정보를 여러 번 요구하고 있음. 이전에 슈피겐 로고가 확인되는 폐기 사진을 제공했고 폐기한 케이스는 사용할 수 없으므로 버렸음
요청 사항에 따랐으며 현 상황에서 영상 제출은 불가하며 제공한 사진으로 환불 처리할 충분한 조건이 된다고 생각함.  실망스럽고 더 이상 슈피겐 제품을 사용하지 않기로 결정했으므로 환불이나 대체품도 필요치 않음",(최근 2년) 총 주문 제품 6개 / FBA 환불 제품 0개 / 셀러 환불 0건 / MCF 발송 0건,"고객 불편 유감
사용 환경 및 외부 환경에 의한 이염/이슈 등은 제조상 결함이 아니므로 워런티 적용 대상 아님
그러나 고객 불편 고려하여, 예외적으로 환불 도움 드리고자 함
May 4, 11:01 AM",,
임영신 June 글로벌CX전략팀,https://spigenhelp.zendesk.com/agent/tickets/1000145737,"https://spigenhelp.zendesk.com/agent/tickets/1000145737
국가 / 제품: IN / Spigen DuraPro Flex Ultra for Apple Watch Series 10 Strap 46mm, Apple Watch Ultra 2/Ultra 49mm, 9/8/7 45mm, SE2/SE/6/5/4 44mm, 3/2/1 42mm Strap Band - Black
ASIN: B0BNM3SCNL
구매일자: 2025-07-08","1차: Apple Watch Ultra 49mm용 DuraPro Flex Ultra 스트랩을 구매한 지 1년이 되지 않았는데 스트랩 버클이 부식 및 산화되었고 정상적인 환경에서 사용했는데 빨리 손상되어서 실망스러움. 워런티에 따른 솔루션 제공 바람(사진 첨부)
->사용 중 생긴 결함 1차 안내 (환불 X)
 2차: 마모라는 답변이 실망스럽고 9개월 밖에 되지 않았는데 슈피겐과 같은 브랜드에서 예상한 품질이 아님. 솔루션 제공이 어렵다면 이해하지만 유사한 제품보다 가격도 높은데 1년도 되지 않아 손상된 제품 상태는 납득하기 어려움. 슈피겐의 일반적인 품질 기준인지 확인 바라며 답변에 따라 추후 구매에 영향을 미치게 될 것 같음
->사용 중 생긴 결함 2차 안내 (환불 X)
3차: 1년도 되지 않은 제품의 버클에서 발생한 부식 및 산화 현상임. 프리미엄 브랜드인 슈피겐은 제조 결함에 대한 소재의 내구성을 보장해야 함. 정상적인 사용 후 9개월 이내에 발생한 이슈에 대해 허용 가능한 품질 기준으로 간주하는지 공식적인 확인을 받을 수 있도록 이관 바람
자세한 검토를 바라며 처리가 되지 않을 경우 포럼에 리뷰를 작성하겠음
이전 티켓)
#1000110969 Apple Watch Ultra 2용 DuraPro Armor 스트랩의 메탈 부분이 손목뼈에 계속 마찰을 일으켜 장시간 착용 시 매우 불편함->제품 결함 확인 할수 없음 + 스트랩을 손목 사이즈에 잘 조율하여 착용을 권장함 + 착용 방식 및 개인 편차로 인한 불편은 제조상의 결함이 아니므로 워런티 도움 불가
#1000033611 iPhone 15 Pro용 EZ Fit 글라스 깨짐->환불
#1000049988 Apple Watch Ultra 49mm용 EZ Fit 글라스 깨짐->환불
#1000072485 #1000075516 #1000080071 iPhone 15 Pro용 UH MagFit 케이스 황변->폐기 사진 요청 후 케이스를 버려서 제공 불가함","아마존 계정 2개 확인됨 
wtqdy0rww003v86@marketplace.amazon.in
     (최근 2년) 총 주문 제품 6개 / FBA 환불 제품 2개 / 셀러 환불 0건
2. 4c3ccs337cn3j7z@marketplace.amazon.in
     (최근 2년) 총 주문 제품 1개 / FBA 환불 제품 1개 / 셀러 환불 0건","고객 불편 유감
버클 부분의 부식은 사용 과정에서 발생한 제품 상태로 워런티 대상 아님+도움불가 3차 안내 (이후 NRN)
May 4, 11:17 AM",,
임영신 June 글로벌CX전략팀,https://spigenhelp.zendesk.com/agent/tickets/1000146029,"https://spigenhelp.zendesk.com/agent/tickets/1000146029
국가 / 제품: JP /  Valentinus MagFit wallet
ASIN: B08NFJ7Z3J
구매일자: 2026-04-28","1차: 장착할 때마다 충전 표시가 나타나는데 부착된 스마트폰에 문제가 생기지 않는지 문의함. 
->  스마트폰에 부착 상태를 보여주는 사진, 충전 마크 스크린 샷, 부착한 스마트폰 기종, 바코드 사진 요청
2차 요약: 사진 첨부함. iPhone 17에 부착해서 사용 중이며 패키지는 버림.",(최근 2년) 총 주문 제품 1개 / FBA 환불 제품 0개 / 셀러 환불 0건 / MCF 발송 0건,"고객 불편 유감
지갑을 뒷면에 착 붙였을 때 화면에 동그란 원 모양의 애니메이션이 뜨면서 소리나 진동이 울릴 수 있음. 이는 아이폰이 ""맥세이프 액세서리가 연결되었다""라고 알려주는 표시이지, 배터리가 충전되고 있다는 표시(번개 모양)는 아님 안내. 
앞으로도 슈피겐 제품에 대햔 지속적인 관심과 사용 부탁 드림
May 4, 11:27 AM",,
임영신 June 글로벌CX전략팀,https://spigenhelp.zendesk.com/agent/tickets/1000145995,"https://spigenhelp.zendesk.com/agent/tickets/1000145995
국가 / 제품: JP / Spigen 【Made for Google 公式認定】 Pixel 10a ケース MagSafe対応 米軍MIL規格 透明 ストラップホール 耐衝撃 ウルトラ・ハイブリッド・マグフィット (クリア・ホワイト)
ASIN: B0FZQ1LS5Y
구매일자: 2026-04-29","1차: Pixel 10a용 EZ Fit Pro의 상자 하단의 봉인 스티커가 잘려있어 개봉된 흔적이 있는데 중고품인지 문의함 (패키지 사진 첨부함, LPN 미확인) 
-> 배송 중 파손에 대한 아마존 책임 + 아마존 CS로 연락 부탁 
2차: 배송에 대해 문의하는 것이 아닌 개봉된 상품을 판매하는지 묻고 있음. 개봉된 것뿐만 아니라 구성품이 누락되었을 가능성이 있는지도 설명해주기 바람.  답변이 없으면 Spigen이 개봉된 상태이며, 구성품 누락 가능성이 있는 제품을 판매하고 있다고 이해하겠음
-> 개봉, 중고 제품은 판매하지 않으며, 반품 상품은 폐기하고 있음. 아마존 물류 과정에서 사용된 제품이 배송 됐을 가능성 있음. 주문 및 배송 관리는 아마존의 책임이므로 + 아마존 CS로 연락 부탁 
3차: 총 5개의 추가 메시지를 전송.
배송 관련 문의가 아니라, 개봉된 상태로 배송된 상품이 새 제품인지 중고품인지에 대한 확인 요청.
고객이 보낸 메시지가 삭제된 것에 대해 셀러가 삭제했는지 여부 문의.
Spigen에서 사용된 상품을 판매하는지 여부 확인 요청.
Amazon 측으로부터 판매자가 직접 배송한다는 안내를 받았다고 언급.
답변 지연에 대한 불만을 제기하며, 개봉된 경위에 대해 Amazon과 직접 확인 후 조사 및 누가 개봉했는지에 대한 답변 요청.",(최근 2년) 총 주문 제품 3개 / FBA 환불 제품 0개 / 셀러 환불 0건 / MCF 발송 0건,"고객 불편 유감
배송 중 파손 또는 중고품 등의 사유로 개봉된 상태의 상품이 배송된 것으로 보임 + 셀러는 고객의 메시지를 삭제할 수 없음 +판매자 직접 배송이 아닌 FBA배송임 + 이전 안내한 바와 같이 관련 사항은 Amazon 고객센터로 문의 바람 3차 안내 (이후 인입시 NRN 처리)
May 4, 11:40 AM",,
임영신 June 글로벌CX전략팀,https://spigenhelp.zendesk.com/agent/tickets/1000146166,"https://spigenhelp.zendesk.com/agent/tickets/1000146166
국가 / 제품: IN / Spigen Essential Glas.tR
 CE Pack Tempered Glass Screen Guard for iPhone 15 Pro Max [Glass 2 Pack + Camera Lens Protector 2P + Alignment Tool]
ASIN: B0DFKWJ9JG
구매일자: 2026-05-02","1차:iPhone 15 Pro Max용 Essential Glas.tR
 CE Pack 글라스의 가장자리가 조금씩 남고 휴대폰에 남지 않음. 또한, 글라스를 사용하지도 않았는데 커다란 스크래치가 발생함. 교체 요청. (사진 첨부)
-> 케이스 호환성을 보장하기 위해 화면의 보이는 부분만 커버하는 제품 + 바코드 사진 요청 (구매 1개월 경과)
2차: 바코드 사진 첨부함. 문제는 글라스가 화면의 전체 active area를 완전히 커버하지 못하고 있으며, 한쪽 모서리 부분이 더 작아서 해당 가장자리가 실제로 노출된 상태라는 점임. 제공된 가이드에 따라 정확히 위치를 맞췄음에도 동일한 문제가 발생함. 더 나은 품질의 다른 글라스로 교환 가능한지 확인 요청함.
*LPN 확인되지 않음
-> 앞서 안내드렸듯 케이스 호환성을 보장하기 위해 화면의 보이는 부분만 커버하는 제품임 + 케이스 없이 글라스만 사용하실 경우 약간의 gap이 있다고 느껴질 수 있으나, 의도된 디자인이며 제조상의 결함이 아님 + 배송 중 파손에 대한 아마존 FBA의 책임
3차: 이미 아마존에 문의해봤지만 아무런 도움도 받지 못하여 슈피겐에 연락한 것임. 제품의 핏의 경우 한쪽은 괜찮지만 다른 한쪽은 그렇지 않음. 따라서 디자인 문제라고 보기는 어려우며, 만약 디자인 문제라면 양쪽 모두 동일하게 맞지 않아야 하는데 그렇지 않으므로 제품에 결함이 있는 것으로 보임.","(최근 2년) 총 주문 제품 3개 / FBA 환불 제품 1개 / 셀러 환불 1건
상이한 아마존 계정 2개 사용
lct73dn95cw4fxc@marketplace.amazon.in
nvn229cg0h1mp2z@marketplace.amazon.in","당사 제품 구매 감사
문의 제품은 케이스 간섭 방지를 위해 (글라스 들뜸 이슈 방지) 글라스 4면 모두 약간의 여백이 있을 수 있으나 Active Area(터치 유효 면적)은 모두 커버하는 제품임
고객에 따라서 약간 작게 느낄 수는 있으나, 제품 결함은 아님+당사 케이스와 글라스 장착 시 호환, 간섭에 이상 없도록 개발됨 안내
May 4, 4:18 PM",,
나아름 Jane 글로벌CX전략팀,https://spigenhelp.zendesk.com/agent/tickets/1000146169,"https://spigenhelp.zendesk.com/agent/tickets/1000146169
https://spigenhelp.zendesk.com/agent/tickets/1000146166
국가: DE
제품: Google Pixel 9 Pro용 Spigen Ultra Hybrid (B0CVRL6KNT)
구매일자: 2026-04-28
(최근 2년) 총 주문 제품 1개 / FBA 환불 제품 0개 / 셀러 환불 0건 / MCF 발송 0건
DE 고객이 Spigen Ultra Hybrid Case Google Pixel 9 Pro를 주문했으나,
수령 제품이 중고품인지, 슈피겐 로고가 없는 제품으로 박스·스티커 없이 무표시 비닐 포장으로 배송되어 클레임이 인입되었습니다.
TCK에서 재고·배송을 아마존이 담당하고 있어 아마존 FBA CS를 통해 도움받으시길 안내하였으나 
독일 민법 근거로 정상 제품 교환(이행)을 요구하고 있으며, 메일에 아마존 독일의 법적 고지(Impressum 회사 소개 및 소유자 정보) 공식 연락처 CC하여 추가 인입되었습니다.
억지 고객으로 느껴져 아마존 FBA CS를 통해 도움받으실 안내 및 도움불가 유지해도 될까요?",,,,양숙랑 Grace 글로벌CX전략팀,"May 4, 4:54 PM
프로님. 링크가 1000146166으로 연결되네요. 잠시만요.
티켓확인해 볼께요.
May 4, 4:54 PM"
김지우 Kevin 글로벌CX전략팀,https://spigenhelp.zendesk.com/agent/tickets/1000146251,"링크: https://spigenhelp.zendesk.com/agent/tickets/1000146251
국가 / 제품: IT / iPhone 16 Pro PowerArc products (ODM)
ASIN=B0FP4R53ZH / SKU=ABA10194
구매일자: 2025-11-22","1차: MagSafe 충전 불안정 및 몇 분 후 충전 중단 → 영상 요청
2차: 영상 제출 → 케이스 탈착 여부 확인 요청
3차: 케이스 제거 후에도 동일 증상 → 케이스 모델명 요청
4차(현재): 케이블 포함 완전 충전 불가 지속 → 대응 검토 단계","구매 약 5개월 경과
(최근 2년) 총 주문 17개 / FBA 환불 0건 / 셀러 환불 0건 / 셀러 코드 발급 0건 → 충성 고객
영상 상 케이스 탈착 후에도 충전 불가 확인 → 기능 불량 주장 신뢰도 높음
내부 기준상 기능 미작동 + 영상 증빙 확보 시 보상 가능 케이스
타고객 유사 전례 (#1000139056) 동일 증상 → 대체품 제공 사례 존재
충성 고객이며 환불 이력 없음
※ 위 근거로 “제조상 결함 확인 불가, 고객 불편 고려 예외적 MCF 제공” 예정","제품 사용 중 불편을 겪으신 점 유감
사진 확인 결과 제조상 결함은 확인되지 않았음
충성 고객인점 고려 예외적 대체품 제공 도움 예정(MCF진행)",나아름 Jane 글로벌CX전략팀,"May 6, 11:40 AM
@
김지우 Kevin 글로벌CX전략팀
 고객 영상 확인했습니다. 케이스도 저희 자사케이스 사용중인 충성고객이네요. 프로님  작성하신대로 MCF로 대체품 제공 부탁드립니다.
May 6, 11:40 AM"
김지우 Kevin 글로벌CX전략팀,https://spigenhelp.zendesk.com/agent/tickets/1000144654,"링크: https://spigenhelp.zendesk.com/agent/tickets/1000144654
국가 / 제품: DE / (New Biz) ITQ35W
ASIN=B0DJVFTQ77 / SKU=ACP08544
구매일자: 2026-03-26","1차: 거치대 접착 유지 불가 → 재사용 방법 및 환경 안내 + 영상 및 바코드 요청
2차(현재): 영상/사진 제출하며 “휴대폰 없이도 5분 내 탈락” 주장 + 환불 요구","구매 약 1개월 미만 경과
(최근 2년) 총 주문 1개 / FBA 환불 0건 / 셀러 환불 0건 / 셀러 코드 발급 0건
영상에서 별도 하중 없이도 일정 시간 후 탈락 현상 확인 (03:00 이후)
패드 자체는 유지되나 거치대-패드 결합부 고정력 이슈 주장 → 명확한 제조상 결함 단정은 어려움
유사 전례 다수 존재 (#1000103289, #1000104158 등 5개) 있으나 대부분 추가 증빙 미확보 케이스
동일 ASIN 동일 사유 배드리뷰 2개
고객 강한 불만 및 “오인광고/계약철회” 언급 (컴플레인 강도 높음)
※ 위 근거로 “제조상 결함 확인 불가, 고객 불편 고려 환불” 예정","제품 사용 중 불편을 겪으신 점 유감
사진 확인 결과 제조상 결함은 확인되지 않았음
고객 불편을 고려하여 환불 도움 예정",나아름 Jane 글로벌CX전략팀,"Apr 23, 11:27 AM
@
김지우 Kevin 글로벌CX전략팀
 네 프로님, 고객이 사진과 영상을 모두 증빙으로 제출해주셨네요.
말씀하신대로 예외적 환불 대응 부탁드립니다!
Apr 23, 11:27 AM"
"10 unread,",https://spigenhelp.zendesk.com/agent/tickets/1000145017,"https://spigenhelp.zendesk.com/agent/tickets/1000145017
국가 / 제품: IN / 
(1) Spigen Ultra Hybrid S Magfit Back Cover Case Compatible with iPhone 14 Pro (White | Kisckstand
ASIN: B0DY7KPR84
구매일자: 2025-05-09
(2) Spigen Ultra Hybrid Back Cover Case Compatible with iPhone 13 Pro Max (TPU + Poly Carbonate | Matte Black)
ASIN: B096H87SBF
구매일자: 2025-05-08","1차: iPhone 14 Pro용 UH S MagFit 케이스가 파손되고 황변되었으며 MagSafe도 작동하지 않음. 
iPhone 13 Pro Max용 UH 케이스는 프레임이 분리되었음(사진 첨부)
-> 영상 요청
2차: (영상 요청 후 재인입) 요청한 모든 정보를 이미 전달함.
-> 영상 재요청
3차: 시간 소요 강조. 도와줄 수 없다면 명확한 안내 요청. 전부 다시 보내드렸으니 가능하시다면 바로 처리 부탁드림
-> UH S 케이스 영상만 확인되어 UH 케이스 분리 영상 재요청
4차: 필요한 건 이미 다 보냈음. 도와줄 수 없으면 시간 낭비 하지 말아달라 요청","(최근 2년) 총 주문 제품 2개 / FBA 환불 제품 0개 / 셀러 환불 0건 / MCF 발송 0건
두 제품 모두 구매 11개월 경과","고객 불편 유감
유저의 사용 습관, 환경, 외부 요인 등에 의한 제품 파손, 이염 및 오염은 워런티 대상 아님. iPhone 14 Pro용 UH S MagFit 황변에 대한 보상 불가
또한, iPhone 13 Pro Max용 UH 케이스의 프레임 파손 역시 제조상 결함에 의한 것이라고 보기 어려움. 워런티 대상 아님+그러나 고객 불편 고려하여, iPhone 13 Pro Max용 UH 케이스에 대해서 예외적인 환불 도움 드리고자 함",양숙랑 Grace 글로벌CX전략팀,"Apr 23, 3:00 PM
프로님. 어제 류도희 리더님과 미팅을 했는데 환불을 줄여서 영업이익을 창출하자는 취지가 있었습니다.
일단 이 내용은 다음에 공유 할께요.
고객이 요청대로 첨부 잘해 줬으니, 프로님 제안대로 황변만 도움 드리는것으로 부탁 드려요.
Apr 23, 3:00 PM"
김지우 Kevin 글로벌CX전략팀,https://spigenhelp.zendesk.com/agent/tickets/1000145029,"링크: https://spigenhelp.zendesk.com/agent/tickets/1000145029
국가 / 제품: DE / (New Biz) EV25MFAQ
ASIN=B0FPTKNYP3 / SKU=ACP10511
구매일자: 2026-01-29","1차: 팬 작동 시 지속적 소음 발생 주장(영상 미첨부) → 영상 전달 요청
2차: 어떤 사진/영상 필요한지 재문의 → 영상 및 바코드 사진 요청 안내
3차(현재): 영상 별도 메일로 전달 후 재인입 → 검토 후 대응 필요","구매 약 2개월 경과
(최근 2년) 총 주문 3개 / FBA 환불 0건 / 셀러 환불 0건 / 셀러 코드 발급 0건 → 충성고객
팬 작동 시 지속 소음 주장, 이물질 없음 확인 / 영상 확보 완료(영상상 충전기에서 소리가 나는건지 확인 불가)
내부 기준상 기능 이상 단정 어려우나, 동일 제품군 소음 이슈 전례 다수 존재 → 고객 불편 고려 대응 타당
타고객 유사 전례: #1000139405, #1000143532 (소음 및 기능 이상 → 대체품 제공)
※ 위 근거로 “제조상 결함 확인 불가, 충성 고객 감안 대체품 제공” 예정","제품 사용 중 불편을 겪으신 점 유감
사진 확인 결과 제조상 결함은 확인되지 않았음
고객 불편을 고려하여 대체품 제공 예정(MCF 진행)",나아름 Jane 글로벌CX전략팀,"Apr 23, 3:36 PM
@
김지우 Kevin 글로벌CX전략팀
 프로님, 작성하신대로 충전기에서 나는 소음인지는 잘 모르겠지만, 충성고객 고려하여 대체품 제공으로 도움 부탁드립니다.
Apr 23, 3:36 PM"
"5 unread,",https://spigenhelp.zendesk.com/agent/tickets/1000144958,"https://spigenhelp.zendesk.com/agent/tickets/1000144958
국가 / 제품: IN / Spigen Ultra Hybrid MagFit Back Cover Case for iPhone 15 Pro, MagSafe Compatible, Air Cushion Technology - PC+TPU | White
ASIN: B0C5S8LX7X
구매일자: 2026-04-07","1차: 일상적으로 사용한지 2주만에 황변되어 빠른 해결 요청. 교환이나 환불 원함. 해당 문제를 더 악화시키거나 공론화 할 의도는 없으니 빠른 해결 요청
-> Order ID & 사진 요청
2차: 인보이스와 사진 첨부 재인입. 문제를 확대하거나 소셜미디어에 게시하고 싶지 않으니 즉시 해결 요청
-> 폐기사진 1차 요청 (이후 환불)
3차: 제품을 폐기하라는 요청에 대한 설명이나 공식 정책이 없어 이해하기 어려움. 제품 폐기 관련 공식 정책이나 기준에 대해 공유 바람. 케이스를 폐기하면 휴대폰에 문제가 생길 수 있어 진행할 수 없고 단순 환불만으로는 불편함이 충분히 보상되지 않음. 여러 번 반복하지 말고 조속한 처리 바라며 제대로 해결되지 않으면 소비자 기관에 신고하겠음
-> 폐기사진 요청 사유에 대한 안내 + 기기 보호가 걱정되면 새 케이스 구매 후 사진 제출 가능 + 폐기사진 2차 요청
4차: 폐기 요구 정책 공유 요청. 필요한 조치를 이미 완료했으니 환불을 즉시 처리하고 우선적으로 해결해 달라고 요청. 강한 불만 표시.
->이전 문의에 첨부하셨던 (#1000141755) 폐기사진으로 확인되어 도움 불가 + 관리 대상 고객 지정
5차: (사진 재첨부) 이전 문의에 첨부하셨던 (#1000141755) 폐기사진으로 확인되어 도움 불가 + 관리 대상 고객 지정","(최근 2년) 총 주문 제품 3개 / FBA 환불 제품 0개 / 셀러 환불 1건 
이전 티켓) #1000141755 (상이한 이름, 상이한 이메일/ Jyoti B (jyoti010466@gmail.com)
iPhone 14 Pro용 UH MagFit 케이스 황변으로 폐기 사진 확인 후 100% 환불",이전에 제공했던 폐기 사진이 Order ID: 406-7388720-5502737 (#1000141755) 문의에 첨부했던 폐기사진으로 확인되어 도움 불가 재안내,양숙랑 Grace 글로벌CX전략팀,"Apr 23, 3:51 PM
프로님 제안대로 도움불가 안내 부탁 드려요.
Apr 23, 3:51 PM"
김지우 Kevin 글로벌CX전략팀,https://spigenhelp.zendesk.com/agent/tickets/1000144547,"링크: https://spigenhelp.zendesk.com/agent/tickets/1000144547
국가 / 제품: DE / Galaxy S24 Ultra Neo Hybrid
ASIN=B0CM4RFSHG / SKU=ACS07305
구매일자: 2025-12-24","1차: 정상 사용 중 크랙 발생 주장 → 사진 요청 후 교품(MCF) 진행
2차: 교품 수령 완료 → 정상 배송 안내
3차(현재): 교체품 수령 직후부터 좌측 가장자리 벌어짐/분리 상태 확인(사진 첨부) → 재검토 및 추가 조치 요청","구매 약 4개월 경과
(최근 2년) 총 주문 3개 / FBA 환불 1건 / 셀러 환불 0건 / 셀러 코드 발급 0건 → 충성고객
교체품 수령 직후 초기 불량 주장 (사진상 가장자리 벌어짐 확인)
기존 교품 1회 제공(4월 20일)된 케이스이나, “수령 즉시 불량” 케이스로 일반 사용 중 파손과 구분 필요
타고객 유사 전례: #1000141670 (MCF 교품 후 상태 불량 → 재교품 또는 안내 병행)
충성 고객이며 과도한 보상 이력 없음
※ 위 근거로 “제조상 결함 확인 불가, 고객 불편 고려 재교품 또는 환불” 예정","고객 상황에 대한 유감 표현
대체품 제공으로 고객 불편 해소 도움을 드릴려고 했으나, 아마존에서 실수로 중고품을 배송한 것으로 추측됨(FBA 책임)
다시 한 번 대체품 제공 예정 (MCF진행)",나아름 Jane 글로벌CX전략팀,"Apr 24, 9:37 AM
@
김지우 Kevin 글로벌CX전략팀
 프로님, 작성해주신대로 처리 부탁드리고, 바로 MCF 재발송 하면 좋을 것 같습니다!
Apr 24, 9:37 AM"
김지우 Kevin 글로벌CX전략팀,https://spigenhelp.zendesk.com/agent/tickets/1000144573,"링크: https://spigenhelp.zendesk.com/agent/tickets/1000144573
국가 / 제품: UK / Galaxy S26 Liquid Air MagFit
ASIN=B0FVBMZYJX / SKU=ACS11055
구매일자: 2026-04-13","1차: 케이스 장착 시 무선 충전 중단(수초 후 멈춤) → 영상/충전기 정보 요청
2차: 영상 및 일부 자료 첨부 → 타사 충전기 호환 이슈 안내 + 아마존 교환/환불 유도
3차(현재): 삼성 정품 충전기 사용 및 비교 자료(타 케이스 정상 충전) 재제출 → 동일 제품 교환 시 정상 작동 여부 문의","구매 약 10일 경과
(최근 2년) 총 주문 2개 / FBA 환불 1건 / 셀러 환불 0건 / 셀러 코드 발급 0건
케이스 장착 시 충전 중단 / 탈착 및 타 케이스 비교 영상으로 일부 재현 확인 가능
다만 타사(삼성) 충전기와의 호환성 문제로 단정 가능, 제품 자체 결함 단정 어려움
동일 제품 교환 시 동일 현상 재발 가능성 존재 → 교환보다는 FBA 환불 유도 적절
15W Duo Super Fast Wireless Charger Pad(타사제품) 메뉴얼
https://downloadcenter.samsung.com/content/UM/202409/20240906141741127/EP-P2400_P5400_UM_VPS_Global_Type_Rev.1.3_240906.pdf
상 두께가 있는 케이스와 사용시 충전이 불가하다는 내용 확인 가능. 타사 악세사리와 호환 불가 가능성 내용도 확인 가능
신제품(Galaxy S26) + MagFit 특성상 충전 환경(코일 위치, 출력 등)에 따른 편차 가능성 있음
※ 위 근거로 “제조상 결함 확인 불가, 타사 충전기 호환 이슈로 FBA환불 유도 2차 안내” 예정","제품 사용 중 불편을 겪으신 점 유감
자사 제품은 타사 제품과의 호환을 보장하지 않음
FBA 환불 안내 2차",나아름 Jane 글로벌CX전략팀,"Apr 24, 12:14 PM
@
김지우 Kevin 글로벌CX전략팀
 프로님, 고객이 삼성충전기 사용중인 점 확인했습니다. 작성하신대로 처리 부탁드립니다.
Apr 24, 12:14 PM"
임영신 June 글로벌CX전략팀,https://spigenhelp.zendesk.com/agent/tickets/1000145024,"https://spigenhelp.zendesk.com/agent/tickets/1000145024
국가 / 제품: IN /Spigen Audio Newly Launched SA-HP P10 Wireless Over Ear Headphones with 60H Playtime, Upto 43dB Multi-Mode Adaptive ANC Pro, EQ Customizing App, 5-MIC, Gaming Mode, 40mm Driver - Black
ASIN: B0DGX1VCWX
구매일자: 2026-04-18","1차: SA-HP P10(SA2403)의 오른쪽 스피커에서 저음이 왼쪽보다 너무 강하게 나와서 전체적인 균형이 맞지 않음. 괜찮을 때도 있지만 문제가 영상에서 나타나지 않아 영상 제공이 어려움. 아마존에서는 교환이나 반품이 불가능하다며 셀러에게 연락하라고 했음
->FBA CS 교환/환불 안내
2차: 아마존에서 헤드폰은 서비스 센터에서만 대체품 제공이 가능하다고 해서 연락했음
-> FBA CS 교환/환불 2차 안내
3차: 도움 제공이 어렵다면 아마존 문의를 위해 거절 확인서 요청. 아마존에서 해당 문서를 요구하고 있어 빠른 제공 요청.
-> Denial Letter 제공 불가 + FBA CS 교환/환불 3차 안내
4차: Amazon에서도 도움을 받지 못함. Amazon에서 거절 확인서를 요구함. 해당 서류 없이는 도움 불가하다고 안내받음.","(최근 2년) 총 주문 제품 2개 / FBA 환불 제품 0개 / 셀러 환불 0건 / MCF 발송 0건
제품 구매 후 6일 경과","고객 불편 유감
이슈를 증명할 아무 자료가 없어 문제를 확인하기가 어려움+그러나 고객 불편 고려하여 예외적 100% 환불
Apr 24, 2:32 PM",,
임영신 June 글로벌CX전략팀,https://spigenhelp.zendesk.com/agent/tickets/1000145152,"https://spigenhelp.zendesk.com/agent/tickets/1000145152
국가 / 제품: JP /Galaxy S26 Plus용 Ultra Hybrid MagFit케이스
구매처: 라쿠텐 
구매일자: 2026/03/23","Galaxy S26 Plus용 Ultra Hybrid MagFit케이스 사용 시 점점 신용카드의 터치 결제가 사용되지 않게 되었다고 함. 처음에는 문제없이 사용할 수 있었지만, 편의점에서 기기가 인식하지 못해 읽기 오류가 자주 발생하기 시작했고, 지금은 사용이 불가능하다고 함.
인식이 되지 않을 때는 해당 케이스를 제거하면 정상적으로 사용할 수 있기 때문에, 해당 케이스의 영향으로 보임.
아직 사용한 지 1개월밖에 되지 않았는데, 제품의 열화인지 문의.",라쿠텐 구매건,"당사 제품 구매 감사
제조상의 결함 확인되지 않음+그러나 고객 불편 고려하여 예외적 환불 도움
Apr 24, 2:37 PM",,
김지우 Kevin 글로벌CX전략팀,https://spigenhelp.zendesk.com/agent/tickets/1000144162,"링크: https://spigenhelp.zendesk.com/agent/tickets/1000144162
국가 / 제품: UK / iPhone 16 Pro Max PowerArc EF223MS (3in1 Wireless Charger)
ASIN=B0FCDK3QM1 / SKU=ACH09542
구매일자: 2026-03-06","1차: 회전 메커니즘 작동 불량(기어 갈림 소리) 및 1차 제품 동일 이슈로 Amazon 반품 이력 → 영상 및 추가 정보 요청
2차: 영상 첨부 재인입(기어 작동 시도하나 정상 회전 불가, 워치/에어팟 거치대 완전 수납 안됨) → 터치 방식 명확 확인 요청
3차(현재): 손을 올려 정상 터치 상태에서도 기어 작동 불량 지속 주장(영상 기반 소리 및 동작 확인) → 환불 또는 교체 요청","구매 1개월 경과
(최근 2년) 총 주문 2개 / FBA 환불 1건 / 셀러 환불 0건 / 셀러 코드 발급 0건
영상상 터치 인식 후 내부 기어 작동 시도는 확인되나 정상 회전 불가 (기구부 이상 의심)
GCX 기준상 명확한 제조 결함 단정은 어려우나, 정상 사용 중 기능 미작동으로 고객 불편 인정 가능
유사 전례: #1000122494 (동일 모델 회전 메커니즘 이슈)
충성 고객 아님 (총 주문 2건)
※ 위 근거로 “제조상 결함 확인 불가, 고객 불편 고려 MCF” 예정","제품 사용 중 불편을 겪으신 점 유감입니다.
사진 확인 결과 제조상 결함은 확인되지 않았습니다.
고객 불편을 고려하여 대체품 제공 예정(MCF)",나아름 Jane 글로벌CX전략팀,"Apr 24, 3:28 PM
@
김지우 Kevin 글로벌CX전략팀
 프로님,
고객이 이 제품 2개 샀는데, 1개도 이슈 있어서 아마존에 반품했고. 나머지 1개도 이슈라고 하는데,
대체품을 제공해도 동일한 문제가 발생할 가능성이 높아보이네요..
일단 재고는 많으니 대체품 제공으로 도움드리되, 대체품에도 동일이슈 발견되면 SIREN 등록을 검토이나 유관부서 공유하여 확인해보는게 좋을 것 같습니다!
Apr 24, 3:28 PM"
김지우 Kevin 글로벌CX전략팀,https://spigenhelp.zendesk.com/agent/tickets/1000145217,"링크: https://spigenhelp.zendesk.com/agent/tickets/1000145217
국가 / 제품: UK / Waterproof Bag (Pouch)
ASIN=B09Y8ZG5XN / SKU=AMP04533
구매일자: 2026-02-24","1차: 제품이 부풀어야 하나 납작한 상태로 사용 불가 주장 → 사진/영상 요청
2차(현재): 사진 첨부하며 정상 작동 불가 재클레임 → 확인 후 대응 필요","구매 약 2개월 경과
(최근 2년) 총 주문 8개 / FBA 환불 0건 / 셀러 환불 0건 / 셀러 코드 발급 0건
사진상 제품 구조상 ‘공기 주입형’이 아닌 제품으로 판단되나, 고객은 기대치와 상이함으로 강한 불편 호소
타고객 유사 전례 다수 존재 (기대 스펙 오해 → 고객 불편 고려 환불 처리 케이스)
총 주문 8건 / 환불 이력 없음 → 충성 고객 해당
※ 위 근거로 “제조상 결함 확인 불가, 고객 불편 고려 환불” 예정","제품 사용 중 불편을 겪으신 점 유감
사진 확인 결과, 제조상 결함은 확인되지 않음.
충성 고객을 고려하여 예외적 환불 도움 예정",나아름 Jane 글로벌CX전략팀,"Apr 24, 5:31 PM
@
김지우 Kevin 글로벌CX전략팀
 네 프로님, 충성 고객 고려하여 작성하신대로 대응 부탁드리겠습니다~!
Apr 24, 5:31 PM"
김지우 Kevin 글로벌CX전략팀,https://spigenhelp.zendesk.com/agent/tickets/1000145180,"링크: https://spigenhelp.zendesk.com/agent/tickets/1000145180  
국가 / 제품: JP / iPad Air 11 Ultra Hybrid Pro  
ASIN=B08R5M1VJS / SKU=ACS02698  
구매일자: 확인 필요 (Order ID: 503-8499292-4250235)","1차: 케이스 장착 시 Apple Pencil 연결 불량 발생 주장 → 사진 및 LOT 요청  
2차(현재): 케이스 장착 시 간헐적 연결 끊김, 탈착 시 정상 복구 반복 → 사진 제출 / 패키지 폐기로 LOT 미제공","+ 구매일자 2026년 4월 5일 (3주 경과)
+ (최근 2년) 총 주문 1개 / FBA 환불 0건 / 셀러 환불 0건 / 셀러 코드 발급 0건  
1. 케이스 장착/비장착 상태 비교 사진 제출로 현상 자체의 확인 어려움(영상 스샷), 제품 단독 원인 단정 어려움  
2. GCX 기준상 기능 간섭 이슈는 명확한 결함 입증 어려운 경우 제조상 결함 판단 불가  
3. 타고객 유사 전례: 악세사리 간섭 이슈 간헐적으로 존재 (1000144234
https://spigenhelp.zendesk.com/agent/tickets/1000144234
(키보드), 1000141515
https://spigenhelp.zendesk.com/agent/tickets/1000141515
(펜슬))  
※ 위 근거로 “제조상 결함 확인 불가, 고객 불편 고려 환불” 예정","1. 제품 사용 중 불편을 겪으신 점 유감  
2. 사진 확인 결과 제조상 결함은 확인되지 않았음
3. 고객 불편을 고려하여 환불 도움 예정",나아름 Jane 글로벌CX전략팀,"Apr 27, 9:45 AM
@
김지우 Kevin 글로벌CX전략팀
 프로님 고객이 영상 첨부가 어려워 사진으로만 제출한 점 확인했습니다. 사진상으로는 고객의 이슈를 정확히 확인하기 어려우나, 일단 고객 믿고 작성하신대로 예외적 도옴 부탁드립니다.
추가로 동일 제품으로 S PEN 간섭이슈 인입되면 영업 담당자에게 공유해보고, 건 수가 많으면 SIREN 등록여부도 검토해보는게 좋을 것 같습니다.
Apr 27, 9:45 AM"
김지우 Kevin 글로벌CX전략팀,https://spigenhelp.zendesk.com/agent/tickets/1000144308,"링크: https://spigenhelp.zendesk.com/agent/tickets/1000144308
국가 / 제품: IN / Galaxy Buds 4 Pro Lock Fit
ASIN=B0G7N15XXS / SKU=ACS11202
구매일자: 2026-04-05","1차: 케이스 장착 시 무선충전 불가 주장(영상 첨부) → 기기정보/로고/바코드 요청
2차: 다수 기기(Galaxy S24 Ultra 등)로 충전 시도했으나 불가 주장 → 영상 검토 후 제조상 결함 확인 불가, 충전 환경 영향 안내 및 도움불가
3차(현재): “모든 충전기에서 안 된다, 프리미엄 제품인데 납득 불가” 강한 불만 표출 및 해결 요구 → 재차 보상 요청","구매 11일 경과
(최근 2년) 총 주문 18개 / FBA 환불 6건 / 셀러 환불 1건 / 셀러 코드 발급 0건 → 구매이력 많음
영상상 제품 물리적 이상 확인 불가, 단순 무선충전 호환 이슈 주장 (영상 링크
https://drive.google.com/file/d/1VHRrznPycvNtP4sI07g7fE_pV05_nEpW/view?usp=sharing
)
무선충전 특성상 케이스 두께/충전기 사양/정렬 상태에 따라 충전 불가 가능 (매뉴얼 및 전례 동일)
유사 전례: #1000140409 동일 케이스/충전환경 이슈 → 도움불가 처리 / 일부 전례(#1000124215 등) 환불 사례 존재하나 일관성 기준상 환경 영향 우선 판단
충성 고객이나, 환불 비율 다소 높은 편 (18건 중 7건) → 예외 환불 시 악용 가능성 존재
※ 위 근거로 “제조상 결함 확인 불가, 사용환경 영향으로 판단되어 도움불가 2차 유지” 예정","제품 사용 중 불편을 겪으신 점 유감
타사 제품과의 호환 불가는 워런티 대상이 아닙니다.
도움 불가한 점 양해 부탁(도움 불가 2차 안내)",나아름 Jane 글로벌CX전략팀,"Apr 27, 9:49 AM
@
김지우 Kevin 글로벌CX전략팀
 프로님, 도움불가 2차까지 이미 진행되어 도움불가 3차이네요. 도움불가 유지 부탁드리겠습니다
Apr 27, 9:49 AM"
"3 unread,",https://spigenhelp.zendesk.com/agent/tickets/1000145215,"https://spigenhelp.zendesk.com/agent/tickets/1000145215
국가 / 제품: DE / Tesla Model 3/y용 ITLST90W 충전기
ASIN: B0D3FQ679M
구매일자: 2026-03-10","1차: ITLST90W 충전기와 슈피겐 스크린 보호필름을 구매했는데, 충전기 설치 후, 보호필름에 버블 발생. 호환 문의.
-> 리스팅에 기재된 대로 해당 제품은 Glass 스크린 보호필름과는 호환되지 않을 수 있음
+ 아래 영상 참고하여 ""install the mount on the edge of the Screen"" 바람
2차: 주행 중, 차져의 충전 기능이 계속 on-off 반복.  이 때문에 화면도 on-off 되는 것 너무 불편함. 다른 USB 포트도 사용해봤지만 동일한 문제임. 슈피겐 제품을 여러 개 사용해왔지만, 이 제품은 만족스럽지 않음. 연결이 불안정하고 흔들림도 있어 아쉽고 실망스러움. 내부 접촉 불량이 있는 것 같아 환불 또는 반품 문의함
3차: 운전하면서 촬영을 할 수 없으며, 정차 중에는 문제가 없고 주행 중에만 문제가 발생함. Galaxy Fold 7에 dbrand MagSafe 케이스를 사용 중이며, 충전 케이블은 기기에 고정되어 있어 분리할 수 없음. 케이블이 내장형이고 별도의 어댑터도 없음. Tesla 차량에서는 USB Type-C 포트에 직접 연결하는 방식이며, 두 개의 USB Type-C 포트 모두 시도함. 문제는 설계가 불안정해 흔들림이 발생하면서 연결이 느슨해지면서 충전이 반복적으로 끊겼다가 다시 연결됨. 
참고 티켓 #1000133962) ITLST90W를 25년 7월 19일에 구매했는데, 약 2개월 전부터 충전이 10-15분 후 자동으로 끊기는 고장이 발생해 반품을 요청함
고객 불편 고려하여 100% 환불 진행",(최근 2년) 총 주문 제품 21개 / FBA 환불 제품 1개 / 셀러 환불 0건 / MCF 발송 0건,"고객 불편 유감
영상이 없어, 고객 불편 사항을 확인할 수 없음+제조상의 결함 파악되지 않음+그러나 고객 불편 고려하여, 대체품 제공 도움 드리고자 함+동의시 정보 요청 (MCF 재고: 40개)",임영신 June 글로벌CX전략팀,"Apr 30, 2:05 PM
@
양숙랑 Grace 글로벌CX전략팀
 리더님, 이 고객에게 대체품 제공 제안하였으나 거부 및 환불 요청하였습니다. 충성고객 고려하여, 환불 도움 주고자 합니다. 확인 부탁드립니다 
Apr 30, 2:05 PM"
임영신 June 글로벌CX전략팀,https://spigenhelp.zendesk.com/agent/tickets/1000145413,"https://spigenhelp.zendesk.com/agent/tickets/1000145413
국가 / 제품: IT /Galaxy S26 Ultra용 Nano Pop MagFit 케이스
ASIN: B0FV9N1Y5H
구매일자: 2026-04-23","하단부 형합 맞지 않아, 제조 결함인지 문의. 교환 또는 환불 요청","(최근 2년) 총 주문 제품 9개 / FBA 환불 제품 1개 / 셀러 환불 0건 / MCF 발송 0건
-MCF 재고 1395개","고객 불편 유감
고객 의견 유관 부서 전달+불편 고려하여 환불 도움 드리고자 함
Apr 27, 11:35 AM",,
"2 unread,",https://spigenhelp.zendesk.com/agent/tickets/1000144688,"https://spigenhelp.zendesk.com/agent/tickets/1000144688
국가 / 제품: IN /    
Spigen Ez Fit Tempered Glass Full Screen Protector Guard For Samsung Galaxy Z Fold 6 Smartphone (2 Pack)
ASIN: B0D3J5K2WB
구매일자: 2025-09-22","1차: Galaxy Z Fold 6용 EZ Fit 글라스가 제대로 부착되지 않고 버블이 발생함. 또한, 터치 인식도 되지 않음. 환불 요청. (케이스도 구매했다고 언급)
-> 사진 또는 동영상 + 바코드 사진 요청
2차: (사진 첨부하여 재인입- Galaxy S25 Ultra용 EZ FIT Slim 글라스 (SKU: AGL09221) 바코드 사진으로 확인됨)
-> Order ID 재확인 요청
3차: 메시지 #2 잘못된 패키지 뒷면 사진을 보내드렸을 수도 있다며 재인입.  관련 기록을 확인해 주기 요청함.
-> 사용 중 생긴 결함 1차 안내 (환불 X)
4차: 구매 직후 바로 연락드렸으며, 이전 문의 내역(#1000121006, Spigen India - 25.09.28) 스크린샷을 첨부함. 제조상의 결함으로 인한 문제이므로 가능한 한 빨리 환불 요청
-> Galaxy Z Fold 6용 EZ Fit 글라스 (AGL07969)에 대한 바코드 사진 재전달 요청
5차: 시간이 많이 지나 바코드 이미지를 보유하고 있지 않음. 이전 9월 문의 당시 요청되었어야 한다고 생각함. 예외 처리 요청 및 환불 요구. 해당 상황에 대해 큰 불편과 스트레스를 느낌. 연락 가능한 콜백 번호 문의.
-> 제공한 정보 검토 결과 제조 결함 확인되지 않음 + 당사는 제조 결함에 대해서만 워런티 제공함 + 하지만 불편을 고려하여 예외적 50% 환불로 도움드리고자 함 + 50% 환불 동의 여부 문의
6차: 이번 문제는 본인의 책임이 아닌 명백한 제조 결함이며, 구매 후 1주일 이내에 문의했었음. 당시에는 전혀 조치가 이루어지지 않았고 이후 답변도 중단되었음. 이 상황은 전혀 수용할 수 없고 아마존에서도 해당 제품을 검토한 뒤 결함으로 판단했으며, 슈피겐에 문의하여 환불을 받으라고 안내했음. 예외적으로 처리 요청. 거의 6~7년 동안 Spigen 제품을 사용해왔고, 이번이 처음 겪는 문제임.
-> 거부 시, 예외적 50% 환불 2차 제안
7차: 부당한 대응을 받고 있다고 느끼며 강한 불만 제기. 2025년 9월에 이미 답변했으나 이후 회신을 받지 못했다고 함. 전액 환불 요청하며, 해당 건의 상위 부서로의 에스컬레이션 요청.","(최근 2년) 총 주문 제품 2개 / FBA 환불 제품 0개 / 셀러 환불 0건
구매 후 6개월 30일 경과 (25.09.28 최초 인입)
이전 동일 문의 티켓)
#1000121006 Galaxy Z Fold 6용 EZ Fit 글라스가 파손된 채 배송되었고 설치 도구가 누락되었음 -> 중고품 수령 + FBA CS 안내","고객 불편 유감
이전에 안내드렸듯이 사진 검토 결과 제조 결함이 확인되지 않음 + 당사는 제조 결함에 대해서만 워런티 제공함 재안내
동일 안내 양해 부탁 + 최대 50% 환불",양숙랑 Grace 글로벌CX전략팀,"Apr 20, 4:14 PM
프로님. 이번건에 한해서 예외적으로 100% 환불해 드리면 될것 같습니다.
작년 9월에 인입된 부분도 확인 했습니다. 환불을 요구해서 진상이긴 한데 상호 불필요한 스트레스 방어 하는게 좋겠습니다.
Apr 20, 4:14 PM"
"2 unread,",https://spigenhelp.zendesk.com/agent/tickets/1000144583,"https://spigenhelp.zendesk.com/agent/tickets/1000144583
국가 / 제품: IN /
(1) Galaxy S25 Ultra용 UH S MagFit (Order ID: 408-2468529-0941920 / 2025.12.28일 구매)
ASIN: B0DJ9TGGFR
(2) Galaxy S24용 UH OneTap Metal Ring MagFit (Order ID: 402-2615231-1736322 / 2025.12.21일 구매)
ASIN: B0FCX2YZ2R 
(3) Galaxy S25 Ultra용 UH MagFit (Order ID: 405-9285021-7681941 / 2025.4.12일 구매->1년 경과)
ASIN: B0DJ9VZBCZ",3개 제품에 대해 모두 황변 클레임,"(최근 2년) 총 주문 제품 14개 / FBA 환불 제품 0개 / 셀러 환불 0건 / MCF 발송 0건
(1)번 케이스 재구매 함 (Order ID: 404-3372109-7467559 / 2026.4.14일 구매)","고객 불편 유감
사용 환경에 따른 이염 또는 오염으로 확인 + 제조상의 결함 확인되지 않음
그러나 고객 불편을 고려하여, 작년 12월에 구매한 제품 2개에 대해 예외적으로 환불 도움 드리고자 함 + 케이스 겉면에 마커로 X 자 표시등 폐기 사진 요청 + 이후 환불",나아름 Jane 글로벌CX전략팀,"Apr 17, 11:13 AM
@
김지우 Kevin 글로벌CX전략팀
 프로님, 제품 비교 이미지 공유 감사드립니다.
저희 제품이 아니므로 도움드릴 수 없을 것 같네요! 작성하신대로 처리 부탁드립니다.
Apr 17, 11:13 AM"
김지우 Kevin 글로벌CX전략팀,https://spigenhelp.zendesk.com/agent/tickets/1000144806,"링크: https://spigenhelp.zendesk.com/agent/tickets/1000144806
국가 / 제품: FR / Galaxy S26 Ultra SP_Glas.tR
http://SP_Glas.tR
 Optik Pro
ASIN=B0G7STMFKY / SKU=AGL11071
Order ID: 408-8425587-8996301
구매일자: 2026-04-16",1차(현재): 부착력 불만으로 전액 환불 요청 → Amazon 통해 환불 완료 상태,"구매 약 2일 경과
(최근 2년) 총 주문 5개 / FBA 환불 2건 / 셀러 환불 0건 / 셀러 코드 발급 0건
부착력 불만 제기(사진 없음, 리뷰 기반 VOC)
Amazon 시스템상 이미 환불 완료 확인 → 추가 조치 불필요
※ 위 근거로 “환불 완료 안내” 예정","신제품에 대한 의견 감사
 아마존상 이미 환불 완료",양숙랑 Grace 글로벌CX전략팀,"Apr 17, 12:05 PM
프로님. 제안대로 안내 부탁 드립니다.
Apr 17, 12:05 PM"
"3 unread,",https://spigenhelp.zendesk.com/agent/tickets/1000144697,"https://spigenhelp.zendesk.com/agent/tickets/1000144697
국가 / 제품: IN /Spigen 30,000mAh, 30W Fast Charging Power Bank with PD3.0 30W for 2 USB-C Ports, QC3.0 22.5W for 1 USB-A Port - Black
ASIN: B0CSSN83R4
2024-09-27","1차: PA2305 보조배터리 충전을 시도하면 첫 번째 표시등이 한 번 깜빡인 후 네 개의 표시등이 모두 빠르게 깜빡이며 정상적으로 충전되지 않음. 해결 방법 또는 교체가 필요한 경우 보증 절차 안내 요청.
-> 보증 기간 만료 안내 (PowerAcc.)
2차: A2305 보조 배터리는 2년 워런티 제품으로 2024년 9월 구매로 2026년 9월까지 보증 기간이 유효함.
외관상 상태는 양호하나 점멸 패턴이 일반 마모가 아닌 특정 오류 코드로 보임. 해당 오류에 대한 하드웨어 리셋 또는 문제 해결 방법 안내 요청.
리셋으로 해결되지 않을 경우 워런티 재검토 요청.","다른 구매 내역 확인 안됨
구매 후 1년 6개월 경과","고객 불편 유감
이 제품의 워런티 기간은 12개월임 안내+ 현재 아마존 시스템 오류로 워런티 표기가 12개월, 24개월이 함께 나타남+고객 혼동 드려 죄송
워런티 기간 만료되어 추가 도움 불가",양숙랑 Grace 글로벌CX전략팀,"Apr 17, 2:48 PM
프로님. 제안대로 안내 부탁 드립니다. 워런티 기간, 충성고객 인점 확인 했습니다.
Apr 17, 2:48 PM"
"6 unread,",https://spigenhelp.zendesk.com/agent/tickets/1000144875,"https://spigenhelp.zendesk.com/agent/tickets/1000144875
국가 / 제품: IN /    
Spigen Ultra Hybrid Back Cover Case Compatible with iPhone 17 Pro Max (TPU + Poly Carbonate | Crystal Clear)
ASIN: B0FD25XK76
2026-01-18",사용한 지 3개월 만에 황변됨. 1년 워런티 제공 요청. (사진 첨부),"(최근 2년) 총 주문 제품 9개 / FBA 환불 제품 1개 / 셀러 환불 2건
이전 환불 티켓)
#1000137040 Galaxy S25 Ultra용 UH 황변 -> 폐기 사진 확인 후 100% 환불
#1000142851 iPhone 17 Pro Max용 UH 케이스 황변 -> 폐기 사진 확인 후 100% 환불","고객 불편 유감
황변의 경우 유저의 사용 습관, 환경, 외부 요인 등으로 발생할 수 있으며 지속적으로 예외적 워런티 제공이 불가한 점 양해 부탁 (도움 불가 1차 안내)
이전에도 예외적 도움 드린 이력 확인됨+ 예외적인 환불 지속 불가",양숙랑 Grace 글로벌CX전략팀,"Apr 17, 4:20 PM
프로님. 제안대로 안내 부탁 드립니다. 제품 품질이 아쉽네요....
Apr 17, 4:20 PM"
임영신 June 글로벌CX전략팀,https://spigenhelp.zendesk.com/agent/tickets/1000144799,"https://spigenhelp.zendesk.com/agent/tickets/1000144799
국가 / 제품: IN / Spigen Ultra Hybrid MagFit Back Cover Case Compatible with iPhone 16 Plus (TPU + Poly Carbonate | White)
ASIN: B0D21X6RV8
구매일자: 2026-02-09","1차: 케이스 사용 20일만에 특히 한쪽 측면이 황변. 이번이 두번째임. 
-> 오더 아이디, 사진 요청
2차: (인보이스, 사진 첨부)","(최근 2년) 총 주문 제품 5개 / FBA 환불 제품 0개 / 셀러 환불 2건
이전 환불 티켓)
#1000130154 iPhone 16 Plus용 UH MagFit 케이스 황변 -> 폐기 사진 확인 후 100% 환불
#1000133748 iPhone 16 Plus용 UH MagFit 케이스 황변 -> 폐기 사진 확인 후 100% 환불","고객 불편 유감
황변의 경우 유저의 사용 습관, 환경, 외부 요인 등으로 발생할 수 있으며 지속적으로 예외적 워런티 제공이 불가한 점 양해 부탁 (도움 불가 1차 안내)
이전에도 예외적 도움 드린 이력 확인됨+ 예외적인 도움 지속 불가 양해 부탁
Apr 21, 10:55 AM",,
김지우 Kevin 글로벌CX전략팀,https://spigenhelp.zendesk.com/agent/tickets/1000144807,"링크: https://spigenhelp.zendesk.com/agent/tickets/1000144807
국가 / 제품: UK / Galaxy S26 Ultra Ultra Hybrid S MagFit
ASIN=B0FVBPTQT2 / SKU=ACS11032
구매일자: 2026-03-22",1차(현재): 낮은 높이 낙하 후 케이스 내부 킥스탠드로 인해 후면 유리 파손 주장 (사진 제출) → 수리비 + 케이스 전액 환불 요청,"구매 약 1개월 경과
(최근 2년) 총 주문 1개 / FBA 환불 0건 / 셀러 환불 0건 / 셀러 코드 발급 0건
고객은 “킥스탠드 구조가 충격을 집중시켜 기기 파손 유발” 주장 (사진상 파손 확인되나 인과관계 단정 어려움)
내부 기준(GCX_2024 CS PROCEDURE)상 외부 충격(낙하)으로 인한 기기 손상은 당사 보상 범위 아님
#1000144886
https://spigenhelp.zendesk.com/agent/tickets/1000144886
, #1000144887
https://spigenhelp.zendesk.com/agent/tickets/1000144887
 (동일 내용 중복 인입)
※ 위 근거로 “제조상 결함 확인 불가, 고객 불편 고려 케이스 환불만 진행 / 기기 보상 불가” 예정","고객 상황에 대한 유감 표현
당사 보증은 제품에 한해 적용되며, 기기 손상과의 직접적 인과관계 확인 어려움으로 보상 불가 안내
고객 불편을 고려하여 케이스 환불 도움",김지우 Kevin 글로벌CX전략팀,"Apr 17, 5:41 PM
확인 감사합니다 리더님. 외부 원인으로 파손 예상되니 도움불가로 다시 나가겠습니다!
Apr 17, 5:41 PM"
김지우 Kevin 글로벌CX전략팀,https://spigenhelp.zendesk.com/agent/tickets/100014472,"링크: https://spigenhelp.zendesk.com/agent/tickets/100014472
https://spigenhelp.zendesk.com/agent/tickets/1000144722
국가 / 제품: FR / MacBook Air SP_Glas.tR
http://SP_Glas.tR
 Slim
ASIN=B0C7LPP11N / SKU=AGL06950
구매일자: 2026-04-18","1차: 제품 수령 직후 측면 파손 주장(사진 제출) → 전액 환불 요청 및 Negative Review 언급
2차: 반품 불편(차량 이동 필요) 및 셀러 직접 환불 요구 → FBA 책임 안내 및 Amazon CS 유도
3차: Returnless Refund 직접 처리 요구 및 타 셀러 사례 언급 → 동일 안내 반복
4차(현재): 박스 정상 상태 근거로 제조 문제 주장 및 Negative Review 재언급 → 셀러 환불 재요청","구매 3일 경과
(최근 2년) 총 주문 1개 / FBA 환불 0건 / 셀러 환불 0건 / 셀러 코드 발급 0건
사진상 파손 확인되나, 배송 과정 내 충격 여부 단정 불가 / 고객은 제조 문제 강하게 주장
FBA 주문 건으로 포장·배송 전 과정 Amazon 관할 → 셀러 직접 환불 처리 제한
고객 강성 대응 (Negative Review 지속 언급 및 압박)
유사 전례 다수: FBA 배송 파손 건 → Amazon CS 통해 환불 진행 원칙 유지
※ 위 근거로 “FBA CS 통해 환불 진행 안내 유지 (셀러 직접 환불 불가 최종 안내)” 예정","고객 상황에 대한 유감 표현
배송 과정 관련 이슈는 Amazon FBA에서 담당하여 직접 처리 어려움 안내 다시 안내
도움 불가한 점 양해 부탁드립니다  (도움불가 3차, 재인입시 NRN)",김지우 Kevin 글로벌CX전략팀,"Apr 17, 5:45 PM
확인 감사합니다 리더님. 도움불가로 안내하도록 하겠습니다! 아마존 인도 셀러센트럴에서 해당 고객 주문내역 조회해보려고 했으나 지금 저희 업무폰이 충전기 케이블(옛날 아이폰 라이트닝)이 없어서 조회가 안될 것 같습니다... 다음주에 라이트닝 케이블 가지고와서 업무폰 충전 후 조회해보도록 하겠습니다!
Apr 17, 5:45 PM"
김지우 Kevin 글로벌CX전략팀,https://spigenhelp.zendesk.com/agent/tickets/1000144830,"링크: https://spigenhelp.zendesk.com/agent/tickets/1000144830
국가 / 제품: IT / Galaxy Z Flip 7 Nano Pop MagFit
ASIN=B0F1BXGPCF / SKU=ACS09563
구매일자: 2025-07-25","1차: 케이스 프레임 파손 주장 → 교품(MCF) 제공
2차(현재): 교품 수령 후 약 5개월 사용 뒤 동일 파손 주장(사진 제출) → 환불 요청 및 Negative Review 언급","구매 약 9개월 경과 (교품 수령 후 약 5개월 경과)
(최근 2년) 총 주문 1개 / FBA 환불 0건 / 셀러 환불 0건 / 셀러 코드 발급 0건
교품 제공 이후 재클레임 건으로, 추가 보상 요구
사진상 프레임 파손 확인되나 사용 중 외부 영향 가능성 높음
내부 기준(GCX_2024 CS PROCEDURE)상 교환품은 추가 워런티 적용 불가
고객 Negative Review 언급하며 압박 중
※ 위 근거로 “제조상 결함 확인 불가, 교품 이후 건으로 추가 보상 불가 → 도움불가” 예정","제품 사용 중 불편을 겪으신 점 유감
이전에 대체품 제공 시 안내드린 바와 같이, 교환품은 워런티 제공이 불가함
사용환경 및 외부 영향에 따른 파손으로 사료되며 제조상 결함은 확인되지 않음
도움 불가한 점 양해 부탁",김지우 Kevin 글로벌CX전략팀,"Apr 17, 5:46 PM
확인 감사합니다 리더님. 고객이 사용 중 물리적 충격으로 발생한  것 같으니 도움불가로 전달하겠습니다!
Apr 17, 5:46 PM"
김지우 Kevin 글로벌CX전략팀,https://spigenhelp.zendesk.com/agent/tickets/1000144872,"링크: https://spigenhelp.zendesk.com/agent/tickets/1000144872
국가 / 제품: UK / iPhone 17 Pro Silicone Fit MagFit
ASIN=B0FD2VML1N / SKU=ACS09957
구매일자: 2026-04-19","1차: 카메라 버튼 컷아웃 정렬 불량 문의 및 전체 제품 동일 여부 확인 요청 → 로고/바코드 사진 요청
2차(현재): 사진 첨부하여 재인입 → 불량 여부 판단 및 교환/환불 요청","구매 2일 경과
(최근 2년) 총 주문 1개 / FBA 환불 0건 / 셀러 환불 0건 / 셀러 코드 발급 0건
사진 및 고객 진술 기준 컷아웃 위치 편심 이슈 확인 (기능적 사용 가능 여부는 불명확)
Silicone Fit 특성상 버튼 조작 편의 및 구조 보강으로 인한 비대칭 설계 가능 → 제조상 결함 단정 어려움
타제품 유사 전례 다수 존재 (#1000119739, #1000120164 등 컷아웃 편심 → 고객 불편 고려 환불 처리)
※ 위 근거로 “제조상 결함 확인 불가, 고객 불편 고려 폐기사진 후 환불” 예정","고객 상황에 대한 유감 표현
사진 확인 결과 제조상 결함은 확인되지 않았음
여러 방면으로 최적화 된 버튼 조작을 감안하여 설계된 cut-out이며 불량품이 아님
고객 불편을 고려하여 환불 도움 예정 (폐기 확인 후 환불)",임영신 June 글로벌CX전략팀,"Apr 20, 3:17 PM
확인 감사합니다.
Apr 20, 3:17 PM"
김지우 Kevin 글로벌CX전략팀,https://spigenhelp.zendesk.com/agent/tickets/1000144867,"링크: https://spigenhelp.zendesk.com/agent/tickets/1000144867
국가 / 제품: UK / Galaxy S26 Ultra SP_Glas.tR
http://SP_Glas.tR
 EZ Fit Pro
ASIN=B0G7S8J7SJ / SKU=AGL11068
구매일자: 2026-03-28","1차: 글라스 부착 후 화면 반사 심화 및 편두통 유발 주장 → 제품 상태 및 바코드 사진 요청
2차(현재): 사진 첨부 재인입, 반사로 인한 사용 불편 지속 호소 및 해결 요청","구매 24일 경과
(최근 2년) 총 주문 1개 / FBA 환불 0건 / 셀러 환불 0건 / 셀러 코드 발급 0건
사진상 제품 파손 및 이상 없음, 반사 관련 사용감 이슈로 판단
글라스 제품 특성상 조명 및 자연광 각도에 따라 반사 발생 가능
고객 주장(편두통 유발)은 개인 사용 환경 및 민감도 영향으로 판단
유사 전례 기준 동일 사유는 제품 특성 안내 후 도움 불가 처리 다수
비충성 고객 (주문 1건)
※ 위 근거로 “사용환경 및 외부 요인(조명/자연광)에 따른 자연스러운 현상으로 도움 불가” 예정","고객 상황에 대한 유감 표현
제품 특성상 자연광 아래에서 빛의 각도에 따라 반사가 발생할 수 있음
사용환경 및 외부 영향에 따른 기능 저하는 워런티 대상이 아님
도움 불가한 점 양해 부탁",임영신 June 글로벌CX전략팀,"Apr 20, 3:19 PM
네, 확인 감사합니다.
Apr 20, 3:19 PM"
임영신 June 글로벌CX전략팀,https://spigenhelp.zendesk.com/agent/tickets/1000144819,"https://spigenhelp.zendesk.com/agent/tickets/1000144819
국가 / 제품: IN /     
CASEOLOGY by Spigen Capella Mag Kickstand for iPhone 16 Pro Max Case [Built-in Kickstand] Military Grade Drop Protection Back Cover Case for iPhone 16 Pro Max (TPU and PC | Clear Gray)
ASIN: B0D485JJ2X
구매일자: 2025-09-23","1차: 사용한지 6개월된 케이스 황변. 동일 제품 교환 요청(사진 첨부)
-> 도움 불가 1차 안내
2차: 변색이 되지 않는다는 광고와 다른 현상(황변)이 발생한 것이 문제임. 어떤 조건에서 변색이 발생하는지에 대한 명확한 설명 없음과 자신의 사용 환경이라고 단정짓는 것이 문제라고 지적. 책임 회피임. 교체 요구 및 미처리시 소보원 및 아마존 신고 예고.","구매 6개월 28일 경과
(최근 2년) 총 주문 제품 7개 / FBA 환불 0건 / 셀러 환불 1건 - 충성 고객
이전 고객 문의 티켓)
#1000090082 DA 12 Stylus Pen 펜 사용 중 작동이 멈추어 회수 후 환불 (배송비 INQ 부담)
#1000084535 iPhone 14 Pro용 UH 케이스 황변으로 100% 환불 (폐기사진 확인 후)
<인도 황변 관련 프로시저 업데이트 / 2025.04.22 공지>
❒ 황변으로 셀러 환불받은 이력이 있는 경우, 황변 사유로 신규 문의 시 해당 제품의 워런티 기간은 기존 1년이 아닌 6개월로 제한 적용 (인도에 한함)","고객 불편 유감
황변의 경우 유저의 사용 습관, 환경, 외부 요인 등으로 발생할 수 있음
충성 고객 고려하여 예외적으로 환불 도움 드림 + 폐기사진 요청
Apr 21, 5:11 PM",,
김지우 Kevin 글로벌CX전략팀,https://spigenhelp.zendesk.com/agent/tickets/1000144884,"링크: https://spigenhelp.zendesk.com/agent/tickets/1000144884
국가 / 제품: UK / Apple Vision Pro Klasden Bag
ASIN=B0D7QQ4F9G / SKU=AGP08663
구매일자: 2026-02-15","1차: 제품 불량 주장 및 교체 요청 (사진 첨부) → 사용 환경 및 경위 문의
2차(현재): 카라비너 사용 중 자연 분리(접착 문제 추정) 주장, 외부 충격 없음 강조 → 환불 또는 교체 요청","구매 약 2개월 경과
(최근 2년) 총 주문 9개 / FBA 환불 0건 / 셀러 환불 0건 / 셀러 코드 발급 0건
카라비너 연결 상태에서 사용 중 본체 분리되었다는 주장, 사진상 외부 충격 흔적 확인 어려움
GCX 기준상 사용 중 분리/접착 이슈는 외부 환경(열, 사용 방식 등) 영향 가능성 있어 제조상 결함 단정 어려움
유사 전례: 구조 분리/접착 이슈 건 환불 처리 사례 존재 (일부 안전 우려 동반 케이스 환불 대응)
충성 고객 (주문 9건, 환불 0건)
※ 위 근거로 “제조상 결함 확인 불가, 고객 불편 고려 환불” 예정","제품 사용 중 불편을 겪으신 점 유감
사진 확인 결과 제조상 결함은 확인되지 않았음
고객 불편을 고려하여 환불 도움 예정",양숙랑 Grace 글로벌CX전략팀,"Apr 20, 4:27 PM
프로님. 5개월 사용하고 환불을 해주면 해당 고객은 또 반복이 될 가능성이 있을것 같습니다. 충성고객인 점 알고 있지만 우려가 됩니다.
인도 사업부에서 환불에 대해 더 엄격하게 체크 하는 부분이 있는데요.
인도 영업팀에 환불을 해주는 것이 좋을지, 대체품 2개 보내줄수 있으면 대체품을 보내면 좋을지 확인하여 이하 대응하면 좋을것 같습니다.
Apr 20, 4:27 PM"
김지우 Kevin 글로벌CX전략팀,https://spigenhelp.zendesk.com/agent/tickets/1000144864,"링크: https://spigenhelp.zendesk.com/agent/tickets/1000144864
국가 / 제품: UK / Galaxy S25 Ultra Liquid Crystal Glitter
ASIN=B0DJ9VVRLW / SKU=ACS08950
구매일자: 2026-01-10","1차: 케이스 황변 및 손자국 발생 주장(사진 첨부) → 로고 확인 요청
2차: 로고 포함 사진 첨부하며 재인입 → 폐기사진 요청 후 환불 안내
3차(현재): 폐기 요구에 대한 강한 불만 및 법적 대응/차지백 언급 → 환불 요구","구매 약 3개월 경과
(최근 2년) 총 주문 3개 / FBA 환불 0건 / 셀러 환불 0건 / 셀러 코드 발급 0건
황변 클레임 + Anti-yellowing 허위광고 주장 및 강성 컴플레인 (차지백/리뷰 언급)
사진상 황변 확인되나, 사용환경 및 외부요인 영향 가능성 존재
유사 황변 전례 다수 존재 (폐기사진 조건 환불 케이스)
충성 고객 해당 (주문 3건 / 환불 이력 없음)
※ 위 근거로 “제조상 결함 확인 불가, 고객 불편 및 충성 고객 고려 폐기사진 확인 후 환불” 예정","고객 상황에 대한 유감 표현드립니다.
황변의 경우, 형광등, 자외선 노출, 충전기 발열, 화장품 등 다양한 유저의 사용환경 및 외부요인에 의해 발생될 수 있음
고객 불편을 고려하여 환불 도움드림 (폐기 확인 후 환불)",임영신 June 글로벌CX전략팀,"Apr 20, 5:39 PM
@
양숙랑 Grace 글로벌CX전략팀
 리더님, 
쇼피에서 구매한 고객 클레임에 관해 문의드리고자 합니다. 
이 클레임은, 이전에 지우P께서 SIREN 등록했던 나노팝 케이스의 자석 들뜸 현상에 관한 것입니다. 이 SIREN은 등록 후, 이상 없은 판정 받은 바 있어 참고 부탁드립니다. 
Galaxy S26 Nano Pop MagFit 자석들뜸 이슈 SIREN 검토_글로벌CX전략팀_26.03.13
고객이 주장하기를, 제품 구매한지 얼마 되지 않아 이 이슈가 발생하였고, 이에 따라 바우처를 지급하였습니다. 이후, 지급받은 바우처로 동일 제품을 산 고객이 이번에도 동일한 현상이 일어났다고 클레임하였습니다. 
쇼피에서는 아마존과 달리, 환불 이나 대체품 제공 대신 바우처로 고객 대응을 하고 있는데요. 이번에도 고객 불편 고려한 ,바우처를 지급하면서 코멘트를 하는 것이 좋지 않을까 생각이 들어 의견 여쭈어봅니다.
Apr 20, 5:39 PM"
김지우 Kevin 글로벌CX전략팀,https://spigenhelp.zendesk.com/agent/tickets/1000144894,"링크: https://spigenhelp.zendesk.com/agent/tickets/1000144894
국가 / 제품: FR / iPhone 15 Plus Liquid Air
ASIN=B0C5S9HBMG / SKU=ACS06651
구매일자: 2024-10-20","1차: 제품 결함 주장하며 교환 요청 → 사용 중 발생 가능성 안내 및 도움 불가
2차: 프랑스 법 기준 2년 보증 주장 및 신고 언급 → 동일 기준으로 도움 불가 재안내
3차(현재): 케이스 찢어짐 재주장하며 교체 요구 지속 → 도움 불가 유지","구매 약 1년 6개월 경과
(최근 2년) 총 주문 7개 / FBA 환불 4건 / 셀러 환불 0건 / 셀러 코드 발급 0건
사진/영상 미첨부 상태로 “찢어짐” 주장 → 제품 상태 및 인과 확인 불가
사용 기간 장기 경과 + 외부 요인(마찰/사용 환경) 영향 가능성 높음
법적 보증(2년) 근거로 강성 컴플레인 및 신고 언급
환불 비율 과다(4/7)
※ 위 근거로 “제조상 결함 확인 불가, 사용 환경 및 외부 요인에 따른 손상으로 도움 불가” 예정","고객 상황에 대한 유감 표현
사용환경 및 외부 영향에 따른 변형은 워런티 대상이 아님
도움 불가 3차 안내 (재인입시 NRN)
Fwd: Housse iPhone 15 plus défectueuse
#1000144894
Mathias LEVY levymathias@hotmail.com
SQ CrBiz fwd'ed
Status         hold
Priority        high
View
Update
Comment
By 
Zendesk
App
Remove preview",나아름 Jane 글로벌CX전략팀,"Apr 21, 10:06 AM
@
김지우 Kevin 글로벌CX전략팀
 프로님, 이 고객 제가 어제 선컨텍했던 고객인데, 리뷰에 기재된 이름과 저희에게 컨텍한 이름이 상이하네여. 추가로 이미 반품을 진행하였기에 별도로 저희가 취할 액션은 없을 것 같습니다. 작성하신대로 대응 부탁드려요!
Apr 21, 10:06 AM"
김지우 Kevin 글로벌CX전략팀,https://spigenhelp.zendesk.com/agent/tickets/1000144033,"링크: https://spigenhelp.zendesk.com/agent/tickets/1000144033
국가 / 제품: IN / iPad Pro 13 (25) SP_Glas.tR
 EZ Fit Slim
ASIN=B0CWSG591K / SKU=AGL07793
구매일자: 2026-04-11","1차: 좌측 상단 접착 불량 및 잔여 자국 주장(사진 첨부) → 바코드 사진 요청
2차(현재): 바코드 및 추가 설명 제출, 박스 상태 불량 주장 → 환불 또는 조치 요청","구매 3일 경과
(최근 2년) 총 주문 5개 / FBA 환불 3건 / 셀러 환불 0건(2년전 2건) / 셀러 코드 발급 0건
접착 불량 및 패키지 손상 모두 배송/보관 과정(FBA) 영향 가능성 높음
당사 직접 출고가 아닌 Amazon FBA 배송 건으로 물류/포장 과정 개입 불가
고객 환불 이력 높음(60%) → 반복 환불 패턴 확인됨 (IN 고객)
유사 전례 다수: FBA 배송 중 제품 상태 이슈 → Amazon CS 통해 처리 일관 적용
※ 위 근거로 “FBA 배송 중 발생한 패키지 파손으로 사료, Amazon CS 안내” 예정","고객 상황에 대한 유감 표현
배송 중 발생한 패키지 파손으로 확인되며, 해당 경우 FBA CS에 문의 바람 (FBA 안내)
제조상 결함이 발견되지 않아 도움 불가 안내",나아름 Jane 글로벌CX전략팀,"Apr 14, 9:26 AM
@
김지우 Kevin 글로벌CX전략팀
 프로님, 작성하신대로 처리 부탁드립니다.
고객이 언급한 제품의 접착 문제보다는 유저의 미숙한 부착 방법때문으로 사료되는데요,,, 이 내용은 언급하실 필요없이 프로님이 작성하신 내용으로 대응하시면 됩니다!
Apr 14, 9:26 AM"
김지우 Kevin 글로벌CX전략팀,https://spigenhelp.zendesk.com/agent/tickets/1000143859,"링크: https://spigenhelp.zendesk.com/agent/tickets/1000143859
국가 / 제품: JP / Google Pixel 10 SP_Glas.tR
 EZ Fit Slim
ASIN=B0D851Z6N8 / SKU=AGL08442
구매일자: 2026-03-03","1차: 필름 부착 후 우측으로 점점 밀림 현상 발생 문의 → 사진 및 바코드 요청
2차(현재): 사진 첨부하며 불량 여부 및 대응 요청 → 사진 검토 결과 부착 상태 이슈로 판단","구매 약 1.5개월 경과
(최근 2년) 총 주문 5개 / FBA 환불 3건 / 셀러 환불 0건 / 셀러 코드 발급 0건
첨부 사진상 필름 정렬 불균형 및 부착 위치 편차 확인되며, 부착 과정에서 발생한 밀림으로 판단됨
EZ Fit 제품 특성상 부착 가이드 사용 시에도 압착 방식/환경에 따라 위치 편차 발생 가능
GCX_2024 CS PROCEDURE 기준상 부착 실패/사용 환경 영향으로 판단되는 경우 워런티 대상 아님
※ 위 근거로 “사용환경 및 부착 과정 영향으로 판단되어 도움 불가” 예정","제품 사용 중 불편을 겪으신 점 유감
사진 확인 결과 제조상 결함은 확인되지 않았음
도움 불가한 점 양해 부탁",나아름 Jane 글로벌CX전략팀,"Apr 10, 5:54 PM
@
김지우 Kevin 글로벌CX전략팀
 프로님, 고객 영상 확인했습니다. 대체품 제공 안내 부탁드려요!
Apr 10, 5:54 PM"
김지우 Kevin 글로벌CX전략팀,https://spigenhelp.zendesk.com/agent/tickets/1000143948,"링크: https://spigenhelp.zendesk.com/agent/tickets/1000143948
국가 / 제품: IN / iPhone 13 Ultra Hybrid
ASIN=B096HKQK9W / SKU=ACS03522
구매일자: 2025-09-25","1차: 황변 발생 주장 및 환불 요청(사진 첨부) → 제조상 결함 아님 안내 및 도움불가
2차: 보증 정책 및 변색 책임 강하게 이의 제기 + Consumer Court 언급 → 동일 사유 반복 및 외부 요인 안내, 도움불가 재안내
3차: 환불 불가 시 교체 요청 → 도움불가 유지
4차(현재): 브랜드 비난 및 강성 불만 표출 → NRN필요","구매 6개월 20일 경과
(최근 2년) 총 주문 2개 / FBA 환불 0건 / 셀러 환불 1건 / 셀러 코드 발급 0건
핵심 쟁점 요약
황변 이슈로 환불 요청 (사진 제출)
동일 제품 동일 사유로 과거 100% 환불 이력 존재 (#1000092189)
상이 이메일로 재인입 + ABM 중복 티켓 존재
Consumer Court 언급 및 강성 클레임
내부 기준(GCX_2024 CS PROCEDURE) 검토 결과
IN 국가 황변 프로시저 적용 대상: 기존 황변 환불 이력 존재 시 워런티 6개월 제한
타고객 유사 전례
IN 황변 반복 클레임 케이스 다수 → 동일하게 도움불가 처리 (전례 다수 존재)
※ 위 근거로 “NRN” 예정",NRN,임영신 June 글로벌CX전략팀,"Apr 7, 5:46 PM
확인 감사해요!
Apr 7, 5:46 PM"
김지우 Kevin 글로벌CX전략팀,https://spigenhelp.zendesk.com/agent/tickets/1000143929,"링크: https://spigenhelp.zendesk.com/agent/tickets/1000143929
국가 / 제품: IN / Galaxy S26 Ultra Air Skin Aramid MagFit
ASIN=B0FVB22GHK / SKU=ACS11029
구매일자: 2026-03-12","1차: 코팅 벗겨짐 주장 및 교체 요청(사진 첨부) → 추가 자료 요청
2차: 사진 및 바코드 제출 → 제조상 결함 아님 안내 및 도움불가
3차: 제조결함 주장 + 소비자법/법적조치 언급 + CEO 메일 CC → 도움불가 재안내
4차(현재): 동일 주장 반복 및 환불/교체 재요청 → 도움불가 최종 안내 예정","구매 약 1개월 경과
(최근 2년) 총 주문 2개 / FBA 환불 0건 / 셀러 환불 0건 / 셀러 코드 발급 0건
핵심 쟁점 요약
코팅 벗겨짐 관련 사진 제출 (엣지 마모 형태)
고객은 자연 발생 → 제조 결함 주장
Consumer Protection Act 및 NCDRC 등 법적 대응 언급
CEO 포함 메일 발송된 강성 클레임 케이스
사진상 마찰/사용 환경에 따른 외부 요인 영향으로 판단
제조상 결함으로 보기 어려움 → 워런티 대상 제외
강성 반복 클레임 및 법적 언급 케이스 → 일관된 도움불가 유지 필요
타고객 유사 전례: #1000143509 동일 제품 코팅 이슈 → MCF 제공 사례
본 건은 강성 및 법적 언급 케이스로 추가 예외 적용 부적절
※ 위 근거로 “제조상 결함 확인 불가 + 외부 요인 판단 → 도움불가 최종 안내 후 NRN 전환” 예정","고객 상황에 대한 유감 표현
사진 확인 결과, 사용환경 및 외부 영향에 의한 파손으로 사료되며 제조상 결함은 확인되지 않음
도움 불가 최종안내(재인입 시 NRN)",나아름 Jane 글로벌CX전략팀,"Apr 3, 10:20 AM
@
김지우 Kevin 글로벌CX전략팀
 프로님 고객 영상 확인했습니다. (중간에 충전 중단됨) >> 작성헤주신대로 처리 부탁드려요. 감사합니다!
Apr 3, 10:20 AM"
김지우 Kevin 글로벌CX전략팀,https://spigenhelp.zendesk.com/agent/tickets/1000144255,"링크: https://spigenhelp.zendesk.com/agent/tickets/1000144255
국가 / 제품: IN / Galaxy S26 Ultra Thin Fit MagFit
ASIN=B0GDHBDG47 / SKU=ACS11394
구매일자: 2026-03-04","1차(현재): 케이스 코팅 지속적 벗겨짐 주장 (사진 첨부, 일반 사용 환경 강조) → 환불 또는 교환 요청","구매 약 1개월 경과
(최근 2년) 총 주문 8개 / FBA 환불 0건 / 셀러 환불 0건 / 셀러 코드 발급 0건
사진상 코팅 벗겨짐 확인되나, 사용환경 및 외부 영향 가능성 배제 어려움
GCX 기준상 명확한 제조 이슈 단정 어려우나 초기 사용 기간 및 신제품 고려 시 고객 불편 큼
타고객 유사 전례 다수 존재 (#1000141339, #1000141522, #1000143509) → 동일 케이스 환불/교품 사례 확인 - 
갤럭시 S26시리즈 Thin Fit Magfit(ACS11394, ACS11396)_코팅 박리 이슈_3/23등록_GCX
충성 고객 (총 주문 8건, 환불 이력 없음)
※ 위 근거로 “제조상 결함 확인 불가, 고객 불편 고려 환불” 예정","제품 사용 중 불편을 겪으신 점 유감
사진 확인 결과, 사용환경 및 외부 영향에 의한 파손으로 사료되며 제조상 결함은 확인되지 않음
고객 불편을 고려하여 환불 도움",양숙랑 Grace 글로벌CX전략팀,"Apr 6, 10:26 AM
 프로님.
키보드 일부 및 게임 중 터치 미인식 지속 되는 부분도 좀 의문이긴 합니다만.
요청사진등에 대해  잘 회신하는 부분 감안하여 원주문 100% 환불안내 부탁 드립니다.
Apr 6, 10:26 AM"
김지우 Kevin 글로벌CX전략팀,https://spigenhelp.zendesk.com/agent/tickets/1000144266,"링크: https://spigenhelp.zendesk.com/agent/tickets/1000144266
국가 / 제품: IN / Galaxy S25 Ultra Ultra Hybrid MagFit
ASIN=B0DJ9VJCTD / SKU=ACS08958
구매일자: 2026-02-26",1차(현재): 케이스 측면 황변 발생 주장 (사진 제출) → 교환 요청,"구매 약 1.5개월 경과
(최근 2년) 총 주문 10개 / FBA 환불 5건 / 셀러 환불 1건 / 셀러 코드 발급 0건
사진상 황변 현상 확인되나, 투명 TPU 소재 특성 및 사용환경 영향 가능성 높음
GCX 기준상 황변은 외부 요인(자외선, 열, 오염 등)에 의한 자연 변색으로 분류 → 워런티 대상 아님
타고객 유사 전례 다수 존재 (황변 → 도움불가 기준 일관 적용)
총 주문 대비 환불 비율 과다(6/10) → 반복 환불 성향 확인, 인도 고객 특성상 블랙컨슈머 가능성 존재
※ 위 근거로 “사용환경에 따른 황변 → 도움불가 1차 안내” 예정","제품 사용 중 불편을 겪으신 점 유감
황변의 경우, 형광등, 자외선 노출, 충전기 발열, 화장품 등 다양한 유저의 사용환경 및 외부요인에 의해 발생될 수 있음
도움 불가한 점 양해 부탁",양숙랑 Grace 글로벌CX전략팀,"Apr 6, 10:53 AM
프로님. 이 고객 티켓 본문 확인하였고 악의적이지 않아 환불도움 드리면 좋을것 같습니다.
Apr 6, 10:53 AM"
김지우 Kevin 글로벌CX전략팀,https://spigenhelp.zendesk.com/agent/tickets/1000144266,"링크: https://spigenhelp.zendesk.com/agent/tickets/1000144266
국가 / 제품: IN / Galaxy S25 Ultra Ultra Hybrid MagFit
ASIN=B0DJ9VJCTD / SKU=ACS08958
구매일자: 2026-02-26","1차: 케이스 측면 황변 발생 주장 (사진 제출) → 교환 요청
2차(현재): 4개월밖에 안 되었음. 이러한 상황이라면 슈피겐을 선택할 이유가 없다고 주장","구매 약 1.5개월 경과
(최근 2년) 총 주문 10개 / FBA 환불 5건 / 셀러 환불 1건 / 셀러 코드 발급 0건
사진상 황변 현상 확인되나, 투명 TPU 소재 특성 및 사용환경 영향 가능성 높음
GCX 기준상 황변은 외부 요인(자외선, 열, 오염 등)에 의한 자연 변색으로 분류 → 워런티 대상 아님
타고객 유사 전례 다수 존재 (황변 → 도움불가 기준 일관 적용)
총 주문 대비 환불 비율 과다(6/10) → 반복 환불 성향 확인, 인도 고객 특성상 블랙컨슈머 가능성 존재
※ 위 근거로 “사용환경에 따른 황변 → 도움불가 2차 안내” 예정","제품 사용 중 불편을 겪으신 점 유감
제조상 결함이 발견되는 경우에만 워런티 보증 가능함
도움 불가한 점 양해 부탁 (도움 불가 2차 안내)",양숙랑 Grace 글로벌CX전략팀,"Apr 6, 12:28 PM
프로님. 한번더 MCF 부탁 드려요.
Apr 6, 12:28 PM"
임영신 June 글로벌CX전략팀,https://spigenhelp.zendesk.com/agent/tickets/1000144280,"https://spigenhelp.zendesk.com/agent/tickets/1000144280
국가 / 제품: UK / Spigen Glas.tR
 Optik Tempered Glass Camera Lens Protector for iPhone 16 Pro, iPhone 16 Pro Max, iPhone 15 Pro, iPhone 15 Pro Max, iPhone 14 Pro, iPhone 14 Pro Max - Transparent (2 Pack)
ASIN: B0C9RRRHMP
구매일자: 2026-03-05","1차: 렌즈 글라스 두 세트 모두 2주도 채 되지 않아 떨어짐. 접착력이 매우 약함
-> 제품 상태 및 바코드 사진 요청 (구매 1개월 경과)
2차: 제품 폐기하여 가지고 있지 않음.",(최근 2년) 총 주문 제품 15개 / FBA 환불 제품 3개 / 셀러 환불 0건 / MCF 발송 1건 - 충성 고객,"고객 불편 유감
사진 확인이 불가하여 원칙상 지원이 어렵지만, (충성) 고객 불편 고려하여 예외적으로 사진 없이 환불 (MCF 재고 없음)
Apr 15, 4:28 PM",,
임영신 June 글로벌CX전략팀,https://spigenhelp.zendesk.com/agent/tickets/1000144271,"https://spigenhelp.zendesk.com/agent/tickets/1000144271
국가 / 제품: UK / Spigen Glas.tR
 EZ Fit Tempered Glass Screen Protector for iPhone 17 Pro Max, iPhone 16 Pro Max - 2 Pack
ASIN: B0D84R9HYW
구매일자: 2026-04-13","1차:  일주일 동안 2번 구매했는데, 두 번 모두 부착 과정에서 실패하여 버려야 했음. 대체품 문의
->제품 및 바코드 사진 요청 + 이슈에 대한 상세 설명
2차: 결함이 있어서 폐기했고 파손된 글라스를 보관할 수 없었음","(최근 2년) 총 주문 제품 3개 / FBA 환불 제품 0개 / 셀러 환불 0건 / MCF 발송 0건
구매 내역 3건 모두 동일한 글라스 구매함","고객 불편 유감
이슈 확인 가능한 사진 없이 도움 불가하나 예외적으로 한 건에 대해 대체품 제공으로 도움 드리고자 함 + 동의시 정보 요청
Apr 15, 4:31 PM",,
"3 unread,",https://spigenhelp.zendesk.com/agent/tickets/1000143571,"https://spigenhelp.zendesk.com/agent/tickets/1000143571
국가 / 제품: UK /Spigen Slim Armor Pro MagFit Case for Samsung Galaxy Z Fold 7, Compatible with MagSafe Accessories - Metal Slate
ASIN: B0F1BW4QBC
구매일자: 2026-09-05","1차: Galaxy Z Fold 7용 SA Pro MagFit 케이스로 인해 휴대폰이 접촉하는 모든 부위에서 휴대폰의 코팅이 벗겨지고, 휴대폰을 접고 펼치는 과정에서 마찰을 일으켜 왼쪽 부분에 스크래치가 발생함. 케이스가 먼지나 이물질의 유입을 방지하지 못할 뿐만 아니라, 오히려 케이스 내부에 갇히면서 이물질이 표면에 닿아 휴대폰을 손상시키는 것으로 보임. 휴대폰은 항상 주머니에만 보관해 왔으며, 떨어뜨린 적도 없고 케이스 내부에 유입된 먼지나 이물질 역시 일반적인 외부 노출 수준이었음
오히려 이 케이스를 사용하지 않았더라면 더 나았을 것이라고 판단되며 필요하다면 사진 제공 가능함
->사진 요청
2차:사진 첨부
->기기 보상 불가 + 제품 환불만 가능함 안내
3차: 기기에 심각한 손상을 입혀 매우 실망스러움. 리뷰를 보니 많은 유저들이 동일한 이슈 겪고 있는 것으로 보이며, 이는 제품 설계 결함이라고 생각됨. £2,000 상당의 휴대폰이 손상되어 가치가 크게 떨어져 케이스 환불만으로는 기기 손상에 대한 보상을 충분히 할 수 없으니 추가 보상 방안 알려주길 바람
->제조 결함으로 인한 손상으로 보기 어려움 + 기기 보상 불가 + 제품 환불만 가능함 2차 안내
4차: 제조 또는 설계 결함으로 볼 수 없다는 답변에 동의할 수 없으며 다른 고객들이 남긴 유사한 사례가 확인되어 케이스 설계의 결함임을 나타냄. 휴대폰 손상은 대부분 케이스가 제대로 맞지 않는 상단부와 힌지 부분에서 발생했고 케이스가 맞지 않아서 이물질이 케이스로 내부로 유입되었음. 케이스 상단부가 스크린 좌측을 제대로 커버하지 못하여 옆으로 미끄러지며 이로 인해 먼지와 이물질이 케이스 내부를 긁으면서 가장자리를 따라 스크래치가 생겼음. 케이스의 힌지 부분이 휴대폰을 열 때마다 마찰되어 불필요한 마모를 일으키며 가격을 고려했을 때 이물질 유입을 방지하며 기기에 더 잘 맞고 휴대폰의 움직이는 부품과의 마찰을 최소화하도록 설계했어야 함. 충분한 테스트를 거치지 않고 급하게 출시한 것으로 보이며 지금까지 구매한 케이스 중에 가장 고가인데 유일하게 기기에 손상을 일으킨 제품이기도 함. 따라서 케이스 가격만 환불 처리되는 것은 충분하지 않으며 기기 손상에 대한 추가적인 보상을 요청함","2025.9.5일 구매(구매 후 222일 경과)
(최근 2년) 총 주문 제품 1개 / FBA 환불 제품 0개 / 셀러 환불 0건 / MCF 발송 0건","고객 불편 유감
고객 의견 유관 부서 전달+첨부 사진으로부터 제조 결함 확인 어려움 + 제품 환불만 가능함 3차 안내",임영신 June 글로벌CX전략팀,"Apr 7, 2:57 PM
확인 감사합니다~!
Apr 7, 2:57 PM"
임영신 June 글로벌CX전략팀,https://spigenhelp.zendesk.com/agent/tickets/1000144068,"https://spigenhelp.zendesk.com/agent/tickets/1000144068
국가 / 제품: IT / Spigen Essential MagFit Qi2 Caricatore Wireless 3-in-1 15W, Stazione di Ricarica Magnetica con Rotazione Touch per iPhone 17/16/15/14 Pro Max 17e Samsung Galaxy S26 Ultra Plus, AirPods e Apple Watch
ASIN: B0FCDK3QM1
구매일자: 2026-03-14","1차: EF223MS 무선 충전기가 아이팟과 애플워치는 충전이 잘 되는데 아이폰 충전이 안됨. 전원에서 충전기 분리, 휴대폰 케이스 제거, 다른 아이폰으로 충전 시도 등 해결 방안들은 이미 모두 확인한 상태임. 
-> 사용 기기 등 정보 요청
2차: 영상과 바코드 첨부. iPhone 16 Pro 충전하고, Apple A2164 30W USB-C 전원 어댑터와 EF223MS 무선 충전기에 동봉된 케이블 사용.","(최근 2년) 총 주문 제품 1개 / FBA 환불 제품 0개 / 셀러 환불 0건 / MCF 발송 0건
재고: 669 fulfillable","고객 불편 유감
고객 의견 유관 부서 전달+ 영상에서 제조상 결함 파악 어려우나 불편 고려하여 대체품 제공 도움 드리고자함 + 동의시 정보 요청
Apr 15, 5:15 PM",,
"2 unread,",https://spigenhelp.zendesk.com/agent/tickets/1000144150,"https://spigenhelp.zendesk.com/agent/tickets/1000144150
국가 / 제품: FR / Spigen Glas.tR
 Slim Verre Trempé pour BMW Motorrad 6.5"" TFT Display Screen, R1250GS (2025-2018), 1 Unité, Ultra Claire, 9H Protection écran, Accessoire moto
ASIN: B0C3JCLHYQ
구매일자: 2026-04-13","1차: BWM R1250GS용 Glas.tR
 Slim (B0C3JCLHYQ)을 주문했는데, 수령한 제품은 불량으로 보이며, 전혀 투명하지 않고 매우 어두운 상태이며 첨부 사진과 같이 빛 투과가 거의 되지 않음. 
제품 부착 시 화면 밝기가 크게 낮아져 속도 확인이 어려울 정도로 시인성이 떨어지며, 주행 시 위험할 수 있음.
제품 상세페이지에서는 투명하게 보였으나 실제 수령 제품은 매우 어두워 정상 제품이 아니라고 판단되며, 제조 과정 문제로 추정됨. 해당 제품에 명백한 문제가 있다고 판단되어 환불을 요청
-> -> 첨부해주신 사진을 확인한 결과, 글라스 표면에 부착된 보호필름이 아직 제거되지 않은 상태로 보임 + 보호필름 부착된 상태에서는 어둡게 보일 수 있음
2차: 보호 필름을 모두 제거하고 Glas.tR
 Slim (B0C3JCLHYQ)을 제대로 부착했지만 이번 제품은 정상적이지 않음. 
광고와 달리 ""Ultra Clear""가 아니라 매우 어둡고, 명백한 불량품임. 이미 부착 떼어냈기 때문에 부착 상태에 대한 사진은 제공할 수 없음. 특히 낮에는 속도계가 거의 보이지 않았고, 이 상태에서는 주행하기에 위험함. 요청한 제품 박스 사진 첨부함.
빠른 환불을 받아 다른 제품을 주문하고 싶은데, 그렇지 않으면 제품에 대해 부정적인 리뷰를 작성하겠음.",(최근 2년) 총 주문 제품 1개 / FBA 환불 제품 0개 / 셀러 환불 0건 / MCF 발송 0건,"고객 불편 유감
제조 결함 확인되지 않으나 불편 고려하여 환불로 도움드리고자 함 + 글라스에 유성팬으로 X자 표시 후 사진 전달 요청 (폐기 사진 요청)",임영신 June 글로벌CX전략팀,"Apr 7, 5:39 PM
확인 감사합니다.
Apr 7, 5:39 PM"
김지우 Kevin 글로벌CX전략팀,https://spigenhelp.zendesk.com/agent/tickets/1000143859,"링크: https://spigenhelp.zendesk.com/agent/tickets/1000143859
국가 / 제품: JP / Google Pixel 10 Glas.tR
 EZ Fit Slim
ASIN=B0D851Z6N8 / SKU=AGL08442
구매일자: 2026-03-03","1차: 글라스 부착 후 우측으로 밀림 발생 → 사진 및 바코드 요청
2차: 사진 제출 후 불량 여부 문의 → 제조상 결함 확인 불가, 도움 불가 안내
3차: “사기/아마존 신고” 등 강성 클레임 → 내부 확인 후 동일 기준 안내
4차(현재): 가이드 불량 가능성 제기 및 초기 불량 여부 재문의","구매 1개월 경과
(최근 2년) 총 주문 5개 / FBA 환불 3건 / 셀러 환불 0건 / 셀러 코드 발급 0건
사진상 글라스 밀림 현상 확인되나, 내부 검토 결과 “외부 압력 누적 시 이동 가능” → 자연 발생 불가
제품 구조상 일반 사용 환경에서 자발적 이동 불가 → 제조상 결함 근거 부족
강성 클레임 (사기 주장, Amazon 신고 언급) 발생
※ 위 근거로 “제조상 결함 확인 불가, 외부 요인 가능성 → 도움불가 3차” 예정","제품 사용 중 불편을 겪으신 점 유감
사진 확인 결과 제조상 결함을 확인할 수 없음
이에 도움 불가한 점 양해 부탁 (재인입시 NRN)",임영신 June 글로벌CX전략팀,"Apr 7, 5:46 PM
네 알겠습니다. 인도사업부에 문의 후, 대응하도록 하겠습니다.
Apr 7, 5:46 PM"
김지우 Kevin 글로벌CX전략팀,https://spigenhelp.zendesk.com/agent/tickets/1000144308,"링크: https://spigenhelp.zendesk.com/agent/tickets/1000144308
국가 / 제품: IN / Galaxy Buds 4 Pro Lock Fit
ASIN=B0G7N15XXS / SKU=ACS11202
구매일자: 2026-04-05","1차: 케이스 장착 시 무선 충전 불가 (영상 첨부) → 충전 테스트 기기 및 제품 정보 요청
2차(현재): 다양한 기기(S24 Ultra, S10+, Harman Kardon(타사 스피커))로 테스트했으나 동일 증상 주장 및 자료 제출 → 검토 후 대응 필요","구매 11일 경과
(최근 2년) 총 주문 18개 / FBA 환불 6건 / 셀러 환불 1건 / 셀러 코드 발급 0건
영상 상 다기기 테스트 제출로 무선충전 불가 재현 주장 (겔럭시, 스피커로 재현)
타사제품 Harman Kardon Citation Oasis 메뉴얼상 무선충전 디바이스와 충전 패드 사이  케이스 같은 장애물이 있을시 충전 불가하다는 문구 명시
황변 환불 이력 존재 (#1000120515
https://spigenhelp.zendesk.com/agent/tickets/1000120515
 Galaxy S24 Ultra용 Ultra Hybrid S 케이스)
케이스 두께/충전기 환경에 따라 충전 불가 가능 → 제조상 결함 단정 어려움
※ 위 근거로 “제조상 결함 확인 불가, 도움 불가” 예정","제품 사용 중 불편을 겪으신 점 유감
영상 확인 결과 제조상 결함은 확인되지 않았음
무선충전 특성상 케이스 두께/충전기 환경에 따라 충전 불가 가능
도움 불가한점 양해 바람",임영신 June 글로벌CX전략팀,"Apr 7, 5:46 PM
확인 감사해요!
Apr 7, 5:46 PM"
임영신 June 글로벌CX전략팀,https://spigenhelp.zendesk.com/agent/tickets/1000144238,"https://spigenhelp.zendesk.com/agent/tickets/1000144238
국가 / 제품: IT / Spigen Cover per Samsung Galaxy S26 Ultra, Ultra Hybrid S MagFit, Compatibile con MagSafe - Clear White
ASIN: B0FVBPTQT2
구매일자: 2026-03-16","1차: 케이스의 카메라 컷아웃 부분 결함이 있음 (사진 첨부)
-> 사진으로 이슈 확인 어려움 + 다른 각도의 사진 및 상세 내용 회신 요청
2차: 케이스에 버블이 발생하여 외관 및 기능에 영향을 미침. Galaxy S26 Plus용 케이스를 사려고 했지만 지금은 구매를 망설이고 있음",(최근 2년) 총 주문 제품 2개 / FBA 환불 제품 1개 / 셀러 환불 0건 / MCF 발송 0건,"고객 불편 유감
영상 제공 감사+고객 의견 유관 부서 전달 완료+불편 고려하여 대체품 제공 도움 드리고자 함+ 동의시 정보 요청 (MCF: 2,115)
Apr 16, 12:23 PM",,
임영신 June 글로벌CX전략팀,https://spigenhelp.zendesk.com/agent/tickets/1000144096,"https://spigenhelp.zendesk.com/agent/tickets/1000144096
국가 / 제품: IT / Spigen Cover Lock Fit Compatibile con Samsung Galaxy Buds 4 Pro/Galaxy Buds 4 (2026) - Nero Opaco
ASIN: B0G7N15XXS
구매일자: 2026-03-15","1차: 상단 케이스는 잘 제거되었지만 하단 케이스는 분리되지 않으며, 강한 힘을 줘도 잘 떨어지지 않음. 오히려 이어폰 케이스가 파손될까 걱정됨. 이 경우 어떻게 해야 하는지 문의(사진 첨부)
-> 하단 케이블 홀을 이용해 디바이스를 밀어준 다음 캐러비너 홀이 있는 사이드 부분을 잡고 빼면 좀 더 수월하게 탈착 가능 + 문제 지속 시, 동영상 요청
2차: 영상 첨부","(최근 2년) 총 주문 제품 1개 / FBA 환불 제품 0개 / 셀러 환불 0건 / MCF 발송 0건
Lock Fit 탈착 어려움 관련 참고 티켓)
#1000061576 드라이기로 기기 아래 부분에 드라이기 열을 쐬주고 밀어 올리는 방법으로 탈착을 권유
#1000085585 드라이기로 기기 아래 부분에 드라이기 열을 쐬주고 밀어 올리는 방법으로 탈착을 권유. 케이스 변형 방지 및 안전을 위해 약한 열을 사용하시는 것을 권장 드리며, 드라이기로 약하게 열을 가열한 후 떼어주는 방법을 추천 
->  고객 불편 고려하여 100% 환불 진행","고객 불편 유감
드라이기로 기기 아래 부분에 열을 쐬주고 밀어 올리는 방법으로 탈착을 권유 + 케이스 변형 방지 및 안전을 위해 약한 열을 사용하시는 것을 권장 드리며, 드라이기로 약하게 열을 가열한 후 떼어주는 방법을 추천
영상 제공 감사+고객 의견 유관 부서 전달 완료+불편 고려하여 예외적으로 환불 도움
Apr 16, 12:31 PM",,
김지우 Kevin 글로벌CX전략팀,https://spigenhelp.zendesk.com/agent/tickets/1000144308,"링크: https://spigenhelp.zendesk.com/agent/tickets/1000144308
국가 / 제품: IN / Galaxy Buds 4 Pro Lock Fit
ASIN=B0G7N15XXS / SKU=ACS11202
구매일자: 2026-04-05","1차: 케이스 장착 시 무선 충전 불가 (영상 첨부) → 충전 테스트 기기 및 제품 정보 요청
2차: 다양한 기기(S24 Ultra, S10+, Harman Kardon(타사 스피커))로 테스트했으나 동일 증상 주장 및 자료 제출 → 검토 후 대응 필요
3차(현재): “어떤 충전기에서도 충전 안됨, 명확한 설명 요구 및 강한 불만” → 재조치 요청","구매 11일 경과
(최근 2년) 총 주문 18개 / FBA 환불 6건 / 셀러 환불 1건 / 셀러 코드 발급 0건
영상 상 다기기 테스트 제출로 무선충전 불가 재현 주장 (겔럭시, 스피커로 재현)
타사제품 Harman Kardon Citation Oasis 메뉴얼
https://www.harmankardon.co.uk/on/demandware.static/-/Sites-masterCatalog_Harman/default/dwe96a06a7/pdfs/HK_Citation_OASIS_Owner%27s%20Manual_withoutDAB_EN.pdf
상 무선충전 디바이스와 충전 패드 사이  케이스 같은 장애물이 있을시 충전 불가하다는 문구 명시
Galaxy S Series PowerShare 메뉴얼
https://www.samsung.com/uk/support/mobile-devices/how-to-use-wireless-powershare/
상 '악세사리나 케이스 사용시 무선 충전이 제한될 수 있음' 문구 명시
황변 환불 이력 존재 (#1000120515
https://spigenhelp.zendesk.com/agent/tickets/1000120515
 Galaxy S24 Ultra용 Ultra Hybrid S 케이스)
케이스 두께/충전기 환경에 따라 충전 불가 가능 → 제조상 결함 단정 어려움
※ 위 근거로 “제조상 결함 확인 불가, 도움 불가 2차 안내” 예정","제품 사용 중 불편을 겪으신 점 유감
Samsung Galaxy PowerShare
https://www.samsung.com/uk/support/mobile-devices/how-to-use-wireless-powershare/
 / Citation Oasis
https://www.harmankardon.co.uk/on/demandware.static/-/Sites-masterCatalog_Harman/default/dwe96a06a7/pdfs/HK_Citation_OASIS_Owner%27s%20Manual_withoutDAB_EN.pdf
 메뉴얼 참고시에도 케이스의 재질이나 두께에 따라 무선충전이 제한될 수 있으니, 탈착 후 충전을 권장하라는 내용을 확인 가능
고객 제품의 경우 제조상 결함으로 인한 것이 아니니 도움 불가한점 양해 바람 (도움불가 2차)",임영신 June 글로벌CX전략팀,"Apr 7, 5:48 PM
확인 감사합니다.
Apr 7, 5:48 PM"
임영신 June 글로벌CX전략팀,https://spigenhelp.zendesk.com/agent/tickets/1000144221,"https://spigenhelp.zendesk.com/agent/tickets/1000144221
국가 / 제품: UK / Spigen Ultra Hybrid MagFit Case for Samsung Galaxy S26 Ultra, Compatible with MagSafe Accessories - Zero One Black
ASIN: B0FVBMNSG3
구매일자: 2026-03-05","1차: 케이스를 손바닥 높이에서 살짝 떨어뜨렸을 뿐인데 S Pen 부분에 흠집이 생김. TA 케이스를 사용했을때는 이보다 더 큰 낙하에도 이런 문제가 없었음. 물론 어떤 케이스도 완전히 보호되는 것이 아니라는 건 알지만 낙하 충격이 경미했음에도 TA 케이스를 사용했을 때 기대했던 만큼의 보호력을 제공하지 못해서 아쉬움. TA 케이스로의 교환이나 강력한 보호력과 MagSafe 기능 있는 제품 추천 요청.
-> Case 사진 요청 only
2차: 사진 첨부",(최근 2년) 총 주문 제품 2개 / FBA 환불 제품 0개 / 셀러 환불 0건 / MCF 발송 0건,"고객 불편 유감
낙하, 누적된 충격 등 외부 요인에 의한 손상은 워런티 적용 대상은 아님+ 그러나 고객 불편 고려하여 예외적으로 환불 도움 드리고자 함
Apr 16, 3:29 PM",,
김지우 Kevin 글로벌CX전략팀,https://spigenhelp.zendesk.com/agent/tickets/1000144047,"링크: https://spigenhelp.zendesk.com/agent/tickets/1000144047
국가 / 제품: IN / Galaxy S25 Ultra Ultra Hybrid
ASIN=B0DJ9TJYT9 / SKU=ACS08961
구매일자: 2026-02-17","1차: 케이스 2개월 내 변색(황변) 주장 및 교환 요청 → 인보이스 및 로고 확인 요청
2차: 로고 확인 불가 + 인보이스 제출 → 기존 사진 타제품 의심으로 재촬영 요청
3차(현재): 추가 사진 제출했으나 여전히 로고 미확인 / 컷아웃 상이 → 가품 수령 주장 + 즉시 교환 요구 및 리뷰 압박","구매 약 2개월 경과 (다른 제품 Order ID로 예상)
(최근 2년) 총 주문 2개 / FBA 환불 0건 / 셀러 환불 0건 / 셀러 코드 발급 0건
첨부 사진상 자사 제품 식별 불가 (로고 미확인, 카메라 컷아웃 상이)
고객이 “가품 수령” 주장하나, Amazon FBA + 공식 셀러 판매 건으로 정품 출고 구조
GCX 기준상 자사 제품 식별 불가 시 워런티 적용 불가
유사 전례: 비정품/타제품 인입 시 도움 불가 처리 다수 (내부 기준 동일 적용)
IN 고객 + 리뷰 업로드 협박성 발언 확인
※ 위 근거로 “자사 제품 아님으로 판단되어 워런티 도움 불가” 예정","고객 상황에 대한 유감 표현
첨부된 제품 사진은 슈피겐 케이스와 상이
자사 제품이 아닌 경우 워런티 도움 불가함",임영신 June 글로벌CX전략팀,"Apr 8, 12:28 PM
확인 감사합니다.
Apr 8, 12:28 PM"
김지우 Kevin 글로벌CX전략팀,https://spigenhelp.zendesk.com/agent/tickets/1000144442,"링크: https://spigenhelp.zendesk.com/agent/tickets/1000144442
국가 / 제품: IN / Other (ODM) MFT35
ASIN=B0DL6FSY92 / SKU=ACP08313
구매일자: 2025-09-29","1차: 각도 조절 힌지 파손 및 마그네틱 느슨함(소음 발생) 주장 (사진/영상 제출) → 확인 진행
2차(현재): 동일 증상으로 환불 또는 조치 요청","구매 약 6개월 경과
(최근 2년) 총 주문 7개 / FBA 환불 0건 / 셀러 환불 2건 (+2년전 1건)/ 셀러 코드 발급 0건
사진/영상 상 사용 중 파손으로 판단되며, 명확한 제품 자체 이상 단정 어려움
내부 기준 검토 시 사용 중 파손 및 구조 변형은 외부 영향 가능성 높아 보상 제한 케이스
셀러 환불 이력 다수
    #1000014779
https://spigenhelp.zendesk.com/agent/tickets/1000014779
 - QS11 폰 거치대가 파손됨 -> 제조공정상의 결함 확인되지 않음 + 예외적으로 100% 환불 (2023년 환불 건)
    #1000118194
https://spigenhelp.zendesk.com/agent/tickets/1000118194
 - Galaxy S24 Ultra용 SA MagFit 케이스 킥스탠드 불량 -> 100% 환불
    #1000119983
https://spigenhelp.zendesk.com/agent/tickets/1000119983
 - MFT13-1 거치대 지지대에 균열이 발생함 -> 100% 환불
충성 고객 여부: 해당 (총 주문 7개 / 환불 2건 → 기준 충족)
※ 위 근거로 “제조상 결함 확인 불가, 사용 환경에 따른 파손으로 판단되어 도움 불가 1차 안내” 예정","고객 상황에 대한 유감 표현
사진 확인 결과, 사용환경 및 외부 영향에 의한 파손으로 사료되며 제조상 결함은 확인되지 않음
워런티 도움 불가한점 양해 바람",양숙랑 Grace 글로벌CX전략팀,"Apr 8, 5:12 PM
프로님. 제가 thread 에 답변을 남겼는데요.
인도 영업팀 류도희 리더님께 멘션해서 공유하면 좋겠습니다.
저한테 내용 정리했던대로 보내면 좋을것 같습니다.
Apr 8, 5:12 PM"
임영신 June 글로벌CX전략팀,https://spigenhelp.zendesk.com/agent/tickets/1000144341,"https://spigenhelp.zendesk.com/agent/tickets/1000144341
국가 / 제품: ES / Spigen Funda Tough Armor Compatible con Google Pixel 8a - Metal Slate
ASIN: B0CL8BZBMK
구매일자: 2025-01-23","1차: 2025년에 구매한 케이스가 조기에 파손됨 (사용 1년 2개월 경과). 워런티 정책에 따른 교체 문의(사진 첨부)
-> 사용 중 생긴 결함 도움 불가(1차)
2차: 재검토 또는 상위 담당자 검토 요청. ‘일반적인 마모’라는 판단에 대해 동의하기 어려움. TA 케이스를 작년에 구매했으며, 짧은 사용 기간 내 구조적 파손 발생함. 일상적인 사용 환경에서 발생한 문제로, 재질 또는 제조 결함임. 교체가 어려우면 다른 합리적 해결책 요청
-> 도움 불가 2차 안내
3차: 제시된 해결 방안에 대해 실망. 유럽 및 스페인 소비자법상 최대 3년간 제조 결함에 대한 법적 보증이 적용됨. ‘
Tough Armor’ 케이스가 단순 탈착 과정에서 파손된 것은 내구성 문제로, 일반 마모나 환경 요인으로 보기 어려움. 탈착 과정에서도 파손 없이 견딜 수 있어야 함. 향후 구매 시 타 브랜드 고려할 것이며, 배드리뷰 예고.","(최근 2년) 총 주문 제품 2개 / FBA 환불 제품 0개 / 셀러 환불 0건 / MCF 발송 1건
구매 후 1년 2개월 경과","고객 불편 유감
고객 사용 기간 확인하였으며, 사용 과정에서 생긴 제품 파손은 제조상의 결함에 해당하지 않아 도움 어려움 (3차, 이후 NRN)",TCT log Report,"Apr 8, 5:30 PM
TCT Chat Log_GCX 마감보고
날짜: 2026-04-08
• Lazada log: 0 건
• Shopee log: 1 건
시트 링크
Lazada log
Shopee log
Apr 8, 5:30 PM"
임영신 June 글로벌CX전략팀,https://spigenhelp.zendesk.com/agent/tickets/1000144369,"https://spigenhelp.zendesk.com/agent/tickets/1000144369
국가 / 제품: IT / Spigen OneTap MagFit Supporto Cellulare Auto, Porta Telefono Progettato per Magsafe Compatibile con iPhone 15 Pro Max, 15 Pro, 15 Plus, 15, Modelli iPhone 14, 13 e iPhone 12- Versione Presa d'aria
ASIN: B08Y2N3P55
구매일자: 2024-05-02","1차:  ITS12 차량용 거치대 2개를 잘 사용하고 있었는데(2년 보증), 자신과 아내의 차에서 각각 며칠 간격으로 차량용 거치대가 분리됨. 특히 중앙의 ""볼 헨드"" 부분을 고정하는 잠금 너트가 빠져서 다시 조여봤지만, 제대로 고정되지 않고 결국 떨어져 나가 해결 방법 문의.
-> 동영상 요청
2차: 영상 첨부","(최근 2년) 총 주문 제품 10개 / FBA 환불 제품 2개 / 셀러 환불 0건 / MCF 발송 0건 (충성 고객)
구매 후 1년 11개월 경과
현재 재고 있음 (mcf: 54)","고객 불편 유감
고객 사용 기간 1년 11개월 확인하였으며, 사용 과정에서 생긴 제품 파손은 제조상의 결함에 해당하지 않음
그러나 고객 불편 고려하여 대체품 제공 도움 드리고자 함 + 동의 시 정보 요청",나아름 Jane 글로벌CX전략팀,"Apr 8, 5:35 PM
@
김지우 Kevin 글로벌CX전략팀
 프로님, 환불 말고 mcf로 예외적 도움 안내 부탁드립니다. (재고: 42건)
Apr 8, 5:35 PM"
임영신 June 글로벌CX전략팀,https://spigenhelp.zendesk.com/agent/tickets/1000144451,"https://spigenhelp.zendesk.com/agent/tickets/1000144451
국가 / 제품: IT / Spigen Klasden Disegnato per AirPods Max Carrying Case Pouch Bag - Grigio antracite
ASIN: B098SSW16Q (SKU: AFA02996)
구매일자: 2026-03-14","1차: AirPods Max용 Klasden Pouch Bag의 케이블을 고정하는 자석이 매우 약해 불편함을 겪고 있음
USB-C to C 케이블을 수납 공간에 넣어두지만 케이스를 열 때마다 케이블이 밖으로 나와 에어팟에 스크래치가 생길 수 있음
자석이 더 강한 제품으로 교환 가능한지 문의함
->동영상 + 케이블 모델명 문의
2차: 제품에 동봉된 애플 케이블을 사용하며 영상에서처럼 뚜껑을 닫을 때 저항력이 없음(영상 첨부)","(최근 2년) 총 주문 제품 2개 / FBA 환불 제품 1개 / 셀러 환불 0건 / MCF 발송 0건
현재 재고 있음 (mcf: 502)
참고 티켓 #1000135618
https://spigenhelp.zendesk.com/agent/tickets/1000135618
 AirPods Max용 Klasden Pouch Bag 내부 케이블 케이스의 자석이 제대로 부착되지 않음. USB C 케이블을 넣으면 조금만 움직여도 케이블이 빠져서 케이스 안에 툭 떨어져 있음","고객 불편 유감
고객 의견 유관 부서 전달 + 불편 고려하여 환불 도움 드리고자 함",나아름 Jane 글로벌CX전략팀,"Apr 8, 5:42 PM
@
김지우 Kevin 글로벌CX전략팀
 프로님, 이 제품에 원래 케이블이 같이 동봉되서 판매되는건가요?
Apr 8, 5:42 PM"
김지우 Kevin 글로벌CX전략팀,https://spigenhelp.zendesk.com/agent/tickets/1000144442,"링크: https://spigenhelp.zendesk.com/agent/tickets/1000144442
국가 / 제품: IN / Other (ODM) MFT35
ASIN=B0DL6FSY92 / SKU=ACP08313
구매일자: 2025-09-29","1차: 각도 조절 힌지 파손 및 마그네틱 느슨함(소음 발생) 주장 (사진/영상 제출) → 확인 진행
2차: 동일 증상으로 환불 또는 조치 요청 
3차(현재): 외부 요인이 어떻게 영향을 줄 수 있는지설명 요청. 나사를 조이던 중 결함을 발견했다고 함.","구매 약 6개월 경과
(최근 2년) 총 주문 7개 / FBA 환불 0건 / 셀러 환불 2건 (+2년전 1건)/ 셀러 코드 발급 0건
사진/영상 상 사용 중 파손으로 판단되며, 명확한 제품 자체 이상 단정 어려움
내부 기준 검토 시 사용 중 파손 및 구조 변형은 외부 영향 가능성 높아 보상 제한 케이스
셀러 환불 이력 다수
    #1000014779
https://spigenhelp.zendesk.com/agent/tickets/1000014779
 - QS11 폰 거치대가 파손됨 -> 제조공정상의 결함 확인되지 않음 + 예외적으로 100% 환불 (2023년 환불 건)
    #1000118194
https://spigenhelp.zendesk.com/agent/tickets/1000118194
 - Galaxy S24 Ultra용 SA MagFit 케이스 킥스탠드 불량 -> 100% 환불
    #1000119983
https://spigenhelp.zendesk.com/agent/tickets/1000119983
 - MFT13-1 거치대 지지대에 균열이 발생함 -> 100% 환불
충성 고객 여부: 해당 (총 주문 7개 / 환불 2건 → 기준 충족)
※ 위 근거로 “제조상 결함 확인 불가, 사용 환경에 따른 파손으로 판단되어 도움 불가 2차 안내” 예정","고객 상황에 대한 유감 표현
사진 및 영상 확인 결과, 
고객이 제공한 사진 및 영상 검토 결과, 사용 과정 또는 외부 요인에 의해 발생한 것으로 보임
워런티 도움 불가한점 양해 바람 (도움불가 2차)
Apr 17, 5:34 PM",,
김지우 Kevin 글로벌CX전략팀,https://spigenhelp.zendesk.com/agent/tickets/1000144508,"링크: https://spigenhelp.zendesk.com/agent/tickets/1000144508
국가 / 제품: IN / iPhone 15 Pro Liquid Crystal
ASIN=B0C5S9VQJ4 / SKU=ACS06699
구매일자: 2026-02-17",1차(현재): 사용 2개월 내 황변 발생 주장 (사진 첨부) → 교체 요청,"구매 약 2개월 경과
(최근 2년) 총 주문 19개 / FBA 환불 4건 / 셀러 환불 3건 / 셀러 코드 발급 0건
황변 클레임이며 사진상 변색 확인되나, 제품 특성 및 사용환경 영향 가능성 높음
GCX 기준상 황변은 외부 요인(자외선, 열, 화학물질 등)에 의해 발생 가능 → 제조상 결함 단정 불가
#1000116777
https://spigenhelp.zendesk.com/agent/tickets/1000116777
, #1000108083
https://spigenhelp.zendesk.com/agent/tickets/1000108083
 황변 주장으로 환불 2회 이력 존재
고객 이력: 동일 제품군 황변으로 다수 환불 이력 + 상이 이메일 사용 → 반복 보상 요청 패턴 확인 (IN 고객 특성상 블랙컨슈머 가능성 일부 존재)
※ 위 근거로 “황변은 외부 요인 기반으로 판단되며 추가 보상 없이 도움불가 1차 안내” 예정","고객 상황에 대한 유감 표현
황변의 경우, 형광등, 자외선 노출, 충전기 발열, 화장품 등 다양한 유저의 사용환경 및 외부요인에 의해 발생될 수 있음
또한 이전에 동일 사유로 예외적 환불 도움드린 이력이 확인됨 
더이상의 워런티 도움 불가한점 양해 바람
Apr 17, 5:37 PM",,
김지우 Kevin 글로벌CX전략팀,https://spigenhelp.zendesk.com/agent/tickets/1000144496,"링크: https://spigenhelp.zendesk.com/agent/tickets/1000144496
국가 / 제품: IN / Apple Watch Series 9 (41mm) Rugged Armor Pro
ASIN=B085FTPPFD / SKU=ACS00546
구매일자: 2025-06-22","1차: 프레임/스트랩 손상 및 클립 파손 (사진 첨부) → 외부 요인 안내 및 도움 불가
2차(현재): 동일 제품 반복 파손 및 이전 환불 이력 근거로 품질 문제 주장 + 환불/교체 요구 + 법적 대응 언급 → 추가 보상 요구","구매 약 10개월 경과
(최근 2년) 총 주문 2개 / FBA 환불 1건 / 셀러 환불 0건 / 셀러 코드 발급 0건
사진상 스트랩 및 케이스 구조 파손 확인되나, 장기간 사용 및 외부 충격/마찰 등 사용 환경 영향 가능성 높음
GCX 기준상 사용 중 발생한 파손은 워런티 대상 아님 (제조상 결함 단정 불가)
유사 전례: #1000110842 (구조 손상 → 도움불가), #1000111481 (스트랩 손상 → 외부요인 판단)
동일 제품으로 이전 환불 이력 존재 (#1000141985) → 반복 보상 요청 케이스
상이 이메일 사용 + 법적 대응 언급 → 강성 클레임 관리 필요
※ 위 근거로 “외부 요인에 따른 파손으로 판단되며 추가 보상 없이 도움불가 2차 유지” 예정","고객 상황에 대한 유감 표현
사진 확인 결과, 사용환경 및 외부 영향에 의한 파손으로 사료되며 제조상 결함은 확인되지 않음
워런티 도움 불가 (도움불가 2차)
Apr 17, 5:40 PM",,
임영신 June 글로벌CX전략팀,https://spigenhelp.zendesk.com/agent/tickets/1000144496,"링크: https://spigenhelp.zendesk.com/agent/tickets/1000144496
국가 / 제품: IN / Apple Watch Series 9 (41mm) Rugged Armor Pro
ASIN=B085FTPPFD / SKU=ACS00546
구매일자: 2025-06-22","1차: 프레임/스트랩 손상 및 클립 파손 (사진 첨부) → 외부 요인 안내 및 도움 불가
2차(현재): 동일 제품 반복 파손 및 이전 환불 이력 근거로 품질 문제 주장 + 환불/교체 요구 + 법적 대응 언급 → 추가 보상 요구
-> 사용환경 및 외부 영향에 의한 파손으로 사료되며 제조상 결함은 확인되지 않음 + 워런티 도움 불가 (도움불가 2차)
3차:소비자 보호원에 소송 제기 예고","구매 약 10개월 경과
(최근 2년) 총 주문 2개 / FBA 환불 1건 / 셀러 환불 0건 / 셀러 코드 발급 0건
사진상 스트랩 및 케이스 구조 파손 확인되나, 장기간 사용 및 외부 충격/마찰 등 사용 환경 영향 가능성 높음
GCX 기준상 사용 중 발생한 파손은 워런티 대상 아님 (제조상 결함 단정 불가)
유사 전례: #1000110842 (구조 손상 → 도움불가), #1000111481 (스트랩 손상 → 외부요인 판단)
동일 제품으로 이전 환불 이력 존재 (#1000141985) → 반복 보상 요청 케이스
상이 이메일 사용 + 법적 대응 언급 → 강성 클레임 관리 필요","고객 상황에 대한 유감 표현
사진 확인 결과, 사용환경 및 외부 영향에 의한 파손으로 사료되며 제조상 결함은 확인되지 않음
워런티 도움 불가 (도움불가 3차, 이후 NRN)
Apr 20, 10:36 AM",,
"2 unread,",https://spigenhelp.zendesk.com/agent/tickets/1000144442,"링크: https://spigenhelp.zendesk.com/agent/tickets/1000144442
국가 / 제품: IN / Other (ODM) MFT35
ASIN=B0DL6FSY92 / SKU=ACP08313
구매일자: 2025-09-29","1차: MFT35 거치대의 각도 조절 힌지가 파손됨. 자석 거치 부분이 느슨해져 소음이 발생함 (사진 및 영상 첨부)
->  사용환경 및 외부 영향에 의한 파손으로 사료되며 제조상 결함은 확인되지 않음 + 워런티 도움 불가
2차: 외부 요인이 어떻게 영향을 줄 수 있는지 설명 요청. 나사를 조이던 중 결함을 발견했다고 함.
-> 도움불가 2차안내
3차: 용도에 맞게 사용했고, 충격이나 낙하 등 없었음. 정상 사용중에 발생한 문제로 사용자 과실 아니며, 품질 이슈가 아니라고 성급하게 묵살한다고 생각함. 슈피겐 제품의 내구성을 항상 신뢰해왔고, 재검토를 요청","구매 약 6개월 경과
(최근 2년) 총 주문 7개 / FBA 환불 0건 / 셀러 환불 2건 (+2년전 1건)/ 셀러 코드 발급 0건
사진/영상 상 사용 중 파손으로 판단되며, 명확한 제품 자체 이상 단정 어려움
내부 기준 검토 시 사용 중 파손 및 구조 변형은 외부 영향 가능성 높아 보상 제한 케이스
셀러 환불 이력 다수
    #1000118194
https://spigenhelp.zendesk.com/agent/tickets/1000118194
 - Galaxy S24 Ultra용 SA MagFit 케이스 킥스탠드 불량 -> 100% 환불
    #1000119983
https://spigenhelp.zendesk.com/agent/tickets/1000119983
 - MFT13-1 거치대 지지대에 균열이 발생함 -> 100% 환불
충성 고객 여부: 해당 (총 주문 7개 / 환불 2건 → 기준 충족)","고객 상황에 대한 유감 표현
사진 및 영상 확인 결과, 고객이 제공한 사진 및 영상 검토 결과, 사용 과정 또는 외부 요인에 의한 파손 + 워런티 대상아님_+그러나 고객 불편 고려하여 예외적으로 환불 도움 드리고자 함 (충성고객 고려)",나아름 Jane 글로벌CX전략팀,"Apr 10, 9:51 AM
@
김지우 Kevin 글로벌CX전략팀
 넵 프로님, 내용 확인했습니다. MCF 한번 더 처리 부탁드립니다.
Apr 10, 9:51 AM"
임영신 June 글로벌CX전략팀,https://spigenhelp.zendesk.com/agent/tickets/1000144660,"https://spigenhelp.zendesk.com/agent/tickets/1000144660
국가 / 제품:NL / Spigen Glas.tR
 EZ Fit Screenprotector compatibel met Tesla Model 3 (2017-2023), Model Y (2020-2024), met sjabloon voor installatie, Mat, Anti-Vingerafdruk, 9H gehard glas
ASIN: B084BNC3FG
구매일자: 2026-06-16","1차: 글라스를 2024년 6월에 부착했는데 최근 화면 아래쪽에 금이 간 것을 발견함. 금이 갈 거라고는 전혀 예상하지 못했음 (사진 첨부)
-> 사용 중 생긴 결함 1차 안내 (환불 X)
2차: 해당 문제가 외부 요인으로 인해 발생한 문제로 보증 대상이 아니라는 입장은 이해했음. 다만 스크린 보호필름의 기본 목적은 일반적인 외부 충격에서도 제품이 손상되지 않도록 보호하는 것이라고 생각함. 약한 충격에도 깨지는 보호필름은 본래의 기능을 충분히 수행하지 못하는 것으로 보임. 이번 경험을 통해, 실망하여 다른 제조사 제품 고려 예정
-> 사용 중 생긴 결함 2차 안내 (환불 X) 일부 수정3차: 기대치가 높았으나, 단 2년 만에 해당 문제가 발생했음. 사용 빈도가 낮은데도 균열이 발생한 점이 의문임. 2만키로만 주행했음. 실망스러워서 본인 및 가족 모두 슈피겐 사용하지 않을 예정",(최근 2년) 총 주문 제품 1개 / FBA 환불 제품 0개 / 셀러 환불 0건 / MCF 발송 0건,"NRN
Apr 20, 2:24 PM",,
임영신 June 글로벌CX전략팀,https://spigenhelp.zendesk.com/agent/tickets/1000144715,"https://spigenhelp.zendesk.com/agent/tickets/1000144715
국가 / 제품: IN / Spigen Life Carabiner LF101 Key Ring Screw Carabiner with Bottle Opener for Ourdoor Camping Hiking (1 Piece) - Gunmetal, Gun Metal, Taille unique
ASIN: B0F161RMG2
구매일자: 2025-10-24","1차: LF101 카라비너 제품 사용 기간이 짧고 정상적인 용도로만 사용함. 내부 클립 부분에서 소재가 빠져나오는 문제 발생. 해당 문제로 인해 제품 사용이 불가능한 상태. 사용 기간이 짧고 문제 특성상 제조 또는 품질 결함이며, 워런티에 따른 적절한 조치 및 신속한 도움 요청. (사진, 영상 첨부)","(최근 2년) 총 주문 제품 10개 / FBA 환불 제품 2개 / 셀러 환불 2건 / MCF 발송 0건
구매 후 5개월 경과
이전 환불 티켓)
#1000126205 - PC2200 어댑터를 거의 사용하지 않았음에도 구매 후 몇 개월 내 작동이 중단됨 -> 100% 환불
#1000136114 - Carabiner가 2-3개월 동안 용도에 맞게 정상 사용했으나 거치대 내부의 자석이 빠지기 시작해 사용할 수 없고 안전상 문제도 우려됨. -> 100% Refund","고객 불편 유감
사진 및 영상에서 고객 클레임 내용은 사용과정에서의 부품 탈락으로 보이며, 제조상의 결함과 인과관계 확인 어려움+ 그러나 고객 불편 고려하여 예외적으로 환불 도움 드리고자 함
Apr 20, 3:13 PM",,
임영신 June 글로벌CX전략팀,https://spigenhelp.zendesk.com/agent/tickets/1000142535,"https://spigenhelp.zendesk.com/agent/tickets/1000142535
국가 / 제품: DE / Spigen Air Skin Aramid MagFit für Samsung Galaxy S26 Ultra Hülle [Premium Aramidfaser] [ULTRADÜNN] Slim Stoßfest, Kompatibel mit MagSafe -Schwarz
ASIN: B0FVB22GHK
구매일자: 2026-03-03","1차: 우측 상단 모서리의 장착이 제대로 맞지 않는 문제가 있음. 특히 주머니에서 휴대폰을 꺼낼 때 해당 부분이 자주 들리며 케이스가 기기에서 분리됨. Aramid 시리즈가 프리미엄 제품인 만큼 더 견고한 장착감을 기대했었음. 교환 또는 해결 방법이 가능한지 문의함.
-> 제품 상태 및 바코드 사진 요청
2차: 제품 상태 및 바코드 사진 첨부.
-> 이슈 확인 가능한 동영상 요청
3차: (영상 첨부) 케이스의 오른쪽 상단 모서리 부분이 기기를 안전하게 고정할 만큼 충분한 힘이 없음. 케이스의 왼쪽 하단 모서리 부분에 유격 있음.","(최근 2년) 총 주문 제품 3개 / FBA 환불 제품 0개 / 셀러 환불 0건 / MCF 발송 0건
동일 제품 유사 이슈 관련 티켓) #1000140040, #1000140106
관련 리뷰)
리뷰 1 (별점 1점) - 휴대폰 전체를 보호하지 않으며 마감이 좋지 않고 가격도 높은 편임
리뷰 2 (별점 3점) - 얇아서 부피감은 적은 편이나 케이스 테두리가 디스플레이를 커버하지 않고 카메라만 보호되는 정도임. 재질은 튼튼하고 휴대폰 탈착에 용이하도록 두 개의 컷아웃이 있음. 버튼과 마그넷 링은 정상적으로 작동하나 보호력을 생각한다면 적합하지 않고 가격 대비 성능이 부족함.","고객 불편 유감
고객 의견 유관 부서 전달 완료 + 첨부 영상에서 제조상의 결함은 확인되지 않으나, 고객 불편 고려하여 환불 도움 드리고자 함
제품 재사용에 따른 불편을 방지하기 위하여 폐기 요청 드림 + 폐기 확인 후, 환불 도움 (마커 등으로 케이스에 X자 표시 가능)",양숙랑 Grace 글로벌CX전략팀,"Mar 30, 2:53 PM
프로님. 고객이 영상 요청에 잘 응해줬고,3개 구매하신 고객님이시네요.  .
불편함을 호소하고 있으니 폐기사진 요청하지 않아도 케이스를 사용하지 않을듯 합니다.
이번건 제조상 결함으로 확인이 어려우나 예외적인 환불 도움으로 안내 부탁 드립니다.
Mar 30, 2:53 PM"
"2 unread,",https://spigenhelp.zendesk.com/agent/tickets/1000142368,"https://spigenhelp.zendesk.com/agent/tickets/1000142368
국가 / 제품: IT / Spigen Cover per iPhone 17 Pro, Classic C1 MagFit, Compatibile con MagSafe - Mandarino
ASIN: B0FD2L87HB
구매일자: 2025-12-04","1차: 케이스가 비교적 짧은 사용 기간 내로 케이스의 후면이 들뜸.
특히 회색 부분과 MagSafe가 위치한 주황색 부분 사이의 접착이 떨어졌음. 일반적인 사용 마모가 아닌, 제조상 결함으로 생각됨. 교환 요청 (사진 첨부)
-> 파손 경위 문의
2차: 지극히 일반적인 환경에서 사용하였음. 휴대폰은 항상 표준 실온에서 보관되어 있었고 극한 환경이나 비정상적인 스트레스에 노출된 적 없었음. 작년 12월부터 케이스를 장착해 왔으며, 이슈가 발생하고 나서 처음으로 탈착함. 아무런 외부 요소 없이 분리되기 시작함.",다른 구매 내역 확인되지 않음 / 현재 재고 있음 (42 fulfillable),"고객 불편 유감
구매 제품은 두 개의 레이어로 구성된 제품 안내+ 재결합 시도 가능 안내
첨부 사진에서 제조상의 결함 확인되지 않음+ 그러나 고객 불편 고려하여 대체품 제공으로 도움 드리고자 함+ 동의시 정보 요청",나아름 Jane 글로벌CX전략팀,"Mar 26, 9:34 AM
@
김지우 Kevin 글로벌CX전략팀
 네 프로님, 관리 필요 고객인점 확인했습니다. 도움불가 안내 부탁드립니다!
Mar 26, 9:34 AM"
임영신 June 글로벌CX전략팀,https://spigenhelp.zendesk.com/agent/tickets/1000141707,"https://spigenhelp.zendesk.com/agent/tickets/1000141707
국가 / 제품: UK / Spigen Essential Qi2.2 25W 3-in-1 MagSafe Wireless Charging Station Charger Stand [Incl. 2m USB-C Cable] for iPhone 17/16/15 Pro Max 17e, Galaxy S26 Ultra Plus, Pixel 10, AirPods 4/3/2, Apple Watch SE
ASIN: B0FRD6N8JV
구매일자: 2026-03-12","1차: EF323MQ 무선 충전 스탠드가 처음에는 잘 작동되다가 갑자기 충전이 불가해짐. 패키지에 포함되어 있는 부속품들 모두 함께 사용하고 있었음.
-> 동영상 + 함께 사용한 휴대폰의 모델명 + 사용한 케이블이 다른 충전기와 문제 없이 충전되는지 회신 요청
2-3차: 영상 첨부, 액세스 수정. Anker 65W 어댑터와 함께 사용함.",(최근 2년) 총 주문 제품 1개 / FBA 환불 제품 0개 / 셀러 환불 0건 / MCF 발송 0건,"고객 불편 유감
고객 의견 유관 부서 전달 + 첨부 영상에서 제조상의 결함 파악되지 않음+ 그러나 고객 불편 고려하여 환불 도움
Mar 30, 3:13 PM",,
"3 unread,",https://spigenhelp.zendesk.com/agent/tickets/1000142497,"https://spigenhelp.zendesk.com/agent/tickets/1000142497
국가 / 제품: IT / Spigen Essential Qi2.2 25W Caricatore Wireless MagSafe 3-in-1 (Incl. Cavo USB-C 2 m) Stazione di Ricarica per iPhone 17/16/15 Pro Max 17e, Samsung Galaxy S26, Pixel 10 Pro Buds, AirPods, Apple Watch
ASIN: B0FRD6N8JV
구매일자: 2026-03-26","Galaxy S26 Ultra와 Galaxy Watch Ultra와 함께 사용하기 위해 구매함. 어댑터는 삼성 공식 45W 어댑터를 사용함.
휴대폰은 문제 없이 충전되지만 Galaxy Watch Ultra를 부착 시 처음 몇 초만 충전되었다가 충전 연결이 끊김. 
Apple Watch를 충전 시 문제 없음. (영상 첨부)",(최근 2년) 총 주문 제품 3개 / FBA 환불 제품 0개 / 셀러 환불 0건 / MCF 발송 0건 - 충성 고객,"고객 불편 유감
고객 의견 유관 부서 전달 + 고객 불편 고려하여 환불 도움",나아름 Jane 글로벌CX전략팀,"Mar 26, 10:30 AM
@
임영신 June 글로벌CX전략팀
 프로님, 이전에도 동일사유로 환불도움드린 이력확인했습니다. 작성해주신대로 도움불가 안내 부탁드립니다!
Mar 26, 10:30 AM"
임영신 June 글로벌CX전략팀,https://spigenhelp.zendesk.com/agent/tickets/1000141670,"https://spigenhelp.zendesk.com/agent/tickets/1000141670
국가 / 제품: DE / Spigen Ultra Hybrid Pro MagFit Hülle für Samsung Galaxy Z Flip 7, Kompatibel mit MagSafe -Clear White
ASIN: B0F1BZPGT8
구매일자: 2025-07-28","(MCF 발송 후, 사진 첨부하여 재인입)
교체품을 수령했는데 중고품으로 배송됨. 사용 흔적이 있으며 스크래치 및 반려동물 털이 있었음. 또한, 패키지도 찢어져 있고 손상되어 있었음.
비위생적인 제품으로 교체품을 제공하는 것은 있을 수 없는 일이며 슈피겐과 같은 브랜드에 기대하는 기준에 부합하지 않음.
중고품으로 교체품 제공하여 신뢰가 바닥이며, 제품에 대한 전액 환불 요청. 
미환불 시 아마존 구매자 보호 프로그램을 통해 직접 문제를 해경하고 그에 따른 공개 리뷰를 남기겠음. 
이전 메시지: 25년 7월에 구매한 Galaxy Z Flip 7용 Ultra Hybrid Pro MagFit 케이스를 정상적으로 사용에도 불구하고 비교적 짧은 기간 내 제품이 손상 및 파손됨.
도움 불가 1차 안내 후 불만 재인입. 예외적 50% 환불 제안에 대한 미수긍 및 강력 불만 제기하여 예외적 MCF 발송 완료.","다른 구매 내역 확인되지 않음
구매 후 7개월 경과","고객 불편 유감
중고품 배송은 당사가 아닌 아마존 FBA 책임임 + 대체품 제공 과정에서 실수가 있었던 것으로 추측됨+다시 한번 대체품 제공으로 도움 드리고자 함 (MCF: 67)
Mar 30, 3:30 PM",,
김지우 Kevin 글로벌CX전략팀,https://spigenhelp.zendesk.com/agent/tickets/1000142597,"링크: https://spigenhelp.zendesk.com/agent/tickets/1000142597
국가 / 제품: IN / Galaxy Z Fold 7 Slim Armor Pro MagFit
ASIN=B0F1BGJNHX / SKU=ACS09551
구매일자: 2025-12-03","1차: 힌지 돌기 파손 및 전면 프레임 찢어짐 (영상 제출) → 사용 환경 및 발생 경위 확인 요청
2차: 동일 제품 이전에도 동일 문제 발생 및 교체 이력 언급, 접착 문제 및 실망 주장 → 추가 보상(환불/교체) 요구
3차(현재): 동일 부위 반복 파손 주장 및 충성 고객 강조하며 재요청 → 추가 보상 요구","구매 약 3~4개월 경과
(최근 2년) 총 주문 3개 / FBA 환불 0건 / 셀러 환불 1건 / 셀러 코드 발급 0건
영상 기준 힌지 및 프레임 파손 확인되나, 사용 중 외부 영향 가능성 배제 어려움
내부 기준상 동일 사유로 이미 1회 예외적 100% 환불 진행된 이력 존재 → 추가 보상 제한 필요
환불이력: #1000129430
https://spigenhelp.zendesk.com/agent/tickets/1000129430
 Galaxy Z Fold 7용 SA Pro MagFit 케이스에 금이 감
충성 고객 조건 충족 (총 주문 3건 / 환불 1건 → 기준 충족)
※ 위 근거로 “이전 예외 환불 이력 고려, 추가 보상 불가” 예정","고객 상황에 대해 유감스럽게 생각
이전에 대체품이 제공되었음
추가적 워런티 도움 불가 양해 바람",나아름 Jane 글로벌CX전략팀,"Mar 26, 11:59 AM
@
김지우 Kevin 글로벌CX전략팀
 프로님 작성하신대로 처리 하되, 재인입될 가능성이 높아보입니다.
고객이 남은 잔여물 제거방법에 대해서도 문의했는데,
혹시 재인입되면 영업팀 담당자한테 전달하여 글라스 제거 방법에 대해 별도 문의해보셔도 좋을 것 같습니다.
Mar 26, 11:59 AM"
"2 unread,",https://spigenhelp.zendesk.com/agent/tickets/1000142096,"https://spigenhelp.zendesk.com/agent/tickets/1000142096
국가 / 제품: DE / Spigen iPhone 17 Pro Max Hülle [2025 Upgrade Kamerasteuerung] Ultra Hybrid T MagFit [Dura Clear Tech] Case Handyhülle Transparent Kompatibel mit MagSafe -Glossy White
ASIN: B0FD22YW2J
구매일자: 2025-10-08","1차: 케이스가 황변 방지 제품으로 광고되었으나 비교적 짧은 기간 동안 정상 사용한 후 황변되었음(사진 첨부)
외관상으로도 받아들이기 어려울 뿐만 아니라 광고와도 모순됨. 비정상적인 환경에 노출되지 않아 소재 또는 품질상의 결함이라고 생각함
케이스 교체 또는 환불을 요청
-> 폐기사진 1차 요청 (이후 환불)
2차: 환불이 아닌 대체품 제공을 원함
->FBA 배송로 대체품 제공 불가 + 폐기 사진 2차 요청
3차: 환불을 적절한 솔루션으로 받아들일 수 없으며 제품에 결함이 있으므로 워런티 법률에 따라 대체품을 요청함
현재 제품 금액이 €25인데 €20에 구매했고 환불 처리가 될 경우 금전적 손해가 발생하므로 받아들이기 어려움
FBA 서비스 사용 여부는 소비자로서 법적 권리에 영향을 미치지 않으며 대체품 제공을 공식적으로 요청함
대체품 제공에 대한 솔루션을 원하며 불가할 경우 소비자 권리를 위한 추가 조치를 고려해야 함
->",(최근 2년) 총 주문 제품 2개 / FBA 환불 제품 0개 / 셀러 환불 0건 / MCF 발송 0건,"고객 불편 유감
첨부사진에서 제조상의 결함 확인되지 않음+고객의 사용 기간 확인하였음+제품 사용 과정에서의 이염은 워런티 대상 불포함
- 도움 불가 (3차, 이후 NRN)",나아름 Jane 글로벌CX전략팀,"Mar 26, 3:25 PM
@
임영신 June 글로벌CX전략팀
 네 프로님, 충성고객인 점 확인했습니다. 작성해주신대로 대응 부탁드립니다!
Mar 26, 3:25 PM"
김지우 Kevin 글로벌CX전략팀,https://spigenhelp.zendesk.com/agent/tickets/1000142597,"링크: https://spigenhelp.zendesk.com/agent/tickets/1000142597
국가 / 제품: IN / Galaxy Z Fold 7 Slim Armor Pro MagFit
ASIN=B0F1BGJNHX / SKU=ACS09551
구매일자: 2025-12-03","1차: 힌지 돌기 파손 및 전면 프레임 찢어짐 (영상 제출) → 사용 환경 및 발생 경위 확인 요청
2차: 동일 제품 이전에도 동일 문제 발생 및 교체 이력 언급, 접착 문제 및 실망 주장 → 추가 보상(환불/교체) 요구
3차: 동일 부위 반복 파손 주장 및 충성 고객 강조하며 재요청 → 도움불가 안내
4차(현재): 새로 구매한 케이스의 제품 자체 접착 문제 주장. 새 제품 교체 요청","구매 약 3~4개월 경과
(최근 2년) 총 주문 3개 / FBA 환불 0건 / 셀러 환불 1건 / 셀러 코드 발급 0건
영상 기준 힌지 및 프레임 파손 확인되나, 사용 중 외부 영향 가능성 배제 어려움
내부 기준상 동일 사유로 이미 1회 예외적 100% 환불 진행된 이력 존재 → 추가 보상 제한 필요
환불이력: #1000129430
https://spigenhelp.zendesk.com/agent/tickets/1000129430
 Galaxy Z Fold 7용 SA Pro MagFit 케이스에 금이 감
※ 위 근거로 “이전 예외 환불 이력 고려 도움불가 2차 안내” 예정","고객 상황에 대해 유감스럽게 생각
제조상 결함 확인 불가
새 제품으로 교체 불가 (도움불가 2차)",임영신 June 글로벌CX전략팀,"Mar 27, 11:48 AM
네, 확인 감사합니다.
Mar 27, 11:48 AM"
김지우 Kevin 글로벌CX전략팀,https://spigenhelp.zendesk.com/agent/tickets/1000142675,"링크: https://spigenhelp.zendesk.com/agent/tickets/1000142675
국가 / 제품: IN / PowerArc PA2307 Power Bank
ASIN=B0CSYNHHCW / SKU=ABA06976
구매일자: 2024-10-26","1차: 보조배터리 팽창 및 작동 중단 주장 (사진 첨부) → 워런티 기간 경과 및 외부 요인 가능성 안내, 도움불가
2차: 제품 품질 불만 및 워런티 내 주장 → 제조상 결함 단정 어려움 안내, 도움불가 유지
3차(현재): 재구매 의사 있으며 보상(할인코드 등) 요청 → 예외적 보상 검토 필요","구매 17개월(약 1년 5개월) 경과
(최근 2년) 총 주문 6개 / FBA 환불 0건 / 셀러 환불 0건 / 셀러 코드 발급 0건 → 충성고객
사진상 배터리 팽창 확인되나, 장기 사용 제품으로 외부 요인 및 사용 환경 영향 가능성 높음
GCX 기준상 워런티(12개월) 초과 + 사용 중 발생 이슈로 기본 도움 불가 케이스
유사 전례: #1000065886 (IN / 배터리 팽창 → 초기 도움불가 후 예외 환불 진행 사례)
충성 고객 조건 충족 (주문 6건, 환불 이력 없음)
※ 위 근거로 “제조상 결함 확인 불가, 고객 불편 고려 예외적 환불” 예정
[ TCK 전달 예정 ]
고객 상황에 대한 유감스럽게 생각
사진 확인 결과, 사용환경 및 외부 영향에 의한 파손으로 사료되며 제조상 결함은 확인되지 않음
자사의 충성 고객임을 고려하여 예외적 환불 도움 예정",,임영신 June 글로벌CX전략팀,"Mar 27, 12:14 PM
네, 확인 감사합니다.
Mar 27, 12:14 PM"
김지우 Kevin 글로벌CX전략팀,https://spigenhelp.zendesk.com/agent/tickets/1000142302,"링크: https://spigenhelp.zendesk.com/agent/tickets/1000142302
국가 / 제품: IN / MFT13-1 Car Mount
ASIN=B0DK7P8DK3 / SKU=ACP08319
구매일자: 2026-01-25","1차: 메탈 링이 케이스에서 분리됨 (영상 첨부) → 영상 확인 및 추가 자료 요청
2차: TPU 케이스 특성상 휨에 따라 링 들뜸 가능 안내 + 부착 가이드 전달
3차(현재): 가이드 준수했음에도 자석 분리 시 링이 그대로 탈착된다고 재클레임 → 보상 요청 implicit","구매 약 2개월 경과
(최근 2년) 총 주문 3개 / FBA 환불 0건 / 셀러 환불 0건 / 코드 발급 0건 → 충성고객
내부 확인 결과 TPU 케이스 휨에 따른 메탈링 들뜸은 소재 특성상 자연스러운 현상
고객은 세척 및 24시간 압착 등 가이드 준수 주장 → 사용 방식 상 불편은 인정되나 결함 단정 어려움
충성 고객이며 환불/악성 이력 없음, 컴플레인 강도 중간 수준
※ 위 근거로 “제조상 결함 확인 불가, 고객 불편 고려 예외적 환불” 예정
[ TCK 전달 예정 ]
제품 사용 중 불편을 겪으신 점 유감
사용환경 및 외부 영향에 따른 변형은 워런티 대상이 아님
자사의 충성 고객임을 고려하여 예외적 환불 도움",,양숙랑 Grace 글로벌CX전략팀,"Mar 27, 12:23 PM
프로님. 아래 '내부 규정임' 을 제외하면 좋겠습니다.
1. 고객 불편 유감
2. 황변의 경우, 고객 사용 습관, 환경, 외부 요인 등에 의해 발생 가능하여 제조상 결함이 아님 안내
3. 제품 재사용으로 인한 고객 불편함을 없애기 위함 또한 제품을 반품하지 않고 즉시 환불로 도움 드리기 위함임 
4. 제품에 마커 등으로 X자 표시 하여 사진 첨부해 주시면 빠른 도움 드리도록 하겠음
Mar 27, 12:23 PM"
김지우 Kevin 글로벌CX전략팀,https://spigenhelp.zendesk.com/agent/tickets/1000142683,"링크: https://spigenhelp.zendesk.com/agent/tickets/1000142683
국가 / 제품: IN / Galaxy Z Fold 7 Tough Armor Pro MagFit
ASIN=B0F1B7GKC9 / SKU=ACS09550
구매일자: 2026-03-09","1차: 힌지 보호 구조임에도 먼지 유입 주장 → 사진 및 정보 요청
2차(현재): 먼지 유입 지속 주장하며 Slim Armor Pro MagFit으로 교체 요청 → 타 모델 교환 요구","구매 약 20일 경과
(최근 2년) 총 주문 10개 / FBA 환불 4건 / 셀러 환불 1건 / 셀러 코드 발급 0건
사진상 힌지 내부 먼지 유입 확인되나, 제품 구조상 완전 밀폐 불가 → 사용 환경 영향 가능성 높음
타 모델(Slim Armor Pro)로 교환 요청은 워런티 범위 외 (제품 간 교차 교환 불가)
동일 고객 이전 티켓(#1000139753)에서 힌지 파손 사유로 100% 환불 이력 존재 → 반복 보상 요청 패턴 확인
환불 비율 높음(10건 중 5건) → 블랙컨슈머 가능성 일부 존재 (IN 고객)
※ 위 근거로 “제품 특성 안내 및 추가 보상 불가” 예정","제품 사용 중 불편을 겪으신 점 유감
이전에 동일 사유로 예외적 환불 도움 드린 이력 확인됨
사용환경 및 외부 영향에 따른 기능 저하는 워런티 대상이 아님
도움 불가 1차 안내",나아름 Jane 글로벌CX전략팀,"Mar 27, 2:37 PM
@
김지우 Kevin 글로벌CX전략팀
 어떻게 제품이 저절로 구부러지는지가 의문이네요...프로님 작성하신대로 도움불가 2차 안내 부탁드립니다!
Mar 27, 2:37 PM"
김지우 Kevin 글로벌CX전략팀,https://spigenhelp.zendesk.com/agent/tickets/1000142597,"링크: https://spigenhelp.zendesk.com/agent/tickets/1000142597
국가 / 제품: IN / Galaxy Z Fold 7 Slim Armor Pro MagFit
ASIN=B0F1BGJNHX / SKU=ACS09551
구매일자: 2025-12-03","1차: 힌지 돌기 파손 및 전면 프레임 찢어짐 (영상 제출) → 사용 환경 및 발생 경위 확인 요청
2차: 동일 제품 이전에도 동일 문제 발생 및 교체 이력 언급, 접착 문제 및 실망 주장 → 추가 보상(환불/교체) 요구
3차: 동일 부위 반복 파손 주장 및 충성 고객 강조하며 재요청 → 도움불가 안내
4차: 새로 구매한 케이스의 제품 자체 접착 문제 주장. 새 제품 교체 요청
5차: 본인 과실이 아닌 제조상 결함이며 충전 중 접착제가 떨어지는 문제가 발생했다고 주장","구매 약 3~4개월 경과
(최근 2년) 총 주문 3개 / FBA 환불 0건 / 셀러 환불 1건 / 셀러 코드 발급 0건
영상 기준 힌지 및 프레임 파손 확인되나, 사용 중 외부 영향 가능성 배제 어려움
내부 기준상 동일 사유로 이미 1회 예외적 100% 환불 진행된 이력 존재 → 추가 보상 제한 필요
환불이력: #1000129430
https://spigenhelp.zendesk.com/agent/tickets/1000129430
 Galaxy Z Fold 7용 SA Pro MagFit 케이스에 금이 감
※ 위 근거로 “NRN” 예정",NRN,임영신 June 글로벌CX전략팀,"Mar 27, 5:26 PM
알겠습니다 리더님. 확인 감사합니다.
Mar 27, 5:26 PM"
임영신 June 글로벌CX전략팀,https://spigenhelp.zendesk.com/agent/tickets/1000142686,"https://spigenhelp.zendesk.com/agent/tickets/1000142686
국가 / 제품: DE / Spigen Tough Armor Pro MagFit Hülle für Samsung Galaxy Z Fold 7, Kompatibel mit MagSafe -Schwarz
ASIN: B0F1BZ8YGD
구매일자: 2025-07-14","이전 메세지: Galaxy Z Fold 7용 TA Pro MagFit 케이스가 파손되어 정상적으로 사용할 수 없음 
-> MCF  를 제공함. (이전 MCF 발송 티켓) #1000132702)
이번 메세지: 교체품 역시 불량으로 품질이 기준에 미치지 못함. 당연히 교체품에 대해서도 보증을 제공해 주셔야 하며 만약 해결되지 않을 경우 아마존에 연락할 것임.",(최근 2년) 총 주문 제품 1개 / FBA 환불 제품 0개 / 셀러 환불 0건 / MCF 발송 0건,"고객 불편 유감
고객 의견 유관 부서 전달 + 이전에 안내드린 바와 같이 무료 대체품은 워런티 대상 아님 + 그러나 고객 불편 고려하여 예외적으로 다시 한 번 마지막으 대체품 제공해드림 (MCF : 200) +폐기 사진 요청",나아름 Jane 글로벌CX전략팀,"Mar 27, 5:28 PM
@
김지우 Kevin 글로벌CX전략팀
 프로님, 고객이 명확하게 이슈 영상을 보내주셨네요.. 영상 확인했습니다. 작성하신대로 환불 도움 부탁드립니다!
Mar 27, 5:28 PM"
임영신 June 글로벌CX전략팀,https://spigenhelp.zendesk.com/agent/tickets/1000142465,"https://spigenhelp.zendesk.com/agent/tickets/1000142465
국가 / 제품: UK / MS100 Bike Phone Holder 
ASIN: B07MQ7FZZT
구매일자: 2026-03-26","1차: MS100 Bike Phone Holder 패키지에 자전거 스템에 제품을 고정하는 스트랩이 누락되었음(FBA Grade & Resell 구매건)->FBA Grade and Resell은 아마존에서 담당함 + 아마존으로 문의 요청
2차: 스트랩만 보내주면 되기 때문에 반품은 불필요함->아마존으로 문의 요청 2차 안내
3차: 반품하고 싶지 않고 누락된 스트랩만 필요함. 집에 가지고 있던 스트랩으로 장착해서 사용하고 있으며 아마존에서 셀러에게 문의 요청했음->구성품 확인 가능한 사진 + 바코드 사진 요청
4차: 스트랩만 필요하고 이미 설치하여 반품은 원하지 않음. 스트랩 배송 또는 환불 요청함 (사진 첨부)",(최근 2년) 총 주문 제품 2개 / FBA 환불 제품 0개 / 셀러 환불 0건 / MCF 발송 0건,"고객 불편 유감
FBA Grade and Resell은 아마존에서 담당하여 아마존을 통해 도움 받으셔야 함+ 예외적으로 대체품 제공으로 도움 드리겠음 + MCF 발송 위한 정보 요청 (MCF: 24)
Mar 31, 5:38 PM",,
김지우 Kevin 글로벌CX전략팀,https://spigenhelp.zendesk.com/agent/tickets/1000142683,"링크: https://spigenhelp.zendesk.com/agent/tickets/1000142683
국가 / 제품: IN / Galaxy Z Fold 7 Tough Armor Pro MagFit
ASIN=B0F1B7GKC9 / SKU=ACS09550
구매일자: 2026-03-09","1차: 힌지 보호 구조임에도 먼지 유입 주장 → 사진 및 정보 요청
2차: 먼지 유입 지속 주장하며 Slim Armor Pro MagFit으로 교체 요청 → 타 모델 교환 요구
3차(현재): 힌지가 느슨해져서 먼지가 유입됐다고 주장하며 환불/교환 요청","구매 약 20일 경과
(최근 2년) 총 주문 10개 / FBA 환불 4건 / 셀러 환불 1건 / 셀러 코드 발급 0건
사진상 힌지 내부 먼지 유입 확인되나, 제품 구조상 완전 밀폐 불가 → 사용 환경 영향 가능성 높음
타 모델(Slim Armor Pro)로 교환 요청은 워런티 범위 외 (제품 간 교차 교환 불가)
동일 고객 이전 티켓(#1000139753)에서 힌지 파손 사유로 100% 환불 이력 존재 → 반복 보상 요청 패턴 확인
환불 비율 높음(10건 중 5건) → 블랙컨슈머 가능성 일부 존재 (IN 고객)
※ 위 근거로 “제품 특성 안내 및 추가 보상 불가” 예정","제품 사용 중 불편을 겪으신 점 유감
이전에 동일 사유로 예외적 환불 도움 드린 이력 확인됨
사용환경 및 외부 영향에 따른 기능 저하는 워런티 대상이 아닌점 재안내
도움 불가 2차 안내",나아름 Jane 글로벌CX전략팀,"Mar 30, 11:10 AM
@
김지우 Kevin 글로벌CX전략팀
 글라스 1장에 대한 예외적 도움 50% 환불 후에도 남은 50% 환불을 요구하는 고객으로 확인했습니다.
도움불가 3차 안내 후, 재인입 시 NRN 처리 부탁드립니다.
Mar 30, 11:10 AM"
김지우 Kevin 글로벌CX전략팀,https://spigenhelp.zendesk.com/agent/tickets/1000142833,"링크: https://spigenhelp.zendesk.com/agent/tickets/1000142833
국가 / 제품: IN / Galaxy S26 Ultra Thin Fit MagFit
ASIN=B0GDHBDG47 / SKU=ACS11394
구매일자: 2026-02-26","1차: 사용 33일 내 코팅 벗겨짐 주장 및 교체 요청(사진 첨부) → 바코드 및 사용환경 요청
2차(현재): 정상 사용 환경 강조 + 코팅 자연 박리 주장 → 환불/교체 요청 유지","구매 약 1개월 경과
         (최근 2년) 총 주문 4개 / FBA 환불 2건 / 셀러 환불 0건 / 셀러 코드 발급 0건
사진상 코팅 벗겨짐 확인되나, 사용환경 영향 여부 명확한 단정 어려움
GCX 기준상 외관 코팅 손상은 사용 환경 영향 가능성 존재 → 제조상 결함 단정 불가
유사 전례: 초기 코팅 이슈 건에 대해 고객 불편 고려 환불 처리 사례 다수 존재
※ 위 근거로 “폐기 확인 후, 고객 불편 고려 환불” 예정","고객 상황에 대한 유감 표현
사진 확인 결과 제조상 결함은 확인되지 않았음
고객 불편을 고려하여 환불 도움 (폐기 확인 후)
Apr 1, 3:18 PM",,
김지우 Kevin 글로벌CX전략팀,https://spigenhelp.zendesk.com/agent/tickets/1000142762,"링크: https://spigenhelp.zendesk.com/agent/tickets/1000142762
국가 / 제품: IN / Selfie Stick S560 Tripod
ASIN=B0CL9956CD / SKU=AMP05813
구매일자: 2025-06-24","1차: 삼각대 거치부 고정 불량 주장(영상 링크 제출) → 첨부파일 재요청
2차(현재): 영상 첨부 후, 거치 그립이 느슨하여 기기 고정 불가 주장 → 환불/교체 요청","구매 약 9개월 경과 (아마존 제품페이지상 워런티 12개월 이내)
(최근 2년) 총 주문 1개 / FBA 환불 0건 / 셀러 환불 0건 / 셀러 코드 발급 0건
영상 기준 거치부 고정력 저하 확인되나, 사용 환경/사용 경과에 따른 기능 저하 가능성 존재
GCX 기준상 구조 변형/고정력 저하는 사용 환경 영향 가능성 → 제조상 결함 단정 불가
유사 전례: S560 시리즈 동일 이슈 다수 (#1000129978, #1000139544) → 고객 불편 고려 환불 처리 사례 존재
충성 고객 여부: 비충족 (총 주문 1건)
※ 위 근거로 “제조상 결함 확인 불가, 고객 불편 고려 환불” 예정","제품 사용 중 불편을 겪으신 점 유감
사진 확인 결과 제조상 결함은 확인되지 않았음
고객 불편을 고려하여 환불 도움 예정
Apr 1, 3:24 PM",,
김지우 Kevin 글로벌CX전략팀,https://spigenhelp.zendesk.com/agent/tickets/1000142666,"링크: https://spigenhelp.zendesk.com/agent/tickets/1000142666
국가 / 제품: IN / Galaxy S26 Ultra Ultra Hybrid
ASIN=B0FVBFT41L / SKU=ACS11030
구매일자: 2026-03-11","1차: 황변 발생 주장 → 제품 상태 및 바코드 사진 요청
2차: 패키지 분실로 바코드 제출 불가 + 제품 사진 제출 → 사용 환경 문의
3차(현재): 정상 사용 및 1개월 미만 사용 강조 → 환불/조치 기대","구매 약 20일 경과
(최근 2년) 총 주문 1개 / FBA 환불 0건 / 셀러 환불 0건 / 셀러 코드 발급 0건
황변 사진 제출되었으나, 투명 TPU 특성상 사용 환경 영향 가능성 존재
패키지(바코드) 미보유로 정품 검증 일부 제한 있으나, 로고 노출 사진으로 제품 식별 가능
GCX 기준상 황변은 외부 요인 영향으로 분류 가능하나, 구매 1개월 미만 + 신제품 고려 시 고객 불편 케어 필요
IN 고객이나 특이 환불/악성 이력 없음
※ 위 근거로 “폐기 확인 후 고객 불편 고려 환불” 예정","제품 사용 중 불편을 겪으신 점 유감
사진 확인 결과 제조상 결함은 확인되지 않았음
고객 불편을 고려하여 환불 도움드립니다.(폐기 확인 후 환불)",양숙랑 Grace 글로벌CX전략팀,"Mar 30, 2:58 PM
프로님. MCF제안 좋습니다. 안내 부탁 드립니다.
Mar 30, 2:58 PM"
김지우 Kevin 글로벌CX전략팀,https://spigenhelp.zendesk.com/agent/tickets/1000142995,"링크: https://spigenhelp.zendesk.com/agent/tickets/1000142995
국가 / 제품: IT / iPhone 16 Pro Ultra Hybrid S MagFit
ASIN=B0D447MCV9 / SKU=ACS08380
구매일자: 2026-03-16","1차: 킥스탠드 유격 및 소음 발생 클레임 → 영상 및 바코드 사진 요청
2차(현재): 패키지 미보유 상태이나 영상 제출 → 환불/교체 불가 전제 공유하며 단순 피드백 목적","구매 약 17일 경과
(최근 2년) 총 주문 1개 / FBA 환불 0건 / 셀러 환불 0건 / 셀러 코드 발급 0건
영상 확인 완료: 킥스탠드 유격 및 소음은 확인되나 구조적 특성 또는 사용 중 발생 가능 범위로 판단됨 (명확한 제조상 결함 단정 어려움)
GCX_2024 CS PROCEDURE 기준: 기능 사용 불가 수준의 파손/불량 아님 → 워런티 대상 제외 판단
타고객 유사 전례: 킥스탠드 유격/소음 관련 도움불가 사례 다수 존재 (구조 특성 판단 케이스)
※ 위 근거로 “제조상 결함 확인 불가, 사용환경/구조 특성으로 판단되어 도움 불가” 예정","고객 상황에 대한 유감 표현
영상 확인 결과 제조상 결함은 확인되지 않음
고객님의 소중한 피드백은 담당 부서에 전달하겠음",임영신 June 글로벌CX전략팀,"Mar 31, 5:32 PM
@
양숙랑 Grace 글로벌CX전략팀
 리더님, 어제 인입된 충전 불량 이슈 관련, 영업담당자로부터 답변 받아, 충전부 조정하라는 의견으로 답변 나갔으나, 고객이 다시 10초만에 충전이 멈춘다고 재클레임하였습니다. 
첨부 영상에서 이슈 확인되며, 충성고객 (2년내 3회 구매, no 환불이력) 고려하여 환불 도움 주고자 합니다. 확인 부탁드립니다.
Mar 31, 5:32 PM"
김지우 Kevin 글로벌CX전략팀,https://spigenhelp.zendesk.com/agent/tickets/1000142755,"링크: https://spigenhelp.zendesk.com/agent/tickets/1000142755
국가 / 제품: DE / AirPods Pro 3 PowerArc (EF223MS 3in1 Charger)
ASIN=B0FCDK3QM1 / SKU=ACH09542
구매일자: 2025-12-01","1차: AirPods 충전 시작 후 수초 내 중단되는 현상 클레임 → 영상 및 정보 요청
2차: 영상 재전송 및 충전 환경 공유(Anker Nano 45W 어댑터) → 추가 확인 요청
3차(현재): 영상 확인 완료 → 타 충전기에서는 정상 작동, 본 제품에서만 충전 불가 주장","구매 약 4개월 경과
(최근 2년) 총 주문 2개 / FBA 환불 0건 / 셀러 환불 0건 / 셀러 코드 발급 0건
영상 기준: AirPods 충전 시작 후 즉시 중단 현상 확인됨 → 정상 사용 환경에서도 동일 증상
타 충전기 정상 작동 확인 → 기기 문제 가능성 낮음
GCX_CS PROCEDURE 기준: 기능 불량으로 판단 가능 (단, 명확한 제조상 결함 단정은 어려움)
유사 전례: 충전 불안정/중단 이슈 → 고객 불편 고려 환불 사례 다수 존재
충성 고객 여부: 해당 없음 (주문 2건)
※ 위 근거로 “제조상 결함 확인 불가, 고객 불편 고려 환불” 예정","제품 사용 중 불편을 겪으신 점 유감
확인 결과 제조상 결함은 발견되지 않았으나, 고객 불편을 고려하여 환불로 도움 예정",임영신 June 글로벌CX전략팀,"Mar 30, 3:49 PM
네 확인해보도록 하겠습니다.
Mar 30, 3:49 PM"
김지우 Kevin 글로벌CX전략팀,https://spigenhelp.zendesk.com/agent/tickets/100014302,"링크: https://spigenhelp.zendesk.com/agent/tickets/100014302
https://spigenhelp.zendesk.com/agent/tickets/1000143026
6
국가 / 제품: IT / Galaxy S25 Plus SP_Glas.tR
 EZ Fit Slim
ASIN=B0CN8T556T / SKU=AGL07430
구매일자: 2026-03-13","1차: 글라스 부착 후 버블 발생 → 교품(MCF) 발송
2차: 교품 수령 후 터치 인식 불량 발생 → 부착 가이드 및 터치 민감도 조정 안내
3차: 정상 부착했으나 키보드 일부 및 게임 중 터치 미인식 지속 → 사진 및 바코드 요청
4차(현재): 사진 제출 및 동일 증상 지속 호소 → 추가 조치 필요","구매 약 20일 경과
(최근 2년) 총 주문 1개 / FBA 환불 0건 / 셀러 환불 0건 / 셀러 코드 발급 0건
교품(MCF) 이후 동일 제품에서 터치 인식 문제 재발
터치 불량 특성상 사진으로 명확한 결함 입증 어려움
가이드 안내 이후에도 동일 증상 지속 → 사용성 불편 명확
타고객 유사 전례: 기능 이상 입증 어려우나 사용 불편 지속 시 환불 처리 사례 다수 (글라스/터치 계열)
※ 위 근거로 “제조상 결함 확인 불가, 고객 불편 고려 환불” 예정","제품 사용 중 불편을 겪으신 점 유감
확인 결과 제조상 결함은 발견되지 않았으나, 고객 불편을 고려하여 환불로 도움(원주문 환불 100%)",나아름 Jane 글로벌CX전략팀,"Mar 30, 4:40 PM
@
김지우 Kevin 글로벌CX전략팀
 프로님, 이전에도 동일 사유로 예외적 도움드린 이력 확인했습니다. 인도고객이라 MCF 대체품 제공도 어렵고,,, 작성하신대로 추가 예외 도움은 불가한 점으로 전달 부탁드립니다.
Mar 30, 4:40 PM"
김지우 Kevin 글로벌CX전략팀,https://spigenhelp.zendesk.com/agent/tickets/1000143128,"링크: https://spigenhelp.zendesk.com/agent/tickets/1000143128
국가 / 제품: JP / Other (ODM) (New Biz)_LD302
ASIN=B0B24NPHYJ / SKU=APP04762
구매일자: 2026-04-04","1차: LD302 vs LD302M 제품 차이 문의 → 마그넷 내장 여부 및 케이블 정리 기능 안내
2차: 제품 수령 후 반사 시 보이는 흰색 스크래치 발견 + 마커로 수정 시도 후 악화 → 교환 가능 여부 문의
3차(현재): 제품 상태 및 바코드 사진 제출, 초기 미세 스크래치 주장 + 이후 고객 과실로 악화 인정 → 교환 요청","구매 2일 경과
(최근 2년) 총 주문 1개 / FBA 환불 0건 / 셀러 환불 0건 / 셀러 코드 발급 0건
사진상 스크래치는 반사 시에만 확인되는 수준으로 명확한 초기 불량 단정 어려움
고객이 마커 등을 사용하여 직접 수정 시도하며 상태 악화 → 사용자 개입 명확
GCX 기준상 사용 중 발생 또는 외부 요인 개입 시 워런티 대상 제외
초기 미세 스크래치 주장 대비 현재 상태는 고객 과실 영향이 더 크게 작용한 것으로 판단
※ 위 근거로 “사용 환경 및 외부 영향에 따른 손상으로 판단되어 도움 불가” 예정","고객 상황에 대한 유감 표현
사용환경 및 외부 영향에 따른 변형은 워런티 대상이 아님
도움 불가한 점 양해 부탁",양숙랑 Grace 글로벌CX전략팀,"Mar 30, 5:45 PM
프로님. 저고객 끈질길것 같습니다.
환불이 아니라 대체품을 요구하고 있으니 이번만 예외적으로 대체품 제공해도 좋겠습니다.
지속적인 괴롭힘으로 인입될것 같아 핑퐁 방어 차원에서 MCF판단하였습니다.
Mar 30, 5:45 PM"
김지우 Kevin 글로벌CX전략팀,https://spigenhelp.zendesk.com/agent/tickets/1000143297,"링크: https://spigenhelp.zendesk.com/agent/tickets/1000143297
국가 / 제품: DE / iPhone 15 Pro Max SP_Glas.tR
 EZ Fit Slim
ASIN=B0C9S24VV8 / SKU=AGL06872
구매일자: 2025-12-28","1차: 글라스 2장 모두 단기간 내 파손 주장 (사진 제출) → 교체 요청
2차: 교품(MCF) 발송 안내 → 진행
3차(현재): 교품 미수령으로 배송 상태 확인 요청 → 배송사 반송 확인, 재발송 필요","구매 약 3개월 경과
(최근 2년) 총 주문 4개 / FBA 환불 1건 / 셀러 환불 0건 / 셀러 코드 발급 0건
배송 tracking 확인 결과, Carrier 측 사유로 반송 처리됨 (Item disposition: Damaged by carrier)
기존 제품 이슈는 제조상 결함 단정 어려우나, 고객 불편 고려 MCF 1회 진행된 건
유사 전례: 배송사 반송 → 재발송 케이스 다수 존재 (일반 MCF 재출고 케이스)
충성 고객 여부: 해당 없음 (환불 비율 기준 충족 X)
※ 위 근거로 “배송사 귀책 반송 → 동일 주소 확인 후 MCF 재발송” 예정","고객 상황에 대한 유감 표현
확인 결과 배송사의 실수로 반송된 것으로 확인됨
이전 제공 주소지로 재발송 드리고자함 (동의시 MCF 진행)",나아름 Jane 글로벌CX전략팀,"Mar 31, 11:02 AM
@
김지우 Kevin 글로벌CX전략팀
 프로님, 도움불가 2차 안내 부탁드립니다.
한번 도움드리니 계속 인입되네요 ... ;ㅁ;
Mar 31, 11:02 AM"
김지우 Kevin 글로벌CX전략팀,https://spigenhelp.zendesk.com/agent/tickets/1000143318,"링크: https://spigenhelp.zendesk.com/agent/tickets/1000143318
국가 / 제품: ES / Galaxy S26 Ultra Optik Armor
ASIN=B0FVBPV3QF / SKU=ACS11040
구매일자: 2026-03-15","1차: 카메라 커버가 계속 열리고 떨어짐 → 영상 요청
2차(현재): 초기 불량 주장 및 사진 첨부 → 제품 이상 여부 문의","구매 약 3주 경과
(최근 2년) 총 주문 1개 / FBA 환불 0건 / 셀러 환불 0건 / 셀러 코드 발급 0건
사진 기준 카메라 커버 고정력 문제 주장 (열림/탈락 반복)이나, 명확한 제조 결함 단정은 어려움
GCX 기준상 외부 요인/사용 상태 영향 가능성 존재하나, 초기 사용 단계 및 고객 불편 고려 필요
※ 위 근거로 “제조상 결함 확인 불가, 고객 불편 고려 대체품 제공” 예정","제품 사용 중 불편을 겪으신 점 유감
사진 확인 결과, 사용환경 및 외부 영향에 의한 파손으로 사료되며 제조상 결함은 확인되지 않음
고객 불편을 고려하여 예외적 대체품 제공 예정(MCF)",나아름 Jane 글로벌CX전략팀,"Mar 31, 2:45 PM
@
김지우 Kevin 글로벌CX전략팀
 프로님, 고객 첨부 영상 확인했습니다.
구두로 전달드린 것과 같이 고객이 카 마운트에 사용했을때 케이스 메탈링이 같이 분리되는 이슈는 영상에서 확인되지 않는데요, 일단 충성 고객 고려하여 제조상 결함여부 확인되지 않으나 이번에만 예외적 도움드리는 점 으로 대응 부탁드립니다.
Mar 31, 2:45 PM"
임영신 June 글로벌CX전략팀,https://spigenhelp.zendesk.com/agent/tickets/1000143363,"https://spigenhelp.zendesk.com/agent/tickets/1000143363
국가 / 제품: JP /
(1) Galaxy S26 Ultra용 Thin Fit MagFit 케이스
ASIN:  B0GDHBDG47
(2) Optik Pro
ASIN: B0G7STMFKY
구매일자: 2026-04-05","케이스를 장착했더니 볼륨 버튼 부근이 들뜸 (사진 첨부). 볼륨 다운과 전원 버튼 사이를 누르면 전원 버튼이 눌리는 느낌이 있음.
카메라 렌즈에 Optik Pro (B0G7STMFKY)를 부착했는데 약간의 간섭이 있음. 어긋난 위치 때문인지 케이스 불량인지 문의","(최근 2년) 총 주문 제품 24개 / FBA 환불 제품 1개 / 셀러 환불 1건 / MCF 발송 1건
#1000140613 Galaxy S26 Ultra용 Air Skin Aramid MagFit 케이스(B0FVB22GHK) 마감불량 > 환불
#1000140174 Galaxy S26 Ultra용 Glas.tR
 Optik Pro(B0G7STMFKY) 표면스크래치 >MCF 발송","고객 불편 유감
고객 의견 유관 부서 전달 + 불편 고려하여 케이스 환불 도움
Apr 7, 2:45 PM",,
"3 unread,",https://spigenhelp.zendesk.com/agent/tickets/1000143401,"https://spigenhelp.zendesk.com/agent/tickets/1000143401
국가 / 제품: IN / Spigen Ultra Hybrid S MagFit for Samsung Galaxy S25 Case, Transparent Galaxy S25 Back Cover (2025) - TPU+Poly Carbonate｜Clear White
ASIN: B0DJ9VY54G
구매일자: 2025-11-08","1차: Galaxy S25용 UH S MagFit 케이스가 사용한 지 4개월 만에 황변되어 교체 요청 (사진 첨부)
-> 100% 환불(Amazon상 이미 환불 완료)
2차: 환불 처리 이메일은 확인했으나, 금전적 환불만으로는 제품 품질 문제와 브랜드 책임 문제가 해소되지 않는다고 함. 아래 항목들에 대해 공식적인 답변을 요구:
(1) ‘가품’ 주장에 대한 검증 요청 - 이전 이메일에서 귀사 측이 해당 제품을 ‘가품’이라고 공식적으로 안내했다고 함. 그러나 본인의 인보이스상 해당 제품은 Spigen India Private Limited가 직접 판매한 제품으로 확인된다고 함. 따라서 공식 스토어에서 가품을 판매한 것인지, 아니면 워런티 클레임을 거절하기 위해 내부 진위 검토가 허위로 진행된 것인지 명확한 해명을 요구.
(2) 제품 불량 분석 요청 - DuraClear 기술이 4개월 만에 실패함. Amazon을 통한 환불만으로는, 제품이 광고된 기준을 충족하지 못한 사실이 해결되지 않음. 이와 같은 불량 배치 제품이 다른 고객에게도 판매되지 않도록 어떤 조치를 취하고 있는지 설명을 요구.
(3) 불편에 대한 보상 요청 - 원래 정품으로 바로 인정되었어야 할 제품의 진품 여부를 입증하는 데 상당한 시간과 노력이 들어감. 단순 환불은 최소한의 조치일 뿐이며, 지원 과정에서 이루어진 오해를 불러일으키는 주장들에 대한 보상이 되지 않음.
(4) 프리미엄 브랜드라면 인도 시장에 출시한 제품의 신뢰성과 품질에 대한 책임이 있음. 이번 가품 오분류에 대한 상세한 설명과, 이로 인해 훼손된 브랜드 신뢰를 어떻게 회복할 것인지에 대한 공식 입장을 요구
(5) 현재 문제가 있는 제품과 관련 이메일 전체를 보관 중임. 이 사안이 충분히 다뤄지지 않을 경우, 부당한 거래 관행을 사유로 인도 국가소비자헬프라인(NCH)에 정식으로 신고하겠다는 의사를 밝힘.",(최근 2년) 총 주문 제품 1개 / FBA 환불 제품 1개 / 셀러 환불 0건 / MCF 발송 0건,"고객 불편 유감
(가품 내용 관련) 주문 내역(171-4980896-3793918) 확인 결과, 가품이 아닌 공식 제품 구매로 확인됨, 당사에서는 해당 케이스를 가품으로 안내한 이력이 없음, 가품 안내를 받은 기록과 안내 출처에 대한 정보 제공 요청
당사 제품은 황변 현상을 지연시키는 소재를 적용 + 사용 환경, 습관에 따라 차이가 있을 수 있음 + 사용에 따른 이염 등은 워런티 대상이 아님 안내
 아마존상 이미 환불 완료 확인되었음",나아름 Jane 글로벌CX전략팀,"Mar 31, 5:12 PM
@
김지우 Kevin 글로벌CX전략팀
 프로님, 도움불가 3차까지 안내 후 NRN 처리로 전달 부탁드립니다.
Mar 31, 5:12 PM"
"9 unread,",https://spigenhelp.zendesk.com/agent/tickets/1000143141,"https://spigenhelp.zendesk.com/agent/tickets/1000143141
국가 / 제품: IN / Spigen Liquid Air for Samsung Galaxy S25 Case, Galaxy S25 Back Cover (2025) - TPU｜Matte Black
ASIN: B0DJ9T95PZ
구매일자: 2025-09-19","1차: 케이스를 7개월간 사용해왔는데 케이스가 헐거워져 휴대폰이 케이스 안에서 위아래로 움직임. 이런 문제가 벌써 세번째임. (영상 첨부: 이전 환불 티켓 #1000119199에서 첨부한 영상과 동일 영상 첨부) 
이전 환불 티켓) #1000119199
Galaxy S25용 LA케이스 늘어남으로 폐기 사진 확인 후 100% 환불
2년 이전 환불 티켓) #1000003777
Galaxy S23용 Cyrill Ultra Color 케이스를 2개월 사용했는데 늘어나서 핸드폰이 위아래로 움직인다며 워런티 문의 -> 100% 환불
비고: 
(최근 2년) 총 주문 제품 3개 / FBA 환불 제품 0개 / 셀러 환불 1건 / MCF 발송 0건
구매 6개월 경과","(최근 2년) 총 주문 제품 3개 / FBA 환불 제품 0개 / 셀러 환불 1건 / MCF 발송 0건
구매 6개월 경과","고객 불편 유감
고객 의견 유관부서 전달 완료+폐기사진 요청+이후 환불",양숙랑 Grace 글로벌CX전략팀,"Mar 31, 5:25 PM
네. 프로님 의견대로 MCF제공 한번 더 해봐요.
Mar 31, 5:25 PM"
임영신 June 글로벌CX전략팀,https://spigenhelp.zendesk.com/agent/tickets/1000143397,"https://spigenhelp.zendesk.com/agent/tickets/1000143397
국가 / 제품: MY / 확인 불가
ASIN: 확인 불가
구매일자: 확인 불가","케이스를 주문했는데 확인 메일을 받지 못했음
첨부한 스크린샷에 Spigen Malaysia 및 shopify.com
 확인됨
Spigen Malaysia로 검색 시 확인되는 웹사이트 - https://www.spigen.com.my/",확인 불가,"고객 불편 유감
고객의 제품 구매처는 당사 공식 셀러 페이지가 아님+ 도움 불가 + 슈피겐 제품은 Lazada Malaysia 공식 셀러 페이지에서 구매하시길 바람
Apr 7, 5:17 PM",,
임영신 June 글로벌CX전략팀,https://spigenhelp.zendesk.com/agent/tickets/1000143325,"https://spigenhelp.zendesk.com/agent/tickets/1000143325
국가 / 제품: BE / Spigen Verre trempé compatible avec GoPro Hero 12, GoPro Hero 11, GoPro Hero 10, GoPro Hero 9 Black, 6 Pièces (2 protector caméra, 2 protecteurs d'écran en verre, 2 films protecteurs d'écran)
ASIN: B092H9NQ3J
구매일자: 2026-03-30","1차: GoPro용 Glas.tR
+Film의 글라스가 게임 도중에 파손됨. 글라스에 작은 흠집이 났지만 화면 자체는 문제 없음. 다음 주문 건에 대한 할인이 가능할지 문의. 본인은 에어소프트 커뮤니티 내에서 사진, 긍정적인 리뷰 그리고 입소문을 냄.
-> 제품 상태 및 바코드 사진 요청
2차: 슈피겐 제품을 매우 만족스럽게 사용하고 있는 사용자이며, 어제 귀사의 글라스의 품질이 다시 한 번 입증되었음. 에어소프트 이벤트 중에 BB탄이 글라스에 직접 맞았음. 글라스는 충격을 흡수하며 깨졌지만 액정은 멀쩡한 상태였음. 귀사의 제품 덕분에 자신의 기기를 보호할 수 있었음. 자신은 에어소프트 커뮤니티에서 활동하고 있기 때문에, 이 성공 사례를 자신의 네트워크 및 좋은 리뷰를 통해 공유하고 싶음. 충격 당시 상황과 액정이 보호된 사진도 촬영하였음. 해당 사진을 귀사의 마케팅 목적이나 리뷰용으로 사용할 수 있도록 제공하고 싶으며, 그 대가로 새로운 글라스 세트를 받기를 원함. 에어소프트 분야에서 이러한 ‘실전 테스트 이미지'의 영향력을 고려할 때, 양측 모두에게 좋은 기회가 될 수 있다고 생각함. 관심이 있으시다면 사진을 바로 전달드리겠음.",확인 불가,"당사 제품 구매 감사
제품 상태 및 바코드 사진 요청
Apr 7, 5:25 PM",,
김지우 Kevin 글로벌CX전략팀,https://spigenhelp.zendesk.com/agent/tickets/1000143470,"링크: https://spigenhelp.zendesk.com/agent/tickets/1000143470
국가 / 제품: IT / Other (ODM) TinTap MagFit
ASIN=B0G866M9QD / SKU=AFA11381
구매일자: 2026-04-03",1차(현재): 제품 이미지상 링홀더 포함으로 오인 → 실제 미포함에 대한 불만 및 이미지 수정 요청 → 반품 또는 추가 비용 발생 불만 표출,"구매 5일 경과
(최근 2년) 주문/환불 이력 확인 불가
제품 상세페이지 내 링홀더는 연출용 액세서리이며, 이미지 내 “MagSafe 악세사리와 함께 사용” 문구 확인됨
실제 구성품 미포함 관련 명시 부족으로 혼선 가능성은 있으나, 제품 구성 오배송/하자 아님
유사 전례: 이미지 연출 관련 오인 케이스 → 도움 불가 처리 (러닝체인지/구성 혼동 사례 참고)
※ 위 근거로 “이미지 연출에 따른 오인으로 판단, 도움 불가” 예정","고객 상황에 대한 유감 표현
제품 페이지속 이미지는 이해를 돕기 위한 연출이며 맥세이프 악세사리를 부착할 수 있는 점을 고객에게 보여주기 위함임.
도움 불가한 점 양해 부탁드립니다.",TCT log Report,"Apr 1, 5:30 PM
TCT Chat Log_GCX 마감보고
날짜: 2026-04-01
• Lazada log: 1 건
• Shopee log: 0 건
시트 링크
Lazada log
Shopee log
Apr 1, 5:30 PM"
임영신 June 글로벌CX전략팀,https://spigenhelp.zendesk.com/agent/tickets/1000143392,"https://spigenhelp.zendesk.com/agent/tickets/1000143392
국가 / 제품: IN / Spigen 5000mAh ArcHybrid Magfit Magnetic Wireless Fast Charging Power Bank 7.5W Magsafe Compatible with iPhone 17/16/15/14/13/12 Series (Type C Cable Included) - Black
ASIN: B09MJVXYMF
구매일자: 2026-01-18","1차: PH2100 보조 배터리를 2시간 동안 충전하였지만 충전되지 않고 LED 깜빡거림 현상이 나타남 (영상 확인) 
2차: 20W 충전기를 사용하며, 케이블은 보조배터리에 동봉된 케이블임. 24시간 충전해도 보조배터리가 완충되지 않음.",(최근 2년) 총 주문 제품 16개 / FBA 환불 제품 10개 / 셀러 환불 0건 / MCF 발송 0건,"고객 불편 유감
고객 의견 유관 부서 전달 + 영상에서 제조상의 결함 확인 어려움 + 그러나 고객 불편 고려하여 환불 도움
Apr 8, 10:14 AM",,
김지우 Kevin 글로벌CX전략팀,https://spigenhelp.zendesk.com/agent/tickets/1000143296,"링크: https://spigenhelp.zendesk.com/agent/tickets/1000143296
국가 / 제품: UK / Google Pixel 7 Pro Ultra Hybrid
ASIN=B09YMV3TXX / SKU=ACS04726
구매일자: 2024-05-09","1차: 케이스 백판과 TPU 범퍼 분리 발생(사진 제출) → 사용 중 발생 가능성 안내 및 도움 불가
2차: 제조 결함 주장 및 워런티 근거로 재요청 → 제조 결함 판단 어려움 안내 및 도움 불가
3차(현재): 정상 사용 중 발생한 구조적 분리로 제조 결함 주장, 워런티 기간 내 재검토 및 상위 이관 요청","구매 1년 10개월 경과
(최근 2년) 총 주문 2개 / FBA 환불 0건 / 셀러 환불 0건 / 셀러 코드 발급 0건
사진상 백판-범퍼 분리 확인되나, 장기 사용에 따른 접착 약화 및 외부 환경 영향 가능성 존재
구매 시점 대비 장기간 사용 제품으로, 초기 불량 또는 제조 기인 여부 단정 어려움
타고객 유사 전례: 장기 사용 후 분리/이탈 건 → 동일하게 외부 요인 및 사용 경과로 판단하여 도움 불가 처리 다수
충성 고객 아님 (주문 2건)
※ 위 근거로 “제조상 결함 확인 불가, 사용 경과에 따른 분리로 판단 → 도움 불가” 예정","고객 상황에 대한 유감 표현
사진 확인 결과 제조상 결함은 확인되지 않음
도움 불가한 점 양해 부탁 (최종안내, 재인입시 NRN)",나아름 Jane 글로벌CX전략팀,"Apr 2, 11:22 AM
@
김지우 Kevin 글로벌CX전략팀
 네 프로님, 폐기사진 확인 후 환불 도움 부탁드립니다.
Apr 2, 11:22 AM"
김지우 Kevin 글로벌CX전략팀,https://spigenhelp.zendesk.com/agent/tickets/1000142910,"링크: https://spigenhelp.zendesk.com/agent/tickets/1000142910
국가 / 제품: IT / Galaxy Watch 8 (40mm) Liquid Air
ASIN=B0F974R3XR / SKU=ACS09840
구매일자: 2026-03-31","1차: 오배송 및 스크래치 제품 수령 주장 → FBA Grade&Resell 안내 및 Amazon CS 문의 유도
2차: Amazon 도움 불가 주장, 환불/재발송 요청 → 동일 안내 반복
3차: 사진 일부 제출, 추가 증빙 요청 → 바코드/CS 캡처 요청
4차: 추가 자료 제출 거부 → 검증 불가로 진행 불가 안내
5차: 이후 일부 사진 추가 제출 → 폐기사진 조건 환불 제안
6차(현재): 제품 폐기 주장 및 추가 증빙 불가 → 환불 또는 재발송 재요청","구매 7일 경과
(최근 2년) 총 주문 1개 / FBA 환불 0건 / 셀러 환불 0건 / 셀러 코드 발급 0건
FBA Grade & Resell 상품으로 중고 재판매 건 → 상태 검수 및 배송 Amazon 책임
초기 요구된 바코드/CS 대화 내역 등 핵심 검증자료 미제출 (일부 사진만 제출)
폐기사진 조건 환불 제안했으나, 고객 제품 폐기 주장으로 검증 불가
강한 환불 요구 지속 (Amazon 책임 전가 주장 포함)
충성 고객 해당 없음
※ 위 근거로 “증빙 미흡 + FBA 배송 이슈 → 도움 불가(NRN)” 예정","고객 상황에 대한 유감 표현
제품 상태를 확인할 수 없어 도움 불가한점 양해 바람
미개봉 반품 재판매 (FBA Grade & Resell) 상품에 대한 이슈는 FBA CS에 연락 바람",나아름 Jane 글로벌CX전략팀,"Apr 3, 10:18 AM
@
김지우 Kevin 글로벌CX전략팀
 이상한 트집을 다 잡네요 고객이....작성하신대로 고객의 소중한 피드백은 유관부서 공유하겠음으로 종료하는게 좋을 것 같습니다..!
Apr 3, 10:18 AM"
임영신 June 글로벌CX전략팀,https://spigenhelp.zendesk.com/agent/tickets/1000143391,"https://spigenhelp.zendesk.com/agent/tickets/1000143391
국가 / 제품: IN / Spigen Ultra Hybrid MagFit Back Cover Case Compatible with iPhone 16 Pro (TPU + Poly Carbonate | Frost Natural Titanium)
ASIN: B0D21W5MWV
구매일자: 2025-08-09","1차:  케이스를 장착 후, 휴대폰을 두 번 작게 떨어뜨렸는데도 화면이 깨짐. 처음 낙하 때는 화면의 하단부에 금이 갔고, 두 번째 낙하 때는 상단부가 깨짐. 이 가격에 기본적인 낙하 사고는 견딜 수 있어야 함. 전액 환불 요청. (사진 첨부)
-> 슈피겐 로고 사진 요청 + 사용한 글라스의 모델명 문의
2차: 관련 내용은 이미 이전 메일에서 명확히 전달하였음.
-> 슈피겐 로고 사진 + 사용한 글라스의 모델명 문의 2차 안내
3차: (사진 첨부) 사용한 글라스의 모델명은 정확히 모르겠음. 케이스를 장착했음에도 두 번의 낙하 후 글라스가 깨진 것을 문제 삼고 싶음. 가격대가 높은 케이스인 만큼 내구성에 대한 기대가 있었음. 보상 요청
-> 사용 중 생긴 결함 1차 안내 (환불 X)","(최근 2년) 총 주문 제품 2개 / FBA 환불 제품 1개 / 셀러 환불 0건 / MCF 발송 0건
구매 후 7개월 경과
사진 확인 시 화면이 아닌 글라스가 깨진 것으로 보임 (글라스 구매 내역 확인되지 않아 타사 글라스로 추정)","고객 불편 유감
사용 중 낙하에 의한 파손은 워런티 대상 아님 + 제조상의 결함과 파손 간의 인과관계 확인 어려움
도움 불가 2차 안내 (이후 NRN)
Apr 8, 5:04 PM",,
김지우 Kevin 글로벌CX전략팀,https://spigenhelp.zendesk.com/agent/tickets/1000143496,"링크: https://spigenhelp.zendesk.com/agent/tickets/1000143496
국가 / 제품: FR / Galaxy S25 FE Ultra Hybrid MagFit
ASIN=B0FC7S6H6S / SKU=ACS10027
구매일자: 2026-04-01","1차: 카메라 부분 장착 불가(사진 첨부) → 모델명 및 바코드 요청
2차(현재): 요청 정보 및 추가 사진 제출 → 장착 불가 지속 주장","구매 7일 경과
(최근 2년) 총 주문 1개 / FBA 환불 0건 / 셀러 환불 0건 / 셀러 코드 발급 0건
사진상 카메라 컷아웃 부위 간섭으로 완전 장착 불가 확인됨 (강한 압력에도 미장착)
GCX 기준상 초기 장착 불가 이슈는 제품 개별 편차 가능성 있으나 제조상 결함 단정 어려움 → 고객 불편 고려 보상 타당
매우 유사 리뷰 존재 “형합/장착 불가” (리뷰
https://www.amazon.de/gp/customer-reviews/R336B74WKZDM9H/ref=cm_cr_getr_d_rvw_ttl?ie=UTF8
)
※ 위 근거로 “제조상 결함 확인 불가, 고객 불편 고려 환불” 예정","제품 사용 중 불편을 겪으신 점 유감
사진 확인 결과 제조상 결함은 확인되지 않았음
고객 불편을 고려하여 환불 도움 예정",양숙랑 Grace 글로벌CX전략팀,"Apr 6, 10:53 AM
프로님. 이 고객 티켓 본문 확인하였고 악의적이지 않아 환불도움 드리면 좋을것 같습니다.
Apr 6, 10:53 AM"
김지우 Kevin 글로벌CX전략팀,https://spigenhelp.zendesk.com/agent/tickets/1000143532,"링크: https://spigenhelp.zendesk.com/agent/tickets/1000143532
국가 / 제품: DE / (New Biz) EV25MFAQ
ASIN=B0FPTKNYP3 / SKU=ACP10511
구매일자: 2025-12-02","1차: 충전 중 팬 소음 발생 및 작동 불안정 → 영상 및 바코드 요청
2차(현재): 영상 및 바코드 제출 → 충전 중단 및 전원 차단 현상 지속","구매 약 4개월 경과
(최근 2년) 총 주문 4개 / FBA 환불 2건 / 셀러 환불 0건 / 셀러 코드 발급 0건
영상상 충전 시 LED 깜빡임 및 전원 불안정(USB 허브 전원 차단 포함) 확인 → 정상 동작 아님
GCX 기준상 전원 차단/충전 중단은 사용 환경 영향 가능성(전압, 타사 케이블) 있으나, 기능 이상으로 판단 가능 → 고객 불편 고려 보상 타당
유사 전례 다수 존재 (LED 깜빡임/충전 불량 → 환불 또는 교체 대응)
※ 위 근거로 “제조상 결함 확인 불가, 고객 불편 고려 환불” 예정","제품 사용 중 불편을 겪으신 점 유감
확인 결과 제조상 결함은 발견되지 않았으나, 고객 불편을 고려하여 환불로 도움 예정
고객 의견은 유관 부서에 전달 예정",양숙랑 Grace 글로벌CX전략팀,"Apr 6, 12:28 PM
프로님. 한번더 MCF 부탁 드려요.
Apr 6, 12:28 PM"
김지우 Kevin 글로벌CX전략팀,https://spigenhelp.zendesk.com/agent/tickets/100014353,"링크: https://spigenhelp.zendesk.com/agent/tickets/100014353
https://spigenhelp.zendesk.com/agent/tickets/1000143532
국가 / 제품: DE / (New Biz) EV25MFAQ
ASIN=B0FPTKNYP3 / SKU=ACP10511
구매일자: 2025-12-02","1차: 충전 중 팬 소음 발생 및 작동 중단 → 영상 및 바코드 요청
2차: 영상 링크 첨부 → 추가 확인 요청(동봉 케이블 사용 여부)
3차(현재): 정품 케이블 포함 다수 케이블 사용 시 동일 증상 발생 (자사케이블 영상은 미첨부)","구매 약 4개월 경과
(최근 2년) 총 주문 4개 / FBA 환불 2건 / 셀러 환불 0건 / 셀러 코드 발급 0건
영상 확인 결과 충전 중단 및 전원 불안정(허브 전원 차단) 등 기능 이상 정황 확인됨
내부 기준상 명확한 제조상 결함 단정은 어려우나 정상 사용 환경 내 반복 증상 확인
타고객 유사 전례 (#1000131368, #1000133210) → 동일 제품 충전 불량 이슈에 대해 환불/대체품 제공 사례 존재
※ 위 근거로 “제조상 결함 확인 불가, 고객 불편 고려 MCF” 예정","제품 사용 중 불편을 겪으신 점 유감
확인 결과 제조상 결함은 발견되지 않음
고객 불편을 고려하여 예외적 대체품 제공 예정(MCF)",양숙랑 Grace 글로벌CX전략팀,"Apr 6, 4:57 PM
@
나아름 Jane 글로벌CX전략팀
 프로님.
https://spigenhelp.zendesk.com/agent/tickets/1000143274
해당 티켓 아래 대응으로 하면 될것같습니다. 영업팀 확인후 함께 답변해도 되겠네요.
슈피겐 케이스를 타사 글라스와 함께 사용 시 간섭 발생할 수 있음
아쉽게도 현재 Xiaomi 15T Pro용 슈피겐 글라스 출시 계획 (????)→영업팀 답변 참고후 추가
케이스와 호환이 되는 케이스 사용을 권장함
(환불도움 없이 안내 바랍니다)
Apr 6, 4:57 PM"
김지우 Kevin 글로벌CX전략팀,https://spigenhelp.zendesk.com/agent/tickets/1000143509,"링크: https://spigenhelp.zendesk.com/agent/tickets/1000143509
국가 / 제품: UK / Galaxy S26 Ultra Air Skin Aramid MagFit
ASIN=B0FVB22GHK / SKU=ACS11029
구매일자: 2026-03-04","1차: 케이스 후면 코팅 벗겨짐 발생 → 전체 사진 및 사용 환경 요청
2차(현재): 일반 사용 환경에서 발생 주장 + 추가 사진 제출 → 보상 검토","구매 약 1개월 경과
(최근 2년) 총 주문 5개 / FBA 환불 1건 / 셀러 환불 0건 / 셀러 코드 발급 0건
사진상 코팅 벗겨짐 확인되나 외부 마찰/사용 환경 영향 가능성 존재 (명확한 초기 불량 단정 어려움)
내부 기준상 외관 손상은 사용 환경 영향으로 판단되는 경우가 일반적이나, 구매 초기(1개월) 발생 및 고객 사용 이력 고려 시 예외 처리 가능
타고객 유사 전례 다수 존재 (아라미드/코팅 벗겨짐 → 환불 대응 케이스)
(최근 2년) 총 주문 5건 / 환불 1건 → 충성고객 조건 충족
※ 위 근거로 “제조상 결함 확인 불가, 고객 불편 고려MCF” 예정","제품 사용 중 불편을 겪으신 점 유감
확인 결과 제조상 결함은 발견되지 않았으나, 고객 불편을 고려하여 대체품 제공 도움 예정",나아름 Jane 글로벌CX전략팀,"Apr 7, 11:06 AM
@
김지우 Kevin 글로벌CX전략팀
 프로님, 고객이 자꾸 열렸다 닫혔다하면서 떨어지기까지 한다는걸보니 다시 끼워도 문제가 발생될 것 같네요..
예외적 대체품 제공인 점 언급 후, mcf 처리 부탁드립니다!
(재고: 2420개)
Apr 7, 11:06 AM"
김지우 Kevin 글로벌CX전략팀,https://spigenhelp.zendesk.com/agent/tickets/1000143458,"링크: https://spigenhelp.zendesk.com/agent/tickets/1000143458
국가 / 제품: DE / (New Biz) EV25MFAQ
ASIN=B0FPTKNYP3 / SKU=ACP10511
구매일자: 2026-03-10","1차: 송풍구 호환 문제 안내 및 영상/바코드 요청 → 고객이 후크 기울어짐 문제로 사진 재제출
2차(현재): 후크가 비뚤어져 주행 시 흔들림 발생 주장(사진 첨부) → 교체용 베이스 요청","구매 약 30일 경과
(최근 2년) 총 주문 1개 / FBA 환불 0건 / 셀러 환불 0건 / 셀러 코드 발급 0건
사진상 후크 정렬 불량 확인되며 장착 안정성 저하 주장 명확
GCX 기준상 초기 구조 불량 혹은 나사 풀림 의심 가능 케이스 → 기능 사용 불가 수준이면 교품 타당
※ 위 근거로 “제조상 결함 확인 불가, 고객 불편 고려 교품(MCF) 제공” 예정","제품 사용 중 불편을 겪으신 점 유감입니다.
사진 확인 결과 제조상 결함은 확인되지 않았습니다.
고객 불편을 고려하여 대체품 제공 예정 (MCF)",임영신 June 글로벌CX전략팀,"Apr 7, 2:57 PM
확인 감사합니다~!
Apr 7, 2:57 PM"
김지우 Kevin 글로벌CX전략팀,https://spigenhelp.zendesk.com/agent/tickets/1000143643,"링크: https://spigenhelp.zendesk.com/agent/tickets/1000143643
국가 / 제품: ES / Garmin SP_Glas.tR
 EZ Fit Slim
ASIN=B0DP5RPSTY / SKU=AGL09158
구매일자: 2026-03-17","1차: 글라스 2장 모두 불량(버블 및 접착 불량) → MCF 교품 발송 진행
2차(현재): UPS 픽업 수령 선택했으나 수령 안내 미수신 → 픽업 기간 경과로 반송 예정 상태 확인 → 재발송 요청","구매 약 24일 경과
(최근 2년) 총 주문 5개 / FBA 환불 3건 / 셀러 환불 0건 / 셀러 코드 발급 0건
배송사(UPS) 픽업 안내 미수신으로 인한 미수령 → 반송 진행 (트래킹 상 확인됨)
내부 기준 검토: 배송 과정 이슈는 배송사 소관이나, 기존 제품 불량으로 교품 진행된 건 고려 필요
타고객 유사 전례: 배송 미수령 반송 건에 대해 1회 추가 MCF 제공 사례 존재
※ 위 근거로 “배송사 이슈이나 고객 불편 고려 1회 추가 MCF 재발송” 예정","제품 사용 중 불편을 겪으신 점 유감
배송은 배송사 소관임
고객 불편 고려 자사에서 대체품을 다시 배송 드릴 예정",임영신 June 글로벌CX전략팀,"Apr 8, 5:12 PM
@
양숙랑 Grace 글로벌CX전략팀
 리더님, 이 클레임 관련, 인도사업부 류도희 L에게 질의하였으나 아직 회신이 없습니다. 다만, 유사한 사례가 UK에서 2번 발견되어, 해당 제품의 재질 특성상 TPU 늘어남 현상이 발생하는 것이 아닌가 생각됩니다. 환불 대응이 적절하다고 판단되시면, 어제 남긴 IN 챗룸에도 해당 내용 공유해두겠습니다. 
https://spigenhelp.zendesk.com/agent/tickets/1000139097
https://spigenhelp.zendesk.com/agent/tickets/1000142807
Apr 8, 5:12 PM"
김지우 Kevin 글로벌CX전략팀,https://spigenhelp.zendesk.com/agent/tickets/1000143691,"링크: https://spigenhelp.zendesk.com/agent/tickets/1000143691
국가 / 제품: DE / PowerArc PE2109
ASIN=B0CMZ5B1SG / SKU=ACH06033
구매일자: 2025-04-09","1차(현재): 충전기 완전 작동 불가 (양 포트 모두 무전력, 다수 기기/케이블 테스트 완료, 영상 첨부) → 워런티 요청","구매 365일 경과
(최근 2년) 총 주문 1개 / FBA 환불 0건 / 셀러 환불 0건 / 셀러 코드 발급 0건
핵심 쟁점: 양 포트 모두 출력 불가 → 정상 사용 중 기능 정지로 보이는 전원 불량 (영상으로 재현 확인됨)
내부 기준(GCX_Power Accessory Amz. CS Procedure)검토 결과: 외부 요인 확인 불가 + 기능 미작동 명확 → 구매 후 경과 기간 및 고객 불편 고려 환불 100% 타당
타고객 유사 전례: 충전 불량 및 출력 중단 사례 환불 처리 다수 존재 (PowerArc 라인)
※ 위 근거로 “제조상 결함 확인 불가하나 기능 미작동으로 고객 불편 고려 100% 환불” 예정","제품 사용 중 불편을 겪으신 점 유감
제조상 결함 발견 못함
고객 불편을 고려하여 100% 환불 예정",임영신 June 글로벌CX전략팀,"Apr 7, 5:39 PM
확인 감사합니다.
Apr 7, 5:39 PM"
김지우 Kevin 글로벌CX전략팀,https://spigenhelp.zendesk.com/agent/tickets/1000143601,"링크: https://spigenhelp.zendesk.com/agent/tickets/1000143601
국가 / 제품: ES / Galaxy Tab S10 Plus Rugged Armor Pro
ASIN=B0C4G7CJ49 / SKU=ACS06539
구매일자: 2024-11-24","1차: 케이스 변색 및 글라스 간섭 주장 → 사용 중 영향 안내 및 도움 불가
2차: 초기부터 핏 불량 + 과거 문의 미응답 주장 → 동일 기준으로 도움 불가 + FBA 안내
3차(현재): 초기 불량 및 CS 미응답 문제 재강조 → 재검토 요청","구매 약 1년 4개월 경과
(최근 2년) 총 주문 17개 / FBA 환불 8건 / 셀러 환불 2건 / 셀러 코드 발급 0건
초기부터 글라스-케이스 간섭 주장 및 CS 미응답 이슈 제기 (증거 없음)
내부 기준(GCX_2024 CS PROCEDURE) 검토 결과: 장기간 사용 후 발생한 변색 및 간섭 → 사용 환경 및 외부 요인 가능성 높음, 초기 불량 입증 불가
타고객 유사 전례: 장기 사용 후 변색/핏 이슈 클레임은 동일 기준 도움 불가 다수 존재
※ 위 근거로 “사용 환경 영향 가능성 및 초기 불량 입증 불가로 도움 불가 유지” 예정","고객 상황에 대한 유감 표현
사용환경 및 외부 영향에 따른 이염·오염으로 확인되며 제조상 결함으로 보기 어려움
도움 불가한 점 양해 부탁
재인입시 NRN
Samsung Galaxy Tab S10+ Spigen protection
#1000143601
Dear Spigen Support Team,
I am writing to file a complaint regarding a case and screen protector for the Samsung Galaxy Tab S10+, which I purchased in November 2024.
Attached invoice.
In 2025, I al...
Status         pending
Priority        high
View
Update
Comment
By 
Zendesk
App
Remove preview",임영신 June 글로벌CX전략팀,"Apr 7, 5:46 PM
네 알겠습니다. 인도사업부에 문의 후, 대응하도록 하겠습니다.
Apr 7, 5:46 PM"
김지우 Kevin 글로벌CX전략팀,https://spigenhelp.zendesk.com/agent/tickets/1000143663,"링크: https://spigenhelp.zendesk.com/agent/tickets/1000143663
국가 / 제품: IT / AirPods Pro 3 Urban Fit
ASIN=B0FX3HWNY2 / SKU=ACS11196
구매일자: 2026-04-03","1차: 케이스 사이즈 불일치 및 탈착 문제 제기 → 설치 가이드 및 추가 자료 요청
2차: 설치 방법 안내 후에도 메인 케이스 고정 불가 재클레임(영상 제출) → 원인 재확인 필요
3차(현재): 상단은 정상 부착되나 하단이 과도하게 커서 고정 불가 주장 → 환불 또는 조치 기대","구매 7일 경과
(최근 2년) 총 주문 1개 / FBA 환불 0건 / 셀러 환불 0건 / 셀러 코드 발급 0건
영상 기준 상단은 정상 부착되나 하단 케이스 유격 발생 명확 (고정 불가 상태)
설치 가이드 정상 수행 이후에도 동일 증상 → 단순 설치 오류 가능성 낮음
내부 기준상 명확한 제조상 결함 단정은 어려우나, 사용 불가 수준 불편 발생
유사 전례: 사이즈/호환 이슈 시 고객 불편 고려 환불 처리 사례 다수 존재
※ 위 근거로 “제조상 결함 확인 불가, 고객 불편 고려 대체품 제공” 예정","제품 사용 중 불편을 겪으신 점 유감
사진 확인 결과 제조상 결함은 확인되지 않았음
고객 불편을 고려하여 대체품 제공 예정 (MCF 진행)",임영신 June 글로벌CX전략팀,"Apr 7, 5:46 PM
확인 감사해요!
Apr 7, 5:46 PM"
김지우 Kevin 글로벌CX전략팀,https://spigenhelp.zendesk.com/agent/tickets/1000143647,"링크: https://spigenhelp.zendesk.com/agent/tickets/1000143647
국가 / 제품: UK / Waterproof Backpack
ASIN=B0DPY3XST4 / SKU=AMP07875
구매일자: 2025-07-24","1차: 어깨 스트랩에서 삐걱거리는 소음 발생 → 영상 및 사용 환경 요청
2차: 정상 사용 환경(통근/쇼핑)에서 발생한 소음으로 인한 본인의 ADHD증상 발현 강조 및 영상 첨부 → 검토 후 대응 필요","구매 
8개월 경과
(최근 2년) 총 주문 3개 / FBA 환불 0건 / 셀러 환불 0건 / 셀러 코드 발급 0건 → 충성 고객
첨부 영상 확인 시 스트랩 내부 마찰로 인한 소음 발생 가능성 존재 (위아래 움직임 시 반복 발생)
내부 기준(GCX_2024 CS PROCEDURE) 검토 결과, 사용 중 마찰/구조적 특성에 따른 현상으로 단정적 결함 판단은 어려움
타고객 유사 전례: 구조/사용 중 소음 및 기능 이슈는 결함 단정 없이 고객 불편 고려 보상 사례 다수 존재
※ 위 근거로 “제조상 결함 확인 불가, 고객 불편 고려 대체품 제공” 예정","제품 사용 중 불편을 겪으신 점 유감
사진 확인 결과 제조상 결함은 확인되지 않았음
확인 결과 제조상 결함은 발견되지 않았으나, 고객 불편을 고려 대체품 제공 예정 (MCF)",임영신 June 글로벌CX전략팀,"Apr 7, 5:48 PM
확인 감사합니다.
Apr 7, 5:48 PM"
김지우 Kevin 글로벌CX전략팀,https://spigenhelp.zendesk.com/agent/tickets/1000143791,"링크: https://spigenhelp.zendesk.com/agent/tickets/1000143791
국가 / 제품: IN / Galaxy S26 Liquid Air
ASIN=B0FXCJG9L9 / SKU=ACS11216
구매일자: 2026-03-10","1차: 케이스 1개월 내 늘어남 및 핏 불량 주장(사진 첨부) → 영상 요청
2차(현재): 영상 제출하며 워런티 클레임 요청","구매 약 1개월 경과
(최근 2년) 총 주문 9개 / FBA 환불 2건 / 셀러 환불 0건 / 셀러 코드 발급 0건
사진 및 영상 상 TPU 늘어남으로 인한 핏 불량 주장 확인되나, 사용 환경 영향 가능성 존재
GCX 기준상 TPU 변형은 사용 중 발생 가능 → 제조상 결함 단정 어려움
충성 고객 여부: 총 주문 9건 / 환불 2건 → 충성고객 해당
※ 위 근거로 “제조상 결함 확인 불가, 고객 불편 고려 환불” 예정","제품 사용 중 불편을 겪으신 점 유감
확인 결과 제조상 결함은 발견되지 않았으나, 고객 불편을 고려하여 환불로 도움
앞으로도 슈피겐 제품에 많은 관심 부탁",나아름 Jane 글로벌CX전략팀,"Apr 8, 10:00 AM
@
김지우 Kevin 글로벌CX전략팀
 네 프로님 작성하신대로 대응 부탁드립니다.
맥세이프가 부착된 이미지가 여러개면 오해할만하지만,, 확인해보니 이미지 1개만 그런거네요..!
Apr 8, 10:00 AM"
김지우 Kevin 글로벌CX전략팀,https://spigenhelp.zendesk.com/agent/tickets/1000143721,"링크: https://spigenhelp.zendesk.com/agent/tickets/1000143721
국가 / 제품: IN / iPhone 17 Pro Thin Fit Clear T MagFit
ASIN=B0FS1QDZVD / SKU=ACS10623
구매일자: 2025-11-02","1차: 케이스 장착 시 버튼 정렬 불량 및 볼륨 버튼 자동 눌림 현상 주장 → 영상 및 주문정보 요청
2차(현재): 영상 및 인보이스 제출, 버튼 오작동 재현 확인 → 워런티 클레임 요청","구매 약 5개월 경과
(최근 2년) 총 주문 1개 / FBA 환불 0건 / 셀러 환불 0건 / 셀러 코드 발급 0건
영상상 케이스 장착 시 볼륨 버튼이 지속적으로 눌리는 현상 확인되어 정상 사용 어려운 상태
제품 변형 또는 사용 환경 영향 가능성 있으나, 기능 간섭 수준으로 고객 사용 불편 명확
타고객 유사 클레임: #1000128309
https://spigenhelp.zendesk.com/agent/tickets/1000128309
  동일 버튼 눌림 이슈 인입 이력 존재 (미회신 케이스)
타고객 유사 리뷰: 리뷰
https://www.amazon.co.uk/-/en/gp/customer-reviews/R1Q7T9WATPUGD8/ref=cm_cr_arp_d_rvw_ttl?ie=UTF8
※ 위 근거로 “제조상 결함 확인 불가, 고객 불편 고려 환불” 예정","제품 사용 중 불편을 겪으신 점 유감
확인 결과 제조상 결함은 발견되지 않았으나, 고객 불편을 고려하여 환불로 도움",나아름 Jane 글로벌CX전략팀,"Apr 8, 10:22 AM
@
김지우 Kevin 글로벌CX전략팀
 프로님, 1년 10개월 사용 후, TPU분리되었으나 제조상 결함 주장하는 고객인 점 확인했습니다. 사진봐도 사용중 발생된 일반적인 마모로 보여지네요! 혹시 몰라 예외적 대체품 제공도 고려하여 MCF 재고 확인하였으나 재고 0건이라서, 작성하신대로 도움불가 유지 부탁드립니다.
Apr 8, 10:22 AM"
김지우 Kevin 글로벌CX전략팀,https://spigenhelp.zendesk.com/agent/tickets/1000142683,"링크: https://spigenhelp.zendesk.com/agent/tickets/1000142683
국가 / 제품: IN / Galaxy Z Fold 7 Tough Armor Pro MagFit
ASIN=B0F1B7GKC9 / SKU=ACS09550
구매일자: 2026-03-09","1차: 힌지 보호부 먼지 유입 주장 → 사진 요청 및 검토 후 사용 안내
2차: 힌지 느슨함으로 인한 먼지 유입 주장, 교체/환불 요청 → 외부 요인 안내 및 도움 불가
3차: 동일 이슈 반복 주장 (초기부터 느슨했다 주장) → 동일 안내 + 도움 불가 3차
4차: 환불 대신 교체 요청 → NRN 처리
5차(현재): “도움 없으면 고객 잃는다” 메시지 재인입","구매 약 20일 경과
(최근 2년) 총 주문 10개 / FBA 환불 5건 / 셀러 환불 1건 / 셀러 코드 발급 0건
핵심 쟁점
힌지 느슨함 및 먼지 유입을 제품 문제로 지속 주장
동일 제품으로 이전 환불 이력 존재 (#1000139753)
반복 클레임 + 환불 비율 과다 (6/10) → 블랙컨슈머 가능성 (IN)
내부 기준 검토 결과
사용 중 유입되는 먼지 및 힌지 유격은 사용 환경 및 외부 영향 범주
동일 사유 반복 인입 시 추가 지원 제한 및 NRN 적용 가능
타고객 유사 전례
힌지/구조 관련 외부 요인 판단 시 지속 도움 불가 및 NRN 유지 케이스 다수
※ 위 근거로 “외부 요인 판단 + 반복 클레임 → NRN 유지” 예정",NRN유지,나아름 Jane 글로벌CX전략팀,"Apr 8, 11:51 AM
@
김지우 Kevin 글로벌CX전략팀
 고객이 아마존 FBA CS에서 도움을 거절한 증빙내역 + 폐기사진 요청 등에 대해 모두 거부하고 있는것으로 확인했습니다.
작성하신 ""제품 상태를 확인할 수 없어 도움 불가한점 양해 바람""은 제외하고, 하기 안내로 전달 부탁드립니다.
1. 고객 상황 유감 표현
2. 케이스가 주문한 것과 다르고 흠집 등 파손된 부분은 FBA Grade & Resell을 담당하고 있는 아마존 CS를 통해 도움을 받으시는게 맞음
3. 아마존 CS를 통해 도움을 받으시거나, 반품을 진행하시길 권장드림
4. 많은 도움을 드리지 못하여 죄송 + 도움불가 유지
Apr 8, 11:51 AM"
김지우 Kevin 글로벌CX전략팀,https://spigenhelp.zendesk.com/agent/tickets/1000143872,"링크: https://spigenhelp.zendesk.com/agent/tickets/1000143872
국가 / 제품: JP / iPad Pro 11 (25) SP_Glas.tR
 EZ Fit Slim
ASIN=B0CWSHG5D8 / SKU=AGL07788
구매일자: 2026-04-10",1차(현재): 글라스 부착 후 특정 부위 버블 지속 발생 → 환불/반품 가능 여부 문의,"구매 약 3일 경과
(최근 2년) 총 주문 19개 / FBA 환불 6건 / 셀러 환불 3건 / 셀러 코드 발급 0건
설치 과정에서 발생한 버블 현상으로 판단되며 제품 자체 이슈로 단정 어려움
동일/유사 사유로 반복 환불 이력 존재
과거 동일 제품 포함 예외적 환불 제공 이력 확인됨
내부 기준(GCX_2024 CS PROCEDURE) 검토 결과
    부착형 글라스의 버블은 설치 방식 및 환경 영향으로 발생 가능
    고객 부주의로 발생한 설치 이슈는 CS 보상 대상 아님
동일 사유 반복 및 기존 환불 이력 존재 시 추가 지원 제한
타고객 유사 전례
총 주문 19건 / 환불 9건(0.33 이상) → 충성 고객 아님
※ 위 근거로 “설치 부주의로 인한 버블 → 추가 보상 불가” 예정","고객 상황에 대한 유감 표현
사용환경 및 외부 영향에 따른 변형은 워런티 대상이 아님
도움 불가한 점 양해 부탁 (+ 관리대상 지정)",임영신 June 글로벌CX전략팀,"Apr 8, 12:28 PM
확인 감사합니다.
Apr 8, 12:28 PM"
"2 unread,",https://spigenhelp.zendesk.com/agent/tickets/1000143917,"https://spigenhelp.zendesk.com/agent/tickets/1000143917
국가 / 제품: ES / Spigen Funda para iPhone 17 Pro MAX, Ultra Hybrid MagFit Compatible con MagSafe [Tecnología Dura Clear] - Blanco Claro
ASIN: B0FD1TT96X
구매일자: 2025-10-08","케이스 사용 후, 몇개월만에 빠르게 황변되어 교체 또는 환불 요청","(최근 2년) 총 주문 제품 7개 / FBA 환불 제품 0개 / 셀러 환불 2건 / MCF 발송 0건
현재 재고 있음 (1270 fulfillable)","고객 불편 유감
사용 환경에 따른 오염 또는 이염은 워런티 대상 아님+사진 상에서 제조상의 결함 파악되지 않음+그러나 고객 불편 고려하여 예외적으로 대체품 제공해드리고자 함+ 동의시 정보 요청
또한, 기존 제품 재사용에 따른 불편을 방지하기 위하여 제품 폐기 요청 드림+폐기는 제품 절단 뿐 아니라, 마커 등으로 케이스 등에 X 자 표시로도 가능 안내",TCT log Report,"Apr 8, 5:30 PM
TCT Chat Log_GCX 마감보고
날짜: 2026-04-08
• Lazada log: 0 건
• Shopee log: 1 건
시트 링크
Lazada log
Shopee log
Apr 8, 5:30 PM"
임영신 June 글로벌CX전략팀,https://spigenhelp.zendesk.com/agent/tickets/1000143890,"https://spigenhelp.zendesk.com/agent/tickets/1000143890
국가 / 제품: UK / Spigen Nano Pop MagFit Case for iPhone 17 Pro Max, MagSafe Compatible Phone Cover [Military-Grade Drop Protection] - Blueberry Navy
ASIN: B0FD1R5BJ3
구매일자: 2026-04-09","1차: Nano Pop MagFit 2개를 수령 후, 다음날 사용하자마자 MagSafe 스탠드의 링 자국이 케이스에 남았음.
케이스는 마음에 들지만 이 자국 때문에 계속 신경 쓰일 것 같은데 원래 이런 것인지,  Black Sesame 색상도 동일한 현상이 있는지 문의
-> MagSafe Stand의 브랜드와 모델 문의, 사진 및 바코드 요청 
2차: Black Sesame 버전도 동일하게 MagSafe 링을 붙였다 떼어 내면 바로 링 자국이 남음. 리뷰 확인 시, 이런 현상이 흔한 것 같으며, 닦으면 지워지긴 하지만 시간이 지나면 자국이 더 심해질 것 같음.
두 케이스 모두 아마존에 반품하려고 포장해 둔 상태이지만, 원한다면 사진 보낼 의향 있음. 케이스 자체는 마음에 들어, 1개는 사용할까 고민중이며 귀사의 의견을 듣고 싶었음.","(최근 2년) 총 주문 제품 5개 / FBA 환불 제품 0개 / 셀러 환불 0건 / MCF 발송 0건 (충성 고객)
참고 티켓)
#1000143664 (IT) Galaxy S25 Ultra용 Nano Pop MagFit 케이스의 마그넷 링이 있는 후면에 자국이 생겼음. 가끔 사용한 유일한 MagSafe 악세서리는 Spigen 링임. Negative Review를 남기기 전에 해결 가능한지 문의함.
-> MCF 발송
#1000138095 (IT) Galaxy S25 Ultra용 Nano Pop MagFit 케이스를 사용한 지 한 달 만에 맥세이프 링 주변에 자국이 발생했고 제거되지 않음. 고가의 케이스인데 보기에 너무 흉함.
-> 제품의 두께를 최대한 얇게 만들고 MagSafe와 호환이 가능하게끔 제작하다 보니, 단차로 인한 자석이 빛의 각도에 따라 보일 수도 있음 + 고객 불편을 고려하여 예외적으로 대체품 발송 예정 (MCF 처리)
#1000055880 (IN) iPhone 15 Pro용 Nano Pop Mag 케이스를 맥세이프 보조배터리와 사용했는데 제거되지 않는 원형 자국이 발생함
-> 제품의 두께를 최대한 얇게 만들고 MagSafe와 호환이 가능하게끔 제작하다 보니, 단차로 인한 자석이 빛의 각도에 따라 보일 수도 있음 + 100% 환불","고객 불편 유감
제품의 두께를 최대한 얇게 만들고 MagSafe와 호환이 가능하게끔 제작하다 보니, 단차로 인한 자석이 빛의 각도에 따라 나타날 수 있음. 아울러 함께 사용하는 MagSafe 악세사리에 따라 케이스 후면에 자국이 남을 수 있음
고객 의견 유관 부서 전달+사진이 없어 클레임 현상의 정확한 파악 어려우나, 고객 불편 고려하여 Blueberry Navy 색상 1개에 대해 환불로 도움드리고자 함
Apr 13, 11:51 AM",,
김지우 Kevin 글로벌CX전략팀,https://spigenhelp.zendesk.com/agent/tickets/1000143929,"링크: https://spigenhelp.zendesk.com/agent/tickets/1000143929
국가 / 제품: IN / Galaxy S26 Ultra Air Skin Aramid MagFit
ASIN=B0FVB22GHK / SKU=ACS11029
구매일자: 2026-03-12","1차: 아라미드 섬유 코팅 벗겨짐 주장(사진 첨부) → 추가 사진 및 바코드 요청
2차(현재): 추가 각도 사진 및 바코드 제출 → 교체 요청 유지","구매 약 1개월 경과
(최근 2년) 총 주문 2개 / FBA 환불 0건 / 셀러 환불 0건 / 셀러 코드 발급 0건
사진상 모서리 코팅 벗겨짐 확인되며, 외부 마찰/충격에 의한 손상 형태로 판단됨
GCX 기준상 사용 중 발생한 외부 영향에 의한 손상은 워런티 대상 아님
MCF제공 전례(#1000143509) 대비 동일 제품이나, 본 건은 외부 충격 기인으로 판단되어 보상 제외 타당
충성 고객 아님 (총 주문 2건)
※ 위 근거로 “사용 중 외부 영향에 의한 손상으로 도움 불가” 예정","제품 사용 중 불편을 겪으신 점 유감
사진 확인 결과, 사용환경 및 외부 영향에 의한 파손으로 사료되며 제조상 결함은 확인되지 않음
도움 불가한 점 양해 부탁",나아름 Jane 글로벌CX전략팀,"Apr 8, 5:35 PM
@
김지우 Kevin 글로벌CX전략팀
 프로님, 환불 말고 mcf로 예외적 도움 안내 부탁드립니다. (재고: 42건)
Apr 8, 5:35 PM"
임영신 June 글로벌CX전략팀,https://spigenhelp.zendesk.com/agent/tickets/1000141841,"https://spigenhelp.zendesk.com/agent/tickets/1000141841
국가 / 제품: FR / Spigen Essential CryoMax MagFit Qi2 15W Chargeur MagSafe Voiture pour Grille d'Aération [Câble inclus] Chargeur Voiture sans Fil avec Refroidissement, éclairage LED, Compatible avec iPhone 17 16 15 14
ASIN: B0FCXW7FW5
구매일자: 2025-12-13","1차: EV15MAA 차량용 충전 거치대가 이틀 동안 충전되지 않고 있음.
USB C 케이블을 연결하여 사용했고, LED 불은 몇 초 동안 한 두 번 깜빡거리다가 작동을 멈춤. 다른 케이블과 충전기로도 시도해 봤으나 소용 없었음.
-> 동영상 + 함께 사용한 휴대폰과 케이블의 모델명 회신 요청
2차: JBL 스피커의 충전 케이블을 사용하며, Galaxy S25 Ultra와 슈피겐 맥세이프 케이스를 충전함.
집에서 사용하는 삼성 SC 변환기를 사용해 봤는데 동영상처럼 동일한 현상이 나타남.","다른 구매 내역 확인되지 않음
현재 재고 있음 (70 fulfillable)","고객 불편 유감
불편 사항 유관 부서 전달+고객 불편 고려하여 대체품 제공 도움 드리고자 함 + 동의시 정보 요청
Apr 13, 12:28 PM",,
김지우 Kevin 글로벌CX전략팀,https://spigenhelp.zendesk.com/agent/tickets/1000143948,"링크: https://spigenhelp.zendesk.com/agent/tickets/1000143948
국가 / 제품: IN / iPhone 13 Ultra Hybrid
ASIN=B096HKQK9W / SKU=ACS03522
구매일자: 2025-09-25","1차: 케이스 황변 발생 주장 및 환불 요청(사진 첨부) → 사용환경 영향 가능성 안내 및 도움불가
2차(현재): 보증 내 변색 보장 주장 + Consumer Court 언급하며 환불 재요청","구매 약 6개월 20일 경과
(최근 2년) 총 주문 2개 / FBA 환불 1건 / 셀러 환불 1건 / 셀러 코드 발급 0건
사진상 황변 확인되나, 투명 케이스 특성상 사용환경 및 외부 요인(자외선, 오염 등)에 따른 변색으로 판단
동일 제품 황변 사유로 과거 환불 이력 존재(#1000092189) → 반복 클레임 케이스
인도 황변 프로시저상 기존 환불 이력 고객은 워런티 6개월 제한 적용 → 현재 기간 초과
상이한 이메일로 재인입 + ABM 동시 인입 확인 → 클레임 지속성 및 관리 필요
Consumer Court 언급 등 강성 클레임
※ 위 근거로 “사용환경 및 외부 요인에 의한 변색으로 도움 불가” 예정","고객 상황에 대해 유감스럽게 생각
황변 및 사용 중 손상은 외부 요인으로 제조상 결함이 아님
워런티 도움 불가함",나아름 Jane 글로벌CX전략팀,"Apr 8, 5:42 PM
@
김지우 Kevin 글로벌CX전략팀
 프로님, 이 제품에 원래 케이블이 같이 동봉되서 판매되는건가요?
Apr 8, 5:42 PM"
임영신 June 글로벌CX전략팀,https://spigenhelp.zendesk.com/agent/tickets/1000142910,"링크: https://spigenhelp.zendesk.com/agent/tickets/1000142910
국가 / 제품: IT / Galaxy Watch 8 (40mm) Liquid Air
ASIN=B0F974R3XR / SKU=ACS09840
구매일자: 2026-03-31","1차: 오배송 및 스크래치 제품 수령 주장 → FBA Grade&Resell 안내 및 Amazon CS 문의 유도 (4/1인입)
2차: Amazon 도움 불가 주장, 환불/재발송 요청 → 동일 안내 반복
3차: 사진 일부 제출, 추가 증빙 요청 → 바코드/CS 캡처 요청
4차: 추가 자료 제출 거부 → 검증 불가로 진행 불가 안내
5차: 이후 일부 사진 추가 제출 → 폐기사진 조건 환불 제안
6차: 제품 폐기 주장 및 추가 증빙 불가 → 환불 또는 재발송 재요청
7~14차: NRN 이후 계속 답변 종용
15차: 이틀 더 기다린 후 답변 없을 시, 배드리뷰 예고","구매 7일 경과
(최근 2년) 총 주문 1개 / FBA 환불 0건 / 셀러 환불 0건 / 셀러 코드 발급 0건","NRN
Apr 13, 2:18 PM",,
임영신 June 글로벌CX전략팀,https://spigenhelp.zendesk.com/agent/tickets/1000143763,"https://spigenhelp.zendesk.com/agent/tickets/1000143763
국가 / 제품: FR / Spigen Liquid Air Folio Coque Compatible avec iPad Pro 11 Pouces M5/M4 (2025-2024) Étui léger et Fin avec Fonction Sommeil/réveil Automatique Amical avec Le Stylo - Noir
ASIN: B0F16C514W
구매일자: 2026-01-21
제조사: JEWELIVES(중국)","1차: iPad Pro 11"" (2025/2024)용 Liquid Air Folio 구매 건. 아이패드를 세워서 기울어진 상태로 자주 사용하고 있는데, 케이스가 변형되어 커버가 다시 평평하게 펴지지 않고 가운데가 둥글게 휘어져 있음. 그 때문에 이제 제대로 닫히지도 않음. 아직 사용한 지 오래되지 않았는데 이런 문제가 발생해서 매우 실망스러움. 해결 방법을 요청드림. (사진 첨부)
-> 평소에 케이스 사용하는 모습 사진 + 파손 경위 문의
2차: 평소에 케이스 사용하는 모습 사진 첨부함.
-> 접는 방법 안내 + 문제 지속 시 영상 요청
3차: 제품이 변형되어 원래 형태로 복구 불가함.
기존 사용 경험 있으며, 사용 방법이 문제가 아님. 제품 품질 불만에 따라 환불 요청.",(최근 2년) 총 주문 제품 1개 / FBA 환불 제품 0개 / 셀러 환불 0건 / MCF 발송 0건,"고객 불편 유감
소중한 의견 감사+사항 유관 부서 전달+고객 불편 고려하여 예외적으로 환불 도움 드리고자 함
Apr 13, 2:45 PM",,
"2 unread,",https://spigenhelp.zendesk.com/agent/tickets/1000143873,"https://spigenhelp.zendesk.com/agent/tickets/1000143873
국가 / 제품: UK / Spigen Glas.tR
 EZ Fit Tempered Glass Screen Protector for Garmin Fēnix 8 47mm, 2 Pack, Installation Kit Included, 9H Durability, Crystal Clear
ASIN: B0DP5RPSTY
구매일자: 2026-01-12","1차: Garmin fēnix 8 (47mm) 용 EZ Fit Slim 글라스 두 장이 예전에 떨어져 나갔고, 현재 또 다른 장(교체품으로 보임)이 깨짐. 품질이 형편 없으며 이전에는 이런 문제가 없었음 (사진 첨부)
-> 교체품에 대해 도움 불가
2차: Consumer Rights Act 2015 기준상 만족할 만한 품질이 아니며 목적에 적합하지 않음. 2개월 이내 이슈가 발생하여, 제공받은 교체품 사용중 동일한 이슈 발생. 구매 후 6개월 이내 발생한 문제로 공급 시점부터 존재한 결함으로 간주되며, 이에 따라 무상 수리 또는 교체 권리가 있음. 다만 이미 교체품도 불량이므로 전액 환불 요청함.
미흡한 대응 시 Trading Standards (영국 소비자 보호 기관에 신고)로 문제 제기 예정임.","(최근 2년) 총 주문 제품 2개 / FBA 환불 제품 0개 / 셀러 환불 0건 / MCF 발송 1건
이전 티켓) #1000139119 3월 3일에 부착벗겨짐 (B0DP5RPSTY) 이슈로 MFC 발송함","고객 불편 유감
고객 의견 유관 부서 전달+제공해드린 무상 대체품에는 워런티가 따로 없음 안내 + 그러나 고객 불편 고려하여 예외적으로 원 주문 202-9337609-9789936에 대한 환불 도움 드리고자 함",나아름 Jane 글로벌CX전략팀,"Apr 10, 9:51 AM
@
김지우 Kevin 글로벌CX전략팀
 넵 프로님, 내용 확인했습니다. MCF 한번 더 처리 부탁드립니다.
Apr 10, 9:51 AM"
"2 unread,",https://spigenhelp.zendesk.com/agent/tickets/1000143966,"https://spigenhelp.zendesk.com/agent/tickets/1000143966
국가 / 제품: FR / Spigen Glas.tR
 EZ Fit Optik Pro Protection Camera pour Galaxy S26 Ultra, Noir, 2 Pièces, Protection Individuelle, Kit d'installation Inclus
ASIN: B0G7STMFKY
구매일자: 2026-04-08",1차:  메인 카메라 3개 렌즈 글라스는 정상적으로 부착됨. 작은 렌즈 2개용 글라스는 설치 트레이에서 분리되지 않음. 안내된 방법대로 여러 번 시도했으나 문제 지속. 분리 방법 안내 요청 (바코드 및 분리되지 않은 작은 렌즈용 글라스 2개 사진 첨부),(최근 2년) 총 주문 제품 3개 / FBA 환불 제품 0개 / 셀러 환불 0건 / MCF 발송 0건 -> 충성 고객,"고객 불편 유감
고객 의견 유관 부서 전달+고객 불편 고려하여 예외적으로 대체품 제공 도움 드리고자 함+동의시 정보 요청",Spigen_SDA Series _CustomerReviews (★1~3) (2025~2026),"Edited on Jun 4, 2026 by choohyun cho
Summarize this file
Apr 10, 5:30 PM"
김지우 Kevin 글로벌CX전략팀,https://spigenhelp.zendesk.com/agent/tickets/1000141680,"링크: https://spigenhelp.zendesk.com/agent/tickets/1000141680
국가 / 제품: IT / iPhone 16 Pro SP_Glas.tR
 EZ Fit Slim
ASIN=B0D84YX465 / SKU=AGL07928
구매일자: 2025-12-20","1차: 글라스 측면 들뜸 및 기포 발생(사진 첨부), 환불 아닌 교체 요청 → 과거 동일 주문 환불 완료 안내
2차: 반품 여부 혼동 문의 → 기존 환불 이력 재안내
3차: 주문번호 정정 후 재접수, 동일 증상으로 재요청 → 검토 후 최종 대응 필요
4차: 두번째 장까지 부착했는데 버블이 생기는건 말이 안된다고 주장","구매 약 3개월 경과
(최근 2년) 총 주문 4개 / FBA 환불 0건 / 셀러 환불 2건 / 셀러 코드 발급 0건
동일 제품 동일 이슈(측면 들뜸)로 과거 100% 환불 이력 존재 (#1000086341)
추가로 황변 이슈 등으로 환불 및 MCF 제공 이력 확인 → 반복 보상 요청 패턴
상이 이메일 및 계정 2개 사용 정황 확인
사진상 초기 부착 불량 또는 사용 환경 영향 가능성 존재, 제조상 결함 단정 어려움
타고객 유사 전례: 동일 케이스 반복 클레임 시 도움불가 유지 사례 다수
※ 위 근거로 “제조상 결함 확인 불가 및 반복 보상 이력으로 도움 불가” 예정","고객 상황에 대한 유감 표현
설치 과정에서 부착 실패로 발생한 측면 들뜸 혹은 버블 현상은 워런티 대상이 아님
워런티 도움 불가 안내",나아름 Jane 글로벌CX전략팀,"Mar 25, 5:37 PM
@
김지우 Kevin 글로벌CX전략팀
 프로님 아까 전달주셨던 셀러환불 이력 2건, MCF 이력 1건 - 어뷰징 고객이네요~
도움불가 2차 안내 부탁드립니다.
Mar 25, 5:37 PM"
김지우 Kevin 글로벌CX전략팀,https://spigenhelp.zendesk.com/agent/tickets/1000142071,"링크: https://spigenhelp.zendesk.com/agent/tickets/1000142071
국가 / 제품: IT / Apple Watch Ultra (49mm) Glas.tR
 EZ Fit Slim
ASIN=B0BCXFZVH8 / SKU=AGL05556
구매일자: 2026-02-12","1차: 글라스 부착 직후 버블 발생 → 정상 부착 가이드 안내 및 확인 요청
2차: 두 번째 글라스 외부 충격 없이 균열 발생 주장 → 제품 상태 및 사진 요청
3차(현재): 접착 불량 및 제품 문제 주장하며 교체 요청 → 증빙 없이 재요청 상태","구매 약 1개월 경과
(최근 2년) 총 주문 8개 / FBA 환불 7건 / 셀러 환불 0건 / 셀러 코드 발급 0건
사진/영상 미첨부 상태로 제품 이상 여부 확인 불가
동일 주문건 및 유사 사유 반복 인입 이력 존재 (#1000092263, #1000140466)
과거 요청 건 모두 사진 요청 후 미회신 → Amazon 환불 처리 패턴 확인
환불 비율 과도 (7/8건)로 비정상 소비 패턴 → 관리 필요 고객
※ 위 근거로 “증빙 부족 + 반복 환불 패턴 고객 → 도움 불가” 예정","제품 사용 불편 유감
설치 과정에서 발생한 버블 및 사용으로 인한 제품 파손은 워런티 대상이 아님
도움 불가 1차 안내
Replacement request – Glas.tR EZ Fit Apple Watch Ultra 49mm defective installation and unexpected crack
#1000142071
Hello Spigen Support,
I purchased the Glas.tR EZ Fit screen protector for Apple Watch Ultra 49mm (2-pack) from Amazon Italy (sold by Spigen EU).
Unfortunately, both screen protectors had issues dur...
Status         pending
Priority        high
View
Update
Comment
By 
Zendesk
App
Remove preview",나아름 Jane 글로벌CX전략팀,"Mar 26, 9:34 AM
@
김지우 Kevin 글로벌CX전략팀
 네 프로님, 관리 필요 고객인점 확인했습니다. 도움불가 안내 부탁드립니다!
Mar 26, 9:34 AM"
임영신 June 글로벌CX전략팀,https://spigenhelp.zendesk.com/agent/tickets/1000142081,"https://spigenhelp.zendesk.com/agent/tickets/1000142081
국가 / 제품: IN /     
Spigen Ultra Hybrid MagFit Back Cover Case Compatible with iPhone 17 Pro (TPU + Poly Carbonate | Frost White
ASIN: B0FD26S2FP
구매일자: 2025-11-27","황변되어 보증 요청 (사진 첨부) 
이전 티켓)
#1000128666 iPhone 17 Pro용 UH MagFit 케이스 (동일 케이스) 황변으로 폐기 사진 확인 후 100% 환불
#1000079748 - Galaxy S23 FE용 케이스가 한달 만에 황변 됨 -> fwd using side conversations (Flipkart)",(최근 2년) 총 주문 제품 3개 / FBA 환불 제품 0개 / 셀러 환불 1건 / MCF 발송 0건,"고객 불편 유감
투명 케이스의 오염 및 변색 정도는 사용 기간, 환경 조건, 사용 패턴 등의 요인에 따라 상이함 + 이전에도 예외적으로 도움 드린 이력 확인됨+예외적 도움 지속 불가 
도움 불가 1차",나아름 Jane 글로벌CX전략팀,"Mar 26, 10:30 AM
@
임영신 June 글로벌CX전략팀
 프로님, 이전에도 동일사유로 환불도움드린 이력확인했습니다. 작성해주신대로 도움불가 안내 부탁드립니다!
Mar 26, 10:30 AM"
"2 unread,",https://spigenhelp.zendesk.com/agent/tickets/1000141875,"https://spigenhelp.zendesk.com/agent/tickets/1000141875
국가 / 제품: SG / Spigen Compatible with Samsung Galaxy S26 Ultra Case Nano Pop MagFit - Black Sesame
ASIN: B0FVB569XJ
구매일자: 2026-03-02","1차: Galaxy S26 Ultra용 Nano Pop MagFit을 구매했으나 핏이 맞지 않음. 하단이 헐거워 다른 면과 달리 화면을 완전히 덮지 못함. 교환이 가능한지 문의드림. (사진 첨부)
-> 케이스 전체 사진 요청 (+슈피겐 로고)
2차: 사진 첨부",(최근 2년) 총 주문 제품 4개 / FBA 환불 제품 0개 / 셀러 환불 0건 / MCF 발송 0건 (충성고객),"고객 불편 유감
고객 의경 유관 부서 전달 완료+불편 고려하여 환불 도움 드리고자 함
앞으로도 슈피겐 제품에 대한 지속적인 관심과 사용 부탁 드림",나아름 Jane 글로벌CX전략팀,"Mar 26, 10:55 AM
@
임영신 June 글로벌CX전략팀
 넴 프로님 확인했습니다. 작성하신대로 대응 부탁드립니다!
Mar 26, 10:55 AM"
김지우 Kevin 글로벌CX전략팀,https://spigenhelp.zendesk.com/agent/tickets/1000142009,"링크: https://spigenhelp.zendesk.com/agent/tickets/1000142009
국가 / 제품: UK / iPhone 15 Pro Max Ultra Hybrid MagFit
ASIN=B0C5S75FY3 / SKU=ACS06577
구매일자: 2025-02-08","1차: 케이스 측면 황변 발생 주장 → 사용 환경 및 경과 기간 고려 시 도움불가 안내
2차: 응대 불만 및 브랜드 비난 → 동일 기준으로 도움불가 재안내
3차(현재): Anti-yellowing 허위 주장 및 리뷰 작성 언급, 강한 불만 표출 → 추가 보상 요구","구매 13개월 경과
(최근 2년) 총 주문 1개 / FBA 환불 0건 / 셀러 환불 0건 / 셀러 코드 발급 0건
사진/영상 없이 황변 주장만 반복, 실물 검증 불가
사용 기간(1년 이상) 및 제품 특성상 변색은 외부 요인 영향 가능성 높음
강성 클레임(리뷰 작성, 브랜드 비난) 예고
타고객 유사 전례: (황변 장기 사용 케이스 → 도움불가 동일 대응)
※ 위 근거로 “제조상 결함 확인 불가, 고객 불편 고려 불가 → 도움불가(NRN)” 예정","NRN
Product details enquiry from Amazon customer mark (Order: 203-6752220-4961152)
#1000142009
Order ID: 203-6752220-4961152:
#: 1
ASIN: B0C5S75FY3
Product Name: Spigen Ultra Hybrid MagFit Case for iPhone 15 Pro Max, Compatible with MagSafe Accessories - Graphite
Message:
Hello there this ca...
Status         pending
Priority        normal
View
Update
Comment
By 
Zendesk
App
Remove preview",나아름 Jane 글로벌CX전략팀,"Mar 26, 11:55 AM
@
김지우 Kevin 글로벌CX전략팀
 프로님, 도움불가 2차 안내 후, 아마존 신고 및 배드리뷰 작성 언급으로 인입된 이력 확인했습니다. NRN 처리 부탁드립니다.
Mar 26, 11:55 AM"
김지우 Kevin 글로벌CX전략팀,https://spigenhelp.zendesk.com/agent/tickets/1000142121,"링크: https://spigenhelp.zendesk.com/agent/tickets/1000142121
국가 / 제품: DE / Galaxy S24 Ultra Glas.tR
 EZ Fit Slim
ASIN=B0CP32NCGL / SKU=AGL07493
구매일자: 2024-11-03",1차(현재): 글라스 제거 불가로 인해 칼(스칼펠) 사용 중 디스플레이 손상 및 손가락 부상 주장 → 기기 및 디스플레이 보상 요구,"구매 약 1년 4개월 경과
(최근 2년) 총 주문 7개 / FBA 환불 0건 / 셀러 환불 0건 / 셀러 코드 발급 0건 → 충성 고객
EZ Fit 글라스 제거 불가 주장이나, 제품 특성상 손으로 제거 가능하도록 설계됨
칼(스칼펠) 사용으로 디스플레이 손상 발생 → 외부 물리적 요인 개입 명확
기기 손상 및 신체 상해(손가락 베임)까지 주장하며 보상 요구 (클레임 강도 높음)
첨부 사진 존재하나, 제거 과정에서의 사용자 개입(도구 사용) 추측됨
타고객 유사 전례: (기기 손상 → 제품 인과 불명 시 기기 보상 불가 동일 대응)
충성 고객이나, 기기 손상에 대한 직접 인과 입증 어려움
※ 위 근거로 “제조상 결함 확인 불가, 외부 요인 개입 → 기기 보상 불가 / 사용 가이드 안내” 예정","고객 상황에 대한 유감 표현
당사 보증은 제품에 한해 적용되며, 기기 손상에 대한 직접적 책임 입증이 어려워 보상은 불가한 점 양해 바람
사진 확인 결과 제조상 결함 확인 불가하여 도움불가 안내",나아름 Jane 글로벌CX전략팀,"Mar 26, 11:59 AM
@
김지우 Kevin 글로벌CX전략팀
 프로님 작성하신대로 처리 하되, 재인입될 가능성이 높아보입니다.
고객이 남은 잔여물 제거방법에 대해서도 문의했는데,
혹시 재인입되면 영업팀 담당자한테 전달하여 글라스 제거 방법에 대해 별도 문의해보셔도 좋을 것 같습니다.
Mar 26, 11:59 AM"
임영신 June 글로벌CX전략팀,https://spigenhelp.zendesk.com/agent/tickets/1000141802,"https://spigenhelp.zendesk.com/agent/tickets/1000141802
국가 / 제품: IN / Spigen Ultra Hybrid MagFit Back Cover Case Compatible with iPhone 15/14/13 (TPU + Poly Carbonate | Black)
ASIN: B0C5S7TWPB
구매일자: 2026-02-22","1차: iPhone 15용 UH MagFit 케이스를 26년 2월 22일 아마존에서 구매했음. 지난 8년간 모든 기기에서 슈피겐 케이스를 사용해 온 충성 고객이며 보호력과 품질에 만족해왔으나, 이번 제품은 사용 한 달 만에 분리되어 실망스러움. 최근 케이스 내부 먼지 청소를 위해 케이스를 탈착하면서 MagFit 링이 홈에서 빠져 분실됨. 전반적으로 품질이 부족하거나 불량 또는 가품으로 의심됨. 확인을 위해 기존 패키지 보유 중이며 케이스 사진과 인보이스 첨부함. 보증에 따른 교체 또는 동급 대체 제품 제공을 요청함. 아마존에 문의했으나 보증 처리를 위해 해당 메일로 연락하라는 안내를 받았음.
-> 슈피겐 로고가 보이는 사진 요청
2차: (사진 첨부)
-> 첨부 사진 검토 결과 정품 케이스가 아닐 가능성이 높음 + 배송 이슈 발생 경위를 파악하기 위해 제품 박스 후면 바코드 사진 전달 요청
3차: (바코드 사진 첨부하여 재인입)
-> 가품 배송으로 의심 + 아마존 FBA 안내
4차: (가품 배송으로 의심 + 아마존 FBA 안내) 후 아마존 고객센터에서는 Spigen India로부터의 Denial letter를 요구했고 반품 기간이 종료되었기 때문에 판매자에게 직접 연락하라고 했음
-> FBA CS 배송 이슈 2차 안내(교환/환불 안내)
5차: (Amazon으로부터 받은 답변을 첨부)
반품 기간이 종료되어 슈피겐 측으로 문의하라는 안내를 받음. Spigen India와 Amazon 사이에서 책임이 전가되고 있다고 느낌.
본인 과실이 아님에도 불편을 겪고 있음","(최근 2년) 총 주문 제품 7개 / FBA 환불 제품 0개 / 셀러 환불 0건 / MCF 발송 0건 -> 충성 고객
동일 문의 티켓) #1000142052 (ABM)","고객 불편 유감
중고품 배송 관련 이슈는 모두 아마존 FBA 담당이므로 아마존 CS를 통하여 도움 받으시는 것이 원칙임+아마존 india 에서 책임을 전가한 내용 파악 어려움 
그러나 고객 불편을 고려하여 예외적으로 환불 도움 드리고자 함",나아름 Jane 글로벌CX전략팀,"Mar 26, 3:25 PM
@
임영신 June 글로벌CX전략팀
 네 프로님, 충성고객인 점 확인했습니다. 작성해주신대로 대응 부탁드립니다!
Mar 26, 3:25 PM"
임영신 June 글로벌CX전략팀,https://spigenhelp.zendesk.com/agent/tickets/1000142253,"https://spigenhelp.zendesk.com/agent/tickets/1000142253
국가 / 제품: IN /     
Spigen Ultra Hybrid Back Cover Case Compatible with iPhone 17 (TPU + Poly Carbonate | Crystal Clear)
ASIN: B0FD2CC4QZ
구매일자: 2026-01-01","정상적인 사용 기간 중에 황변됨. 투명 케이스의 황변 가능성은 이해하지만 황변 속도가 너무 빠름. 정상적인 환경에서 사용했으며, 특별한 외부 요인에 노출되지 않음.","(최근 2년) 총 주문 제품 6개 / FBA 환불 제품 0개 / 셀러 환불 2건 / MCF 발송 0건
이전 환불 티켓
#1000113782 iPhone 12용 CYRILL Leather Brick TPU 분리 -> 환불 100% 
#1000132742 iPhone 17용 UH 황변 -> 폐기 사진 확인 후 환불 100%","고객 불편 유감
투명 케이스의 오염 및 변색 정도는 사용 기간, 환경 조건, 사용 패턴 등의 요인에 따라 상이함 + 첨부사진에서 제조상의 결함 파악 어려움 + 이전에도 예외적으로 도움 드린 이력 확인됨(도움 불가 1차 안내)
Mar 27, 11:42 AM",,
임영신 June 글로벌CX전략팀,https://spigenhelp.zendesk.com/agent/tickets/1000142081,"https://spigenhelp.zendesk.com/agent/tickets/1000142081
국가 / 제품: IN /     
Spigen Ultra Hybrid MagFit Back Cover Case Compatible with iPhone 17 Pro (TPU + Poly Carbonate | Frost White
ASIN: B0FD26S2FP
구매일자: 2025-11-27","1차: 황변되어 보증 요청 (사진 첨부) 
-> 투명 케이스의 오염 및 변색 정도는 사용 기간, 환경 조건, 사용 패턴 등의 요인에 따라 상이함 + 이전에도 예외적으로 도움 드린 이력 확인됨+예외적 도움 지속 불가 (1차)
이전 티켓)
#1000128666 iPhone 17 Pro용 UH MagFit 케이스 (동일 케이스) 황변으로 폐기 사진 확인 후 100% 환불
#1000079748 - Galaxy S23 FE용 케이스가 한달 만에 황변 됨 -> fwd using side conversations (Flipkart)",(최근 2년) 총 주문 제품 3개 / FBA 환불 제품 0개 / 셀러 환불 1건 / MCF 발송 0건,"고객 불편 유감
투명 케이스의 오염 및 변색 정도는 사용 기간, 환경 조건, 사용 패턴 등의 요인에 따라 상이함 + 이전에도 예외적으로 도움 드린 이력 확인됨+예외적 도움 지속 불가 (2차)
Mar 27, 11:46 AM",,
임영신 June 글로벌CX전략팀,https://spigenhelp.zendesk.com/agent/tickets/1000142207,"https://spigenhelp.zendesk.com/agent/tickets/1000142207
국가 / 제품: IN / Spigen Ultra Hybrid MagFit Back Cover Case Compatible with iPhone 17 (TPU + Poly Carbonate | Clear White)
ASIN: B0FD2K58MF
구매일자: 2026-01-22","1차: 약 2개월 만에 황변되어 품질 문제로 판단됨. ‘황변 방지’로 광고된 것과 달리 실제 성능이 이를 충족하지 못하고, 가격 대비 내구성도 기대에 미치지 못함. 또한, 아마존에서 동일 사례가 다수 존재함. 환불 또는 Frost Back 색상으로 교체 희망하며, 일정 기간 내 해결되지 않을 경우 추가 조치를 취할 수 있음 (로고포함 사진/영상 첨부)
-> 폐기사진 1차 요청 (이후 환불)
2차: 제품 폐기 요청에 대한 강한 불만 표출. 황변은 사용자 과실이 아닌 제품 결함이라고 주장. 황변 방지(anti-yellowing) 광고 내용을 근거로 보증 책임을 요구함. 해당 건은 단순 반품이 아닌 품질/불량 문제라고 강조함.
제품 파손 없이 Frost Back 색상으로 교환 요청. 미해결 시 Amazon A-to-Z 보증, 소비자 보호법, 리뷰 등을 통한 문제 제기 의사 표명.",(최근 2년) 총 주문 제품 2개 / FBA 환불 제품 0개 / 셀러 환불 0건 / MCF 발송 0건,"고객 불편 유감
황변의 경우, 고객 사용 습관, 환경, 외부 요인 등에 의해 발생 가능하여 제조상 결함이 아님 안내
제품 재사용으로 인한 고객 불편함을 없애기 위함 또한 제품을 반품하지 않고 즉시 환불로 도움 드리기 위한 내부 규정임 + 제품에 마커 등으로 X자 표시 하여 사진 요청",양숙랑 Grace 글로벌CX전략팀,"Mar 27, 12:23 PM
프로님. 아래 '내부 규정임' 을 제외하면 좋겠습니다.
1. 고객 불편 유감
2. 황변의 경우, 고객 사용 습관, 환경, 외부 요인 등에 의해 발생 가능하여 제조상 결함이 아님 안내
3. 제품 재사용으로 인한 고객 불편함을 없애기 위함 또한 제품을 반품하지 않고 즉시 환불로 도움 드리기 위함임 
4. 제품에 마커 등으로 X자 표시 하여 사진 첨부해 주시면 빠른 도움 드리도록 하겠음
Mar 27, 12:23 PM"
김지우 Kevin 글로벌CX전략팀,https://spigenhelp.zendesk.com/agent/tickets/1000141798,"링크: https://spigenhelp.zendesk.com/agent/tickets/1000141798
국가 / 제품: IT / Apple Watch WBF1 패브릭 스트랩
ASIN=B0FF7H5ZL2 / SKU=AMP10144
구매일자: 2026-03-15","1차: Apple Watch WBF1 스트랩 사용 후 얼마 되지 않아 제품 약해지고 손상 발생 주장 (사진 첨부) → 바코드 사진 및 파손 경위 문의
2차: 패키지 사진 제출, 일반 사용 중 세 번째 착용만에 휘어지고 비뚤어짐 주장 → 외부 요인에 의한 변형으로 도움불가 1차 안내 (이전 다수 예외 도움 이력 언급)
3차(현재): 스트랩이 시간이 지나며 저절로 구부러진다 주장, 아마존 반품 기간 경과로 자체 반품 불가 → 재차 클레임 지속","구매 경과: 구매일자 미입력으로 확인 불가
(최근 2년) 총 주문 5개 / FBA 환불 4건 / 셀러 환불 2건 / MCF 발송 0건
사진 제출됨 (패키지 바코드 및 파손 상태 사진 첨부)
2개 상이한 아마존 계정 사용 이력 확인 (복수 계정 패턴)
이전 환불 이력: #1000065788 (iPhone 15 Pro Max LA케이스 늘어남 → 100% 환불), #1000091812 (Apple Watch Lite Fit 스트랩 파손 → 100% 환불)
※ 위 근거로 ""사용 중 외부 요인에 의한 변형으로 제조상 결함 확인 불가, 이전 다수 예외 도움 이력 고려 → 도움불가 2차 안내"" 예정","1. 고객 상황에 대해 유감
2. 사용환경 및 외부 영향에 따른 변형은 워런티 대상이 아님
3. 도움 불가 2차 안내",나아름 Jane 글로벌CX전략팀,"Mar 27, 2:37 PM
@
김지우 Kevin 글로벌CX전략팀
 어떻게 제품이 저절로 구부러지는지가 의문이네요...프로님 작성하신대로 도움불가 2차 안내 부탁드립니다!
Mar 27, 2:37 PM"
임영신 June 글로벌CX전략팀,https://spigenhelp.zendesk.com/agent/tickets/1000141696,"https://spigenhelp.zendesk.com/agent/tickets/1000141696
국가 / 제품: IN / Spigen Ultra Hybrid MagFit Back Cover Case Compatible with iPhone 17 (TPU + Poly Carbonate | Clear White)
ASIN: B0FD2K58MF
구매일자: 2026-02-07","1차: iPhone 17용 UH MagFit 케이스를 정상적으로 사용했으나 황변되었고 황변 방지 소재의 결함으로 생각됨. 대체품 요청
-> 폐기사진 1차 요청 (이후 환불)
2차: (페기 사진 1차 요청) 후 제품을 반품하겠음. 제품 페기는 본인의 일이 아니므로 직접 하길 바람
-> 폐기사진 2차 요청
3차: 자신은 제품에 손상을 입히기 원치 않으니 담당자 측에서 직접 회수 요청. 동일한 내용을 다시 요청하지 말아 주길 부탁드리며 다른 해결책을 요청함.
-> 폐기사진 3차 요청
4차: 제품 설명에는 황변되지 않는다고 명시되어 있으나, 이미 케이스에서 황변이 확인됨. 이전에 지원팀에 문의했을 때 환불 처리를 위해 제품을 의도적으로 손상시키고 사진을 제출하라는 안내를 받음. 구매 시 이러한 조건은 안내되지 않았으며, 제품을 손상시키는 것에는 동의하지 않음. 제품이 설명된 품질을 충족하지 않으므로, 반품 픽업을 진행하고 전액 환불 처리해 주시길 요청.  마지막 메세지이며, 해결되지 않을 경우 소비자 보호 법원에 법적 조치를 취하고, 소셜 미디어 인플루언서를 통해 문제를 제기할 것.",(최근 2년) 총 주문 제품 1개 / FBA 환불 제품 0개 / 셀러 환불 0건 / MCF 발송 0건,"고객 불편 유감
황변의 경우, 고객 사용 습관, 환경, 외부 요인 등에 의해 발생 가능하여 제조상 결함이 아님 안내
제품 재사용으로 인한 고객 불편함을 없애기 위함 또한 제품을 반품하지 않고 즉시 환불로 도움 드리기 위함임
제품에 마커 등으로 X자 표시 하여 사진 첨부해 주시면 빠른 도움 드리도록 하겠음
Mar 27, 4:56 PM",,
김지우 Kevin 글로벌CX전략팀,https://spigenhelp.zendesk.com/agent/tickets/1000142201,"링크: https://spigenhelp.zendesk.com/agent/tickets/1000142201
국가 / 제품: DE / ArcDock Pro 14 in 1 Docking Station (PD2307)
ASIN=B0CDGCGLPQ / SKU=ACA06518
구매일자: 2025-07-16","1차: DP 연결 모니터 신호 미출력 → 추가 정보 및 영상 요청
2차: 양쪽 DP 포트 모두 미작동 및 환경 변화 없음 주장 → 사용 환경 및 설정 안내
3차(현재): 기존 정상 사용 후 갑작스런 DP 인식 불가 + HDMI 간섭 증상까지 발생 → 제품 결함 주장 및 불만 표출","구매 약 8개월 경과
(최근 2년) 총 주문 2개 / FBA 환불 0건 / 셀러 환불 0건 / 셀러 코드 발급 0건
영상 첨부로 DP 포트 2개 모두 미인식 확인, HDMI 간섭 현상까지 언급 → 기능 이상 주장 신뢰도 높음
내부 기준상 장기간 사용 후 발생 + 환경/설정 변수 존재 → 제조상 결함 단정 어려움
타고객 유사 전례 (#1000111876) 도킹스테이션 포트 미작동 → 환불 처리 사례 존재
※ 위 근거로 “제조상 결함 확인 불가, 고객 불편 고려 환불” 예정","제품 사용 중 불편을 겪으신 점 유감
영상 확인 결과 제조상 결함은 확인되지 않았음
고객 불편을 고려하여 환불 도움 예정",나아름 Jane 글로벌CX전략팀,"Mar 27, 5:28 PM
@
김지우 Kevin 글로벌CX전략팀
 프로님, 고객이 명확하게 이슈 영상을 보내주셨네요.. 영상 확인했습니다. 작성하신대로 환불 도움 부탁드립니다!
Mar 27, 5:28 PM"
김지우 Kevin 글로벌CX전략팀,https://spigenhelp.zendesk.com/agent/tickets/1000142363,"링크: https://spigenhelp.zendesk.com/agent/tickets/1000142363
국가 / 제품: NL / Galaxy S23 SP_Glas.tR
 EZ Fit Slim
ASIN=B0BMFLX891 / SKU=AGL05958
구매일자: 2025-07-31","1차: 글라스 1장 파손(초기 불량 주장) → 100% 환불 처리
2차: 동일 제품 2장 모두 파손 주장 → 100% 환불 처리
3차(현재): 낙하/충격 없이 사용 중 균열 발생 주장(사진 제출) → 제품 검토 요청","구매 약 7개월 경과
(최근 2년) 총 주문 11개 / FBA 환불 1건 / 셀러 환불 2건 / 셀러 코드 발급 0건
사진상 사용 중 발생한 크랙 형태로 확인되며, 외부 영향 가능성 높음
GCX 기준상 장기간 사용 후 파손은 워런티 대상 아님 (사용 중 손상)
타고객 유사 전례: 글라스 파손 케이스 → 외부 요인 판단 후 도움 불가
충성 고객 아님 (주문 대비 환불 비율 높음 + 반복 환불 이력)
동일 제품 및 유사 사유로 2회 환불 이력 존재 (지속적 환불 요청 ESC 이력 포함)
※ 위 근거로 “사용 중 손상으로 판단되어 도움 불가” 예정","고객 상황에 대한 유감 표현
사진 확인 결과, 사용환경 및 외부 영향에 의한 파손으로 사료되며 제조상 결함은 확인되지 않음
도움 불가",나아름 Jane 글로벌CX전략팀,"Mar 30, 11:08 AM
@
김지우 Kevin 글로벌CX전략팀
 프로님, 이전 셀러환불 이력 2건 확인했습니다. 글라스가 자동으로 파손되었을 가능성은 매우 낮으므로 작성하신대로 처리 부탁드리겠습니다!
Mar 30, 11:08 AM"
김지우 Kevin 글로벌CX전략팀,https://spigenhelp.zendesk.com/agent/tickets/1000142470,"링크: https://spigenhelp.zendesk.com/agent/tickets/1000142470
국가 / 제품: IN / iPhone 15 Pro Max SP_Glas.tR
 EZ Fit Slim
ASIN=B0C9S24VV8 / SKU=AGL06872
구매일자: 2025-12-23","1차: 글라스 자연 균열 주장 → 50% 환불 처리
2차: 두 번째 글라스 낙하 후 파손 → 도움 불가 안내
3차: 경미한 낙하였으며 내구성 문제 주장, 부분 환불/크레딧 요청 → 도움 불가 재안내
4차(현재): 동일 주장 반복 및 관리자 검토 요청 → 부분 보상 재요청","구매 약 3개월 미만 경과
(최근 2년) 총 주문 1개 / FBA 환불 0건 / 셀러 환불 0건 / 셀러 코드 발급 0건
고객이 “낙하 발생” 명확히 인정 → 외부 영향에 의한 파손 케이스
사진상 크랙 및 스크래치 동반 → 사용 중 손상 정황 명확
1차에서 이미 50% 환불 제공된 이력 존재 (동일 주문건 추가 보상 요청)
GCX 기준상 낙하/충격으로 인한 파손은 워런티 대상 아님
추가 보상 시 이중 보상 및 악용 가능성 존재
※ 위 근거로 “사용 중 손상 + 기 보상 완료 건으로 추가 도움 불가” 예정","고객 상황에 대한 유감 표현
기기 낙하 등 제품 사용에 의한 파손은 워런티 대상이 아님
워런티 도움 불가",나아름 Jane 글로벌CX전략팀,"Mar 30, 11:10 AM
@
김지우 Kevin 글로벌CX전략팀
 글라스 1장에 대한 예외적 도움 50% 환불 후에도 남은 50% 환불을 요구하는 고객으로 확인했습니다.
도움불가 3차 안내 후, 재인입 시 NRN 처리 부탁드립니다.
Mar 30, 11:10 AM"
김지우 Kevin 글로벌CX전략팀,https://spigenhelp.zendesk.com/agent/tickets/1000142144,"링크: https://spigenhelp.zendesk.com/agent/tickets/1000142144
국가 / 제품: NL / (New Biz) EV25MFAQ
ASIN=B0FPTKNYP3 / SKU=ACP10511
구매일자: 2026-03-22","1차: 동봉된 USB-C 케이블 불량 주장 → 영상 및 바코드 요청
2차(현재): 정품 케이블 미작동 + 타 케이블 정상 작동 영상 제출 → 제품 검토 요청","구매 약 8일 경과
(최근 2년) 총 주문 1개 / FBA 환불 0건 / 셀러 환불 0건 / 셀러 코드 발급 0건
영상상 동봉 케이블 사용 시 전원 미인가(LED 미점등) 확인
동일 환경에서 타 케이블 사용 시 정상 작동 → 케이블 단일 불량 가능성 높음
초기 사용 단계에서 발생한 기능 불량으로 고객 불편 명확
신규 제품군(New Biz)으로 초기 품질 이슈 가능성 고려 필요
※ 위 근거로 “구성품 불량으로 고객 불편 고려 100% 환불” 예정","제품 사용 중 불편을 겪으신 점 유감
확인 결과 제조상 결함은 발견되지 않았으나, 고객 불편을 고려하여 100%환불로 도움 예정",나아름 Jane 글로벌CX전략팀,"Mar 30, 11:30 AM
@
김지우 Kevin 글로벌CX전략팀
 프로님, 영상 확인했습니다. 작성하신대로 도움 부탁드립니다!
Mar 30, 11:30 AM"
임영신 June 글로벌CX전략팀,https://spigenhelp.zendesk.com/agent/tickets/1000142565,"https://spigenhelp.zendesk.com/agent/tickets/1000142565
국가 / 제품: UK /Spigen Glas.tR
 EZ Fit Anti Glare Tempered Glass Screen Protector for Tesla Model 3(2026-2024), Model Y Standard(2026-2025), Model Y Premium (2025) 15.4inch, 1 Pack, Matte, Anti Glare, Anti FingerPrint
ASIN: B0CHV4WP2C
구매일자: 2026-03-21","1차: 부착 과정에서 본인의 차량이 업데이트된 16인치 화면이라는 것을 알게됨. 차량에 맞지 않는 글라스를 구매한 것이 본인의 실수임은 알고 있지만,  반품 가능 여부 문의 (여러 차례 사과)",(최근 2년) 총 주문 제품 14개 / FBA 환불 제품 0개 / 셀러 환불 0건 / MCF 발송 0건,"고객 불편 유감
반품 대상은 미개봉한 제품에 한정 안내 + 고객의 주문 실수는 당사에서 도움 제공 요건에 불포함+그러나 고객 불편 고려하여 매우 예외적으로 환불 도움 드리고자 함
16인치 화면용 제품은 4월 중순 출시될 예정임 + 앞으로도 슈피겐 제품에 대한 지속적인 관심과 사용 부탁 드림
Mar 30, 2:26 PM",,